Unnamed: 0,ID,Date,Date Known,Longitude,Latitude,Number Avalanches Seen,Above Treeline,Aspect,Avalanche Type,Trigger Type,sizeR,sizeD,Area,Extra Location Details,Description,Extra Comments,treeline_loc,avy_type,x,y
0,2955d281-07b0-4fc1-ab4c-9e8d9cdbb169,2025-03-30, Known,-105.8925128,40.5208158, 1,>TL, NE,SS, N, R2, D2, Front Range, Mt. Braddock - Location: 40.18200 -105.91475 | 11644 ft | 2:25 PM (observed) ,   , -,Above Treeline,Soft Slab,-43694.32502584268,4914149.082930123
1,c1ec4d71-3ac2-4937-8674-1713d7d596c4,2025-03-30, Known,-105.7898892,39.8041827, 1,>TL, N,SS, AS, R1, D1, Front Range, -, -, -,Above Treeline,Soft Slab,-32270.318130470496,4810168.685484597
2,27c5041f-e73c-4064-9dde-90b11fdd021b,2025-03-30, Estimated,-105.8211728,39.6442214, 1,>TL, N,SS, AS, R1, D1, Front Range, -, -, -,Above Treeline,Soft Slab,-35752.79255265037,4787108.706947869
5,fcc2a614-e4f6-4b0c-9d67-fedc14f7ae99,2025-03-30, Estimated,-105.7274507,39.8402827, 1,All, NE,SS, N, R2, D1.5, Front Range, -, -, -,Across Zones,Soft Slab,-25319.696104573864,4815380.323775218
6,dddbaa7b-2235-4567-9d62-87f2a6f29551,2025-03-30, Estimated,-106.3802589,38.8697456, 1,>TL, E,U, U, U, U, Sawatch, Cottonwood pass, -, -,Above Treeline,Unreported,-97989.97251424764,4676212.288366839
7,-,2025-03-30, Known,-107.051537,38.98374, 1,>TL, SE,SS, AS, R1, D1, Gunnison, -, -, Skier-triggered Wind Slab about 8 inches deep (the new snow since Friday).,Above Treeline,Soft Slab,-172716.30878692344,4692457.876525056
8,2e2a043d-bf7d-4fa5-8deb-5e3b4fa71093,2025-03-29, Known,-106.5617408,38.8190131, 1,<TL, N,WS, N, R2, D2, Gunnison, Mile marker 10.2, Dozens of small wet avalanches ran in places with a very shallow snowpack. These all ran on north to east-facing terrain below treeline in very steep rocky terrain., -,Below Treeline,Wet Slab,-118192.44521044185,4668990.7376223225
9,03ce5234-a60f-4e6b-8d31-f9307604a066,2025-03-29, Known,-106.812513,39.005366, 1,TL, E,WL, N, R2, D2, Aspen, Greg Mace Peak, What appears to be a large loose wet avalanche observed from a party touring near the Lindley Hut, -,At Treeline,Wet Loose,-146108.27881955134,4695542.818310966
10,54665f74-09b5-4e21-b3ce-952bbfcc033f,2025-03-29, Known,-105.8608943,39.7178455, 1,>TL, SW,SS, AS, R1, D1, Front Range, -, -, -,Above Treeline,Soft Slab,-40174.56970619432,4797715.640914068
11,e7a57e0b-25c0-480b-be7c-7705b81abae3,2025-03-29, Known,-105.8222585,39.7253887, 1,>TL, N,SS, AS, R1, D1, Front Range, -, -, -,Above Treeline,Soft Slab,-35873.65212380467,4798803.024692906
12,c4348854-4def-4189-89f6-336054650d41,2025-03-29, Known,-105.668747,40.309934, 2,>TL, SE,WL, N, R1, D1, Front Range, -, -, -,Above Treeline,Wet Loose,-18784.83011289217,4883435.887154708
13,85cd9bc2-e8d4-4de8-b7b6-941a00d74c60,2025-03-29, Known,-105.9011928,40.5139656, 1,TL, NE,WL, AS, R1, D1, Front Range, The Wave, -, -,At Treeline,Wet Loose,-44660.57820592787,4913149.880847537
14,50cce72f-3215-4fc0-b98f-b1335e885058,2025-03-29, Estimated,-106.1338482,40.3345474, 3,TL, NE,WL, N, R1, D1, Steamboat & Flat Tops, -, I saw recent very small loose-wet avalanches on a NE facing slope NTL in the distance, -,At Treeline,Wet Loose,-70559.65886423376,4887015.6322320765
15,6353f08e-96fb-4fed-ac71-528ed7d377c7,2025-03-29, Known,-105.8893039,39.6700376, 1,>TL, E,SS, AS, R1, D1, Front Range, -, I triggered one small Wind Slab avalanche. Notable was the lack of avalanche activity around Loveland Pass. There were some small loose snow avalanches out of the steepest and rockiest terrain. I thought I may see some rollerballs out of low-elevation northerly terrain towards the bottom of the pass but I did not., -,Above Treeline,Soft Slab,-43337.11191183542,4790826.717898004
16,963ebb81-e6af-449f-b331-ab36f9c51f46,2025-03-29, Known,-105.0621082,38.8567602, 2,>TL, NE,SS, AF, R1, D1.5, Front Range, French creek area called the wall. ," French creek """"the wall area"""" mile 17 of pikes peak highway east northeast aspect 13 k in elevation 2 miles south of Pikes Peak summit. ", -,Above Treeline,Soft Slab,48745.892198550035,4674363.378727094
18,62cd17e3-1894-4df7-971f-789e5a48bceb,2025-03-29, Estimated,-106.3853532,39.6876353, 1,TL, NE,SS, AS, R1, D1, Vail & Summit County, -, -, -,At Treeline,Soft Slab,-98557.06739619536,4793361.915311179
19,d827e019-0dec-4fb0-8653-e0c1be69459f,2025-03-29, Estimated,-105.8425465,39.6434866, 2,>TL, NE,L, AS, R1, D1, Vail & Summit County, -, -, -,Above Treeline,Loose,-38132.10195301777,4787002.9026211975
20,a57465ed-f10c-4b0b-be06-3aa5cdd038cf,2025-03-29, Known,-105.6765806,39.8960554, 1,TL, NE,SS, AS, R1, D1, Front Range, -, -, -,At Treeline,Soft Slab,-19656.86247596957,4823437.477048875
21,f196e47d-51cd-4578-b567-9dc7dcdf3e95,2025-03-29, Known,-105.5886119,39.9783202, 1,<TL, -,WL, N, R1, D1, Front Range, -, -, -,Below Treeline,Wet Loose,-9864.231586224967,4835333.861010808
23,5b4faa15-3191-4d2a-a733-a10f9a35f231,2025-03-29, Estimated,-105.8891785,39.7735978, 1,>TL, E,SS, AS, R1, D1.5, Front Range, -, -, -,Above Treeline,Soft Slab,-43323.152447689696,4805755.401784779
25,04718f65-6dcd-49c8-b5cd-f40b67c7e85f,2025-03-29, Estimated,-105.7876136,39.8072472, 1,TL, NE,SS, AS, R1, D1, Front Range, -, -, -,At Treeline,Soft Slab,-32016.999497219844,4810610.99010867
26,b47ce85d-69e4-4f2a-a138-534338d10238,2025-03-29, Estimated,-105.6621479,40.3046179, 1,>TL, E,WL, AS, R1, D1, Front Range, -, -, -,Above Treeline,Wet Loose,-18050.221661197193,4882662.892257555
27,925e3e63-e45f-4fae-8141-52e5de173808,2025-03-29, Estimated,-106.0754469,39.7954985, 1,U, NE,WL, AS, R1, D1.5, Vail & Summit County, -, -, -,Below Treeline,Wet Loose,-64058.45588656822,4808915.38768908
29,cd3dc6dc-4681-4785-a174-78e57f75f1a5,2025-03-29, Known,-105.6729834,40.3065367, 1,>TL, N,SS, N, R1, D1, Front Range, -, -, -,Above Treeline,Soft Slab,-19256.42400369,4882941.890962681
35,c2779252-9fc2-4702-a888-3b86c6f8a5dc,2025-03-28, Known,-106.1413303,39.4186487, 1,TL, S,WL, AS, R1, D1, Vail & Summit County, -, -, -,At Treeline,Wet Loose,-71392.56242629839,4754681.373345395
36,d6f451f9-63e0-46dc-9ee7-6e2563babf25,2025-03-28, Estimated,-106.4204216,38.8280177, 1,TL, NE,HS, U, R3, D2, Sawatch, -, -, -,At Treeline,Hard Slab,-102460.86382712919,4670272.124443352
37,cb87fb55-3d34-4741-95a4-f06b75c0b051,2025-03-28, Estimated,-106.8997404,39.0535122, 1,>TL, E,WL, N, R1, D1.5, Aspen, Hunter Peak, Observed several small to large Loose Wet avalanches and some Wet Slabs around the Castle Creek and Conundrum Creek drainages., -,Above Treeline,Wet Loose,-155818.3885707726,4702414.274385581
39,4b882863-8874-461d-ab8c-0529b32f5145,2025-03-28, Estimated,-107.2037469,39.0310314, 3,<TL, NW,G, N, R3, D1.5, Aspen, Above the summer trail west of Anthracite pass, Observed a few Loose Wet and Glide avalanches from this past week's warm up., -,Below Treeline,Unreported,-189660.23734861755,4699205.213143989
40,ee66a286-414e-4c19-a95d-c79222a8692b,2025-03-28, Estimated,-106.731503,39.0085362, 3,TL, E,WS, N, R2, D2, Gunnison, Brown Mountain in Little Italian Basin, -, -,At Treeline,Wet Slab,-137090.28687038893,4695995.126186334
43,586b0ca7-4c76-436b-b269-3d5d69dde516,2025-03-27, Estimated,-105.7144551,39.6697532, 1,TL, N,WS, N, R2, D2, Front Range, -, -, -,At Treeline,Wet Slab,-23873.032530019707,4790785.751403784
44,f84f91d2-6c04-4a17-ae90-ae50a6314b91,2025-03-27, Estimated,-107.7316493,37.8903003, 1,>TL, N,L, U, R1, D1, Northern San Juan, Coin slot , -, This is a popular ski area. Do not know if it was a human trigger or natural. ,Above Treeline,Loose,-248426.06370516552,4537695.545269101
45,cb87fb55-3d34-4741-95a4-f06b75c0b051,2025-03-27, Estimated,-106.8308357,39.0902263, 1,<TL, E,WS, N, R2, D2, Aspen, South of the Twin Chutes, Observed several small to large Loose Wet avalanches and some Wet Slabs around the Castle Creek and Conundrum Creek drainages., -,Below Treeline,Wet Slab,-148147.95245350956,4707657.308159565
46,cb87fb55-3d34-4741-95a4-f06b75c0b051,2025-03-27, Estimated,-106.8260785,39.1004163, 5,<TL, E,WL, N, R2, D1.5, Aspen, Castle Creek, Observed several small to large Loose Wet avalanches and some Wet Slabs around the Castle Creek and Conundrum Creek drainages., -,Below Treeline,Wet Loose,-147618.3833719076,4709113.000123892
47,cb87fb55-3d34-4741-95a4-f06b75c0b051,2025-03-27, Estimated,-106.8094606,39.0823322, 4,<TL, NE,WL, N, R2, D2, Aspen, Castle Creek, Observed several small to large Loose Wet avalanches and some Wet Slabs around the Castle Creek and Conundrum Creek drainages., -,Below Treeline,Wet Loose,-145768.48720585412,4706529.7426248435
48,cb87fb55-3d34-4741-95a4-f06b75c0b051,2025-03-27, Estimated,-106.7197298,39.1061802, 2,TL, NW,WL, N, R2, D2, Aspen, Mt Shimer, Observed several small to large Loose Wet avalanches and some Wet Slabs around the Castle Creek and Conundrum Creek drainages., -,At Treeline,Wet Loose,-135779.70024138063,4709936.495701436
49,48e58097-2a8b-45c8-aefd-a4e4e61dae52,2025-03-27, Estimated,-107.2164141,39.0572103, 1,<TL, NE,WL, N, R1, D1.5, Aspen, Raspberry Creek, Observed several small to large Loose Wet avalanches, -,Below Treeline,Wet Loose,-191070.3436023948,4702942.2647819
50,48e58097-2a8b-45c8-aefd-a4e4e61dae52,2025-03-27, Estimated,-107.2410705,39.0715799, 3,<TL, NE,WL, N, R1, D2, Aspen, Between Milton and Rapid Creek above the Crystal River, Observed several small to large Loose Wet avalanches, -,Below Treeline,Wet Loose,-193815.0814951905,4704994.126423406
53,48e58097-2a8b-45c8-aefd-a4e4e61dae52,2025-03-27, Estimated,-107.1954947,39.0672136, 3,<TL, N,WL, N, R3, D1.5, Aspen, Steep slopes at the very bottom of the Carbonate Avalanche Path above the Crystal River, Observed several small to large Loose Wet avalanches, -,Below Treeline,Wet Loose,-188741.6066466942,4704370.609872722
55,907a918b-5861-48d0-89a0-72ae9fa7f468,2025-03-27, Estimated,-106.1175523,39.5825157, 1,<TL, E,WL, N, R2, D2, Vail & Summit County, -, -, -,Below Treeline,Wet Loose,-68745.6075742144,4778227.607510828
56,93f300b1-6f77-4dad-971b-283c52fc30fe,2025-03-27, Estimated,-106.3124048,39.6709709, 1,>TL, SE,WS, N, R1, D1.5, Vail & Summit County, -, -, -,Above Treeline,Wet Slab,-90436.48865401103,4790961.156606482
57,cf8770ba-4e90-470a-a47d-9a0e48f41185,2025-03-27, Estimated,-106.2160102,39.2794025, 2,>TL, E,SS, N, R2, D2, Sawatch, -, -, -,Above Treeline,Soft Slab,-79705.89086679007,4734716.746773857
58,b5656b53-2eee-431f-b705-c2c698774a4c,2025-03-27, Estimated,-106.8197145,38.8330167, 1,<TL, NW,WS, N, R2, D2, Gunnison, Near Horse Basin, -, -,Below Treeline,Wet Slab,-146909.94613249938,4670983.570578302
59,c980b30a-ff9d-4577-83ac-0f8a48015b11,2025-03-27, Estimated,-106.1502136,39.513477, 2,<TL, E,WL, N, R2, D1, Vail & Summit County, -, Several additional wet avalanches in the Copper Exit / Wheeler Flat area that ran on Thursday, -,Below Treeline,Wet Loose,-72381.44685886128,4768300.535840539
64,ca66111f-9975-4e26-90ab-f576f483aec7,2025-03-27, Estimated,-106.8821747,39.1150431, 1,>TL, E,WL, N, R1, D2, Aspen, Pyramid Peak, Observed some very small Loose Wet avalanches from last week's warm up and one larger debris pile likely from a Loose Wet avalanche near Pyramid Peak but could only see the debris., -,Above Treeline,Wet Loose,-153862.9837913453,4711202.881726777
66,ec07e9e1-9e4d-48d3-a8c6-0628e102a6c9,2025-03-27, Estimated,-106.948299,38.801711, 6,<TL, E,WL, N, R2, D1.5, Gunnison, -, Numerous gouging wet avalanches ran in northeast and east-facing below treeline terrain on Whetstone Mountain during the late March warm-up., -,Below Treeline,Wet Loose,-161223.90719640767,4666529.045224596
67,0a6a713c-6296-4e99-9e11-75207391200d,2025-03-27, Estimated,-107.070083,38.995384, 1,<TL, NE,WS, N, -, D2, Aspen, -, Numerous small wet loose avalanches from the past few days on E S W aspects.  Wet loose activity expanded to NE aspects yesterday and today mostly BTL with a few tiny ones N/ATL.  A couple of recent long running wet loosies on Cinnamon were borderline D2s.  A wet loose on Schuylkill Ridge triggered a fresh D1.5 slab.  Adding a few previously undocumented old wet slabs from the March Meltdown., An old wet slab likely ran between 3/26 and 3/28 during the peak warmup.,Below Treeline,Wet Slab,-174780.8400631755,4694118.771198381
69,1e441310-91f9-46a4-9c06-e9528b00ee64,2025-03-27, Known,-106.945459,38.891103, 1,<TL, E,WS, N, -, D2, Gunnison, -, A handful of large wet slabs ran either today or yesterday on easterly aspects N/BTL on weak layers near the ground. ENE seemed to be the sweet spot.  The Gibson Ridge slide ran sometime between 2:30 and 3:25 p.m. today.   Of course there are lots of undocumented wet loose avalanches; difficult to pin down the timing I'm coding just a few of the larger/fresher looking ones., The Gibson Ridge slide ran sometime between 2:30 and 3:25 p.m. today started as a full depth wet loose propagated mid track.,Below Treeline,Wet Slab,-160907.75984255385,4679253.975295587
76,e6c9c3d5-e1aa-4d96-9014-ccbfe17f9bdb,2025-03-26, Estimated,-108.0901093,37.9286802, 1,TL, E,HS, N, R3, D3, Northern San Juan, -, Texted to forecaster. A very large natural avalanche on the east-face of Little Cone west of Telluride. It seems that this slide may have released several days ago during the peak of the recent warmup. The avalanche failed near treeline and the crown wraps from east to northeast at approximately 11700'.  , -,At Treeline,Hard Slab,-288329.6483749218,4543088.038554477
77,e9c26f90-c1f2-43af-a83e-115c316a4218,2025-03-26, Estimated,-107.7961165,37.8674887, 1,TL, NE,WL, N, R1, D1, Northern San Juan, -, Several Loose Wet avalanches not previously documented. Also I observed a Wet Slab avalanche in northeast below treeline terrain that looks like it was triggered by a Loose Wet avalanche possibly yesterday. The first wet slab observed in this area so far during this warmup. , -,At Treeline,Wet Loose,-255602.51958203322,4534491.7887664605
79,b1ac96df-0a55-4afd-9a9f-82d879350e72,2025-03-26, Known,-106.9342474,39.1644456, 1,TL, E,WL, N, R1, D2, Aspen, Widowmaker, Loose Wet avalanche that gouged deeper breaking some small chunks of slab down with it between 1240 and 1250, Pulled some slabs down with it,At Treeline,Wet Loose,-159659.69023957694,4718264.760971805
80,cb87fb55-3d34-4741-95a4-f06b75c0b051,2025-03-26, Estimated,-106.8729935,39.121914, 1,TL, E,WS, N, R1, D2, Aspen, Shredder Basin, Observed several small to large Loose Wet avalanches and some Wet Slabs around the Castle Creek and Conundrum Creek drainages., -,At Treeline,Wet Slab,-152840.9372824754,4712184.748954583
81,7996247c-c080-4738-9a7d-de6605b90d1c,2025-03-26, Estimated,-107.6860154,37.8804269, -,>TL, E,WS, N, R2, D2, Northern San Juan, Commodore/Spirit split. , Upper near treeline elevation bands on large east-facing slopes. Commodore size is unknown but estimating at least a D2 due to what appears to be a failure near or at ground. McMillan is estimate by observer who could makeout small trees mixed in the debris. , Unknown size but estimate it to be at least a D2,Above Treeline,Wet Slab,-243346.12119425437,4536308.760871653
82,801528b2-a333-4c6e-97fb-13201a7acb51,2025-03-26, Estimated,-106.5124409,39.5483955, 1,>TL, NE,C, N, R2, D2, Vail & Summit County, -, There was a fresh cornice fall avalanche off the main ridge. , -,Above Treeline,Cornice,-112704.40544628343,4773320.221081158
83,06b711d9-ffa1-41b7-8bc7-a88a83e5cda5,2025-03-26, Estimated,-106.3574499,38.8484393, 5,>TL, E,L, N, R2, D2, Sawatch, Steep slopes near or below cliffs and rocky bands., Numerous Loose Wet avalanche activity throughout the visible area. Ranging from D1 to a few D2s on mainly East and Southeast aspects of West Apostle Pk., -,Above Treeline,Loose,-95450.88624874396,4673178.796894564
84,b42fe6f0-9812-4165-ad41-0a829034e66b,2025-03-26, Estimated,-106.8002254,37.4913874, 2,>TL, S,WS, N, R1, D2, Southern San Juan, -, -, -,Above Treeline,Wet Slab,-144740.4294444803,4481813.866114823
85,9ad96ca4-ef22-4ea3-83d9-f23d203df626,2025-03-26, Estimated,-106.3151267,39.4369406, 1,<TL, W,WL, N, R1, D1, Vail & Summit County, -, -, -,Below Treeline,Wet Loose,-90739.48917600005,4757306.985467436
88,1d63616a-0239-4b8a-bfe0-f10e59f0a152,2025-03-26, Estimated,-106.2447481,39.4883985, 1,>TL, NE,C, N, R1, D1.5, Vail & Summit County, -, Recent avalanche on Machine Gun Ridge. It's hard to tell if it was just cornice fall or if cornice fall triggered a slab., -,Above Treeline,Cornice,-82904.9792612578,4764696.962136783
89,852b5285-a5d6-4b56-9641-cc20ff5e005b,2025-03-26, Estimated,-106.4346418,39.0473505, 1,<TL, N,WL, N, R2, D1.5, Sawatch, -, -, -,Below Treeline,Wet Loose,-104043.84925010793,4701534.609290099
90,071ce471-0897-4546-95c1-b035fb2f003e,2025-03-26, Estimated,-106.2141523,39.5815821, 2,TL, SE,C, N, R2, D2, Vail & Summit County, -, Besides the avalanche I investigated there were two other large cornice fall avalanches. The cornices gouged out snow on the slope but did not trigger Persistent Slab avalanches. I also observed several small Loose Wet avalanches across the highway in the Big Marvin avalanche path (East Vail area). These may be a few days old., -,At Treeline,Cornice,-79499.07038484435,4778093.298763186
92,d2aaae6e-66d1-4c16-b4cf-64d1eacbd34f,2025-03-26, Estimated,-107.863884,37.7918529, 1,<TL, NE,HS, N, R2, D1.5, Northern San Juan, San Bernardo, -, -,Below Treeline,Hard Slab,-263146.3631743661,4523876.328842132
94,fb7da709-d47e-43b9-9305-8d20f7814db8,2025-03-26, Estimated,-107.6674555,37.8811695, 1,TL, NE,WS, N, R2, D2, Northern San Juan, McMillan Peak Georgia Gulch, I triggered a small avalanche on a northeast 40-degree convex roll near treeline. The avalanche was confined to the recent storm snow and moved slower than expected on the supportable crust beneath the new snow. No cracking observed in the new snow prior to the avalanche., -,At Treeline,Wet Slab,-241280.04257708098,4536413.057437937
95,a041e33d-c474-45ac-9a1d-e18cbc9f6c83,2025-03-26, Known,-107.121283,38.817623, 2,TL, SE,WL, N, -, D1.5, Gunnison, -, D1 to D2 wet loose activity from the past few days is too numerous to document or date confidently.  I'm coding the larger or fresh ones here.  We observed several run today.  Wet loose slides have occurred on all aspects except due north.  We triggered a few wet loose this afternoon; steep rocky SE slopes were gouging through most of the snowpack.  The only notable slab avalanche we observed was in the West Elk Wilderness - a large slab (appeared to be dry) on an east aspect that looks like it was triggered by a wet loose avalanche recently I'm guessing yesterday., Gouged through most of the snowpack about 30 to 45 cm here.,At Treeline,Wet Loose,-180480.39799179212,4668792.9359708335
97,-,2025-03-26, Known,-107.0298826,38.9045368, 1,TL, E,WS, N, -, D2.5, Gunnison, -, -, -,At Treeline,Wet Slab,-170305.7520054892,4681167.6680959985
98,-,2025-03-26, Known,-106.977388,38.828441, 1,TL, E,WS, N, -, D2, Gunnison, -, -, -,At Treeline,Wet Slab,-164462.0798640928,4670332.3655698355
99,69ad44c4-8ce9-460e-8db3-db0c0df214d5,2025-03-26, Estimated,-107.101499,38.895088, 4,TL, E,WL, N, -, D1, Gunnison, -, Numerous roller balls on all aspects as we chased the sun around our tenure. Several new surface WL naturals in the Ruby Range below rock bands but nothing significant., Numerous roller balls on all aspects as we chased the sun around our tenure. Several new surface WL naturals in the Ruby Range below rock bands but nothing significant.,At Treeline,Wet Loose,-178278.0531859369,4679821.614709251
105,-,2025-03-26, Estimated,-106.977807,38.9644808, 1,<TL, SE,-, N, -, D1.5, Gunnison, -, -, -,Below Treeline,Unreported,-164508.7227307355,4689711.357627772
108,5e7e2a3b-fe5a-408c-8468-4ddd76cbbc5d,2025-03-25, Estimated,-106.8341324,39.0409076, 2,>TL, SE,WS, N, R1, D1.5, Aspen, Near Cathedral Peak, A large avalanche on a southeast-facing slope that failed in the last 24 hours several smaller wet slabs on southeast-slopes near cliffs and lots of small loose wet avalanches on south-facing slopes, -,Above Treeline,Wet Slab,-148514.939418808,4700614.881862394
112,1144df06-ad82-43da-9b3e-10f4e13727b2,2025-03-25, Estimated,-107.8248924,37.8731443, 1,>TL, E,WL, N, R2, D2, Northern San Juan, Lizard Head east facing aprons. , A multitude of Loose Wet avalanches from the east end of San Miguel County mostly on southeast south and southwest aspects. , -,Above Treeline,Wet Loose,-258805.83811715082,4535285.991613158
113,2ef26d83-4bd6-4ce4-9e23-f5d5eb453ee5,2025-03-25, Known,-107.533651,38.0039635, 1,TL, NE,WL, N, R2, D2, Northern San Juan, North Henson Creek, -, -,At Treeline,Wet Loose,-226384.9937712327,4553673.823951046
114,8d9ef1bc-36dc-4dac-8f99-3bb4d5fe2023,2025-03-25, Estimated,-106.944139,39.1255706, 1,TL, NW,WS, N, R2, D2, Aspen, Willow Creek, A recent Wet Slab avalanche seen around noon on March 26 above Willow Creek., -,At Treeline,Wet Slab,-160760.81811470777,4712707.324764821
115,cb87fb55-3d34-4741-95a4-f06b75c0b051,2025-03-25, Estimated,-106.8469966,39.1414764, 1,<TL, W,WL, N, R2, D2, Aspen, Castle Creek Road, Observed several small to large Loose Wet avalanches and some Wet Slabs around the Castle Creek and Conundrum Creek drainages., -,Below Treeline,Wet Loose,-149946.97561227044,4714980.789222169
116,72217c17-ee37-4b7c-8a11-4624379ce93d,2025-03-25, Estimated,-107.8640312,37.7989859, 2,TL, E,WL, N, R1, D1, Northern San Juan, -, -, -,At Treeline,Wet Loose,-263162.7494034114,4524876.974703033
117,e0319866-d5ce-4347-958f-e15e1b8b2e1b,2025-03-25, Estimated,-107.5398988,37.8625748, 1,TL, NE,SS, N, R1, D1.5, Northern San Juan, CR2, A handful of avalanches from the last loading event and recent warming., -,At Treeline,Soft Slab,-227080.49568580976,4533801.791040708
118,dd659beb-1f69-40fb-b475-2db299fd0a0f,2025-03-25, Known,-106.1242949,39.5206821, 1,>TL, S,WL, N, R1, D2, Vail & Summit County, -, Large wet avalanche out of the Buck avalanche path, -,Above Treeline,Wet Loose,-69496.19037283765,4769336.091760847
119,2f8f4c45-9f94-409c-b224-4871877efb7a,2025-03-25, Known,-106.1513177,39.5152201, 2,<TL, E,WL, N, R2, D1.5, Vail & Summit County, -, A couple of avalanches in east-facing below treeline Wheeler Flats. One small loose wet in the Big Mike path. Monroe avalanche was coded elsewhere but a couple photos in here., -,Below Treeline,Wet Loose,-72504.35470864747,4768551.053667051
120,b41434e5-f8b5-4766-858f-aeed162d0934,2025-03-25, Estimated,-106.186689,39.3663772, 1,TL, SE,WS, N, R1, D1, Sawatch, -, One slab avalanche in the Zion 1 avalanche path and several small loose wet in a southeast-facing path above Delmonica Gulch. I called the Zion 1 avalanche a wet slab but ir's hard to know for sure., -,At Treeline,Wet Slab,-76441.86981334165,4747182.168202843
121,1f35e6f1-2d6b-4eb6-b03a-a5845aee976a,2025-03-25, Estimated,-106.2932278,39.6936703, 1,>TL, E,-, N, R3, D2, Vail & Summit County, -, -, -,Above Treeline,Unreported,-88301.71477906825,4794231.492331098
122,0d53e20e-3326-4210-a261-bbe31076393e,2025-03-25, Estimated,-106.2843047,39.6581067, 1,>TL, S,WL, N, R2, D1, Vail & Summit County, -, -, -,Above Treeline,Wet Loose,-87308.39983077213,4789108.273352424
123,3e6945db-8fd0-4e8f-8b5d-1b56deee3cf3,2025-03-25, Estimated,-106.2925095,39.6956975, 1,>TL, E,SS, N, R3, D2, Vail & Summit County, -, -, -,Above Treeline,Soft Slab,-88221.75398883053,4794523.606712915
124,f31a9172-17ee-40b9-97dc-5c67de578b35,2025-03-25, Estimated,-106.5546268,39.1045776, 4,>TL, SE,WL, N, R1, D2, Sawatch, Highway 82, South Ridge of Mountain Boy Peak SE ATL Choke Point of Twin Peaks ENE NTL, -,Above Treeline,Wet Loose,-117400.51835293851,4709707.523429097
126,9b5f7116-9603-4fdb-b405-3f2bd92f10b9,2025-03-25, Estimated,-106.2914902,39.6933171, 1,TL, E,WL, N, R1, D1, Vail & Summit County, -, -, -,At Treeline,Wet Loose,-88108.2860318661,4794180.597990855
128,3d94eb75-16f3-486b-b1e8-3b27055f9317,2025-03-25, Known,-106.2166203,39.5285762, 1,<TL, E,HS, AM, R1, D1, Vail & Summit County, -, -, -,Below Treeline,Hard Slab,-79773.80688812362,4770470.798806694
129,a886b7db-9b8e-4048-8139-3cc95a483798,2025-03-25, Estimated,-106.2133192,39.581577, 1,TL, E,-, N, R3, D2.5, Vail & Summit County, -, -, -,At Treeline,Unreported,-79406.33011706488,4778092.56507645
130,57357781-c38c-42ec-a35d-631a0562c854,2025-03-25, Estimated,-106.0815422,39.6297733, 2,<TL, E,G, N, R1, D1, Vail & Summit County, -, -, -,Below Treeline,Unreported,-64736.98157880016,4785028.523570067
135,47eba224-3594-4e6e-bdbf-30312a0b9b5f,2025-03-25, Known,-107.010175,38.952621, 1,<TL, E,SS, N, -, D2, Gunnison, -, Investigated a very large skier triggered avalanche (reported in separate ob) which started as a small wet slab on a SE aspect and triggered a mostly dry persistent slab on an E to NE aspect of the Spork.   See photos and video.  One of the Climax Chutes ran midday drone flight suggested this was a mostly dry slab with some surface wetting.   Frequent wet loose activity continued expanding to northeast aspects., One of the Climax Chutes ran midday drone flight suggested this was a mostly dry slab with some surface wetting.,Below Treeline,Soft Slab,-168111.91200873192,4688020.427951716
142,17ca7006-2277-4709-abaa-47418c99eea1,2025-03-25, Estimated,-107.099611,38.898643, 4,TL, SE,WL, N, -, D1, Gunnison, -, Numerous WL on all aspects as the sun ran around the compass. Nothing bigger than a D1.5 but most were non-destructive., Numerous WL on all aspects as the sun ran around the compass. Nothing bigger than a D1.5 but most were non-destructive.,At Treeline,Wet Loose,-178067.8819873181,4680328.030295109
147,-,2025-03-25, Known,-107.0079161,38.9522713, 1,>TL, E,SS, AS, R2, D3, Gunnison, -, -, Skier 1 traveled ski cut across the slope several very small loose released just off their ski tips with top 8-10cm of wet snow breaking on cold snow below. Skier 2 traveled in the same track as skier 1 about halfway across the slope a wet slab 10' wide broke below Skier 2. Skier 2 was not caught. The small pocket moved downhill and triggered a much larger wet slab. This avalanche was 200'-300' wide with a crown depth from 30-70cm.  CBAC notes: After a site investigation on 3/25 changed avalanche type from wet slab to soft slab because the main slab on east to northeast facing terrain was mostly dry. It entrained a significant amount of wet snow as it descended and wrapped to warmer aspects thus the debris was wet.  The initial shallow slab on a southeast aspect was wet.  We estimated the debris was large enough to destroy a car and adjusted the size from D2.5 to D3.,Above Treeline,Soft Slab,-167860.45241097864,4687970.573253025
152,44fafcdb-287b-412e-86d9-f7a643595fc2,2025-03-24, Known,-106.8225025,39.0519343, 1,TL, E,SS, AR, R2, D2, Aspen, Monument Peak, -, -,At Treeline,Soft Slab,-147220.3048728317,4702189.000684774
153,b44e2416-78f0-4b25-8928-b3e679e49aab,2025-03-24, Estimated,-106.8537368,39.0372542, 1,>TL, E,WS, N, R2, D2, Aspen, Cathedral Peak near the Black Pearl couloir, A very large avalanche in Conundrum Creek from the last few days several large avalanches along Hell-roaring ridge from the past week a large avalanche in Avalanche Creek a large avalanche estimated to be snowmobiler-triggered in Avalanche Creek a new Wet Slab avalanche near Cathedral Peak and better views of the avalanche incident on Monument Peak from yesterday., pulled out of steep cliffy terrain,Above Treeline,Wet Slab,-150697.29124411446,4700093.3946202
154,48184097-9e6c-493b-951c-a12ebab238c0,2025-03-24, Known,-105.8676776,39.6827479, 1,TL, NE,SS, N, R1, D1, Vail & Summit County, -, -, -,At Treeline,Soft Slab,-40929.68320809179,4792657.7509535095
155,b44e2416-78f0-4b25-8928-b3e679e49aab,2025-03-24, Estimated,-106.8941548,39.0527226, 1,>TL, NE,SS, N, R3, D3, Aspen, Near Hunter and Keefe Peak above Conundrum Creek, A very large avalanche in Conundrum Creek from the last few days several large avalanches along Hell-roaring ridge from the past week a large avalanche in Avalanche Creek a large avalanche estimated to be snowmobiler-triggered in Avalanche Creek a new Wet Slab avalanche near Cathedral Peak and better views of the avalanche incident on Monument Peak from yesterday., -,Above Treeline,Soft Slab,-155196.602422998,4702301.54410169
157,dbeab791-9ef0-448f-8ee0-fa35835cfa0a,2025-03-24, Known,-106.6850437,40.5435886, 1,<TL, SE,HS, AS, R1, D1, Steamboat & Flat Tops, -, -, -,Below Treeline,Hard Slab,-131918.46125177597,4917471.569492361
158,dbc76b83-d163-46dd-988b-560a92065f79,2025-03-24, Estimated,-107.543101,37.8638531, 1,<TL, NW,-, AS, R2, D1.5, Northern San Juan, -, -, -,Below Treeline,Unreported,-227436.96295922773,4533981.282311187
159,846e8641-91ac-42b7-8cb8-62e351746c0a,2025-03-24, Known,-107.3271885,39.7602795, 1,<TL, NE,SS, U, R1, D1, Steamboat & Flat Tops, -, We saw a couple of small wind slab avalanches. One was near White Owl Lake and one was above the cliffs of Blair Mountain. We observed a lot of steeper east and southeast terrain in the ravines of the Flat Tops and only saw rollerballs no wet avalanches., -,Below Treeline,Soft Slab,-203401.6934033257,4803834.23998028
160,e2ddbaa7-1b37-4f38-8664-821aadff9e0d,2025-03-24, Estimated,-107.1342254,39.0308576, 1,>TL, NE,HS, N, R2, D3, Aspen, Treasure Mountain above the Crystal River, Observed a fresh (with the last 2 days) very large (D3) avalanche off the north side of Treasure Mountain a recent large (D2) avalanche off Ragged Peak got a better look at the very large (D3) avalanche off Ragged Mountain (https://avalanche.state.co.us/report/b9815e2e-41aa-4c93-b25d-393d39f642b4) from less than a week ago and many Loose Wet avalanches on south-facing slopes., -,Above Treeline,Hard Slab,-181921.13936943447,4699180.407767299
161,7957f828-b7e2-4ed1-99d5-e45d27da33d9,2025-03-24, Known,-106.2357114,39.3351871, 1,>TL, E,HS, N, R2, D1.5, Sawatch, -, -, -,Above Treeline,Hard Slab,-81899.018418806,4742710.131371841
162,6696cec8-6ed0-49a0-992f-ffb3130cbbc3,2025-03-24, Estimated,-106.5517754,39.0691996, 1,>TL, SE,HS, N, R2, D1.5, Sawatch, -, I observed these today 3/24 but I suspect they occurred over last weekend. The look like they were triggered by cornice fall but I can't be 100% certain. , -,Above Treeline,Hard Slab,-117083.10195689142,4704654.209904738
165,-,2025-03-24, Known,-107.0039953,38.9545431, 3,TL, SE,WL, N, -, D2, Gunnison, -, -, Ran this afternoon. Debris triggered some persistent slabs in the gullies.,At Treeline,Wet Loose,-167423.99095147641,4688294.455016811
168,-,2025-03-24, Known,-106.9764082,38.9671427, 5,<TL, SE,-, N, -, D1, Gunnison, -, -, -,Below Treeline,Unreported,-164353.00902701225,4690090.9214261025
169,-,2025-03-24, Estimated,-106.967431,38.859355, 1,TL, E,WL, N, -, D1.5, Gunnison, -, -, -,At Treeline,Wet Loose,-163353.67169426478,4674732.808806086
181,ac8a591b-46b8-4e09-b830-8fd193fd32af,2025-03-24, Estimated,-107.008299,38.9525914, 1,TL, S,WL, N, -, D2, Gunnison, -, Skied a south facing slope on Gothic. We found great soft conditions around 10:15 at upper elevations. Mid and lower elevations this timeframe was a bit past prime.   We saw another group cut across a steep north east facing slope (very close to the ridge line) to access a south facing slope. While they traversed the caused a small loose/wet avalanche that grew quite large and triggered a slab avalanche. No one caught., -,At Treeline,Wet Loose,-167903.07664400365,4688016.208041963
185,47ee2aa6-9bd4-43ea-94c6-9cc98710c775,2025-03-23, Known,-107.6211713,37.8883293, 1,>TL, W,SS, AM, R2, D2, Northern San Juan, -, West face of Emery peak slid after 1 snowmobiler drove onto the upper bench onto a previously established snowmobile track. . Sled was approx 800ft away from the avalanche crown and was descending the bench when snow started moving. Was able to outrun it without a problem. Sympathetic release occurred on the South West face of Emery approx 300ft from the main slide., -,Above Treeline,Soft Slab,-236127.7090013062,4537418.690290716
187,8910161b-f55f-4f26-9a0d-ff11e56bce9e,2025-03-23, Known,-105.6165114,39.9496082, 1,<TL, NE,SS, AS, R1, D1, Front Range, The Nose, Left Chute Right Chute and the Nose all slid on ski cuts. , -,Below Treeline,Soft Slab,-12969.989719610527,4831180.156089613
188,6f9b4849-6190-4e94-b359-c59fa02524cb,2025-03-23, Estimated,-105.7805488,39.8009099, 1,TL, E,SS, AS, R2, D1.5, Front Range, -, -, -,At Treeline,Soft Slab,-31230.549558664792,4809696.338499125
189,3f012d6b-38aa-495a-8f79-d9023da039e8,2025-03-23, Estimated,-107.1738406,39.0188714, 1,TL, NW,SS, AU, R1, D1, Aspen, North face of Mount Justice, -, One of the few avalanche paths that has not slid very large yet this season.,At Treeline,Soft Slab,-186331.0832611079,4697469.841446105
190,96d621a5-170f-4480-bd94-b7196b7a7759,2025-03-23, Estimated,-105.87796,39.7863221, 1,>TL, N,SS, AR, R2, D1.5, Front Range, -, -, -,Above Treeline,Soft Slab,-42074.31474022585,4807591.229227687
191,155df625-f8ac-4ab8-aabb-01ab1191ab40,2025-03-23, Estimated,-105.8746475,39.7843414, 1,>TL, SE,HS, N, R1, D1, Front Range, -, A wind slab avalanche observed from the ridgeline of Guide Peak. We suspect this slide is several days old and occurred during recent high winds. , -,Above Treeline,Hard Slab,-41705.56892697241,4807305.43672622
194,064b9d8f-70d0-4046-baf6-14139ee9a005,2025-03-23, Estimated,-105.7880824,39.8223139, 1,>TL, E,-, N, R1, D1.5, Front Range, -, -, -,Above Treeline,Unreported,-32069.186074503872,4812785.882252217
195,20f0158b-5c1a-46d1-ae49-226eb38ce87c,2025-03-23, Estimated,-105.8173289,39.7082153, 1,>TL, E,SS, N, R1, D1, Front Range, -, -, -,Above Treeline,Soft Slab,-35324.8915619903,4796327.581562934
196,17559b1d-1581-406d-aadf-9e54b4ce25a6,2025-03-23, Estimated,-105.7555247,39.8078077, 1,TL, NE,-, -, R2, D2, Front Range, -, -, -,At Treeline,Unreported,-28444.87948910318,4810691.890199785
197,5f955c98-2221-4385-b2e4-61575077dd73,2025-03-23, Estimated,-107.738592,37.904751, 1,>TL, NE,SS, AS, R2, D1.5, Northern San Juan, -, -, -,Above Treeline,Soft Slab,-249198.92153389507,4539725.579889225
198,8816a40a-f530-4646-a52e-3a1c102d38c5,2025-03-23, Estimated,-106.7293292,38.976615, 1,TL, SE,U, U, R3, D2, Gunnison, East of Eyre Creek, Saw fresh snowmobile tracks adjacent to a fresh large slab avalanche on the southeast side of pt. 11985'., -,At Treeline,Unreported,-136848.3005613011,4691441.705693547
199,bf363baa-6203-4f81-8f01-cc0717b9ed55,2025-03-23, Estimated,-105.9409483,39.6843224, 1,>TL, E,-, N, R1, D1, Vail & Summit County, -, -, -,Above Treeline,Unreported,-49086.1402221596,4792884.595486986
200,1fffa34e-8ebb-4715-a158-4f8fadc37e0b,2025-03-23, Estimated,-106.2180919,39.2760731, -,>TL, E,SS, N, R2, D1.5, Sawatch, -, -, -,Above Treeline,Soft Slab,-79937.62465077525,4734239.879496003
201,b59574c6-c8e5-42b3-b5e2-20ff63e15328,2025-03-23, Estimated,-106.1166918,39.5448065, 1,>TL, E,U, N, -, D1.5, Vail & Summit County, -, -, -,Above Treeline,Unreported,-68649.81715238758,4772804.169461613
202,d69f9a3f-bccc-4e68-bc6d-671c5e3e0c7a,2025-03-23, Estimated,-106.555101,39.0891674, 1,TL, E,SS, AS, R2, D2, Sawatch, -, -, -,At Treeline,Soft Slab,-117453.30605547265,4707506.051212588
203,a562a711-bf5c-4265-b12d-fc72461c5cf3,2025-03-23, Estimated,-105.9183872,39.5960541, 1,<TL, N,SS, AS, R1, D1.5, Vail & Summit County, -, -, -,Below Treeline,Soft Slab,-46574.650058423926,4780175.46201085
204,308f72b5-7dd8-4eaa-9a48-eab3b62970c9,2025-03-23, Estimated,-105.7698806,39.8258269, 1,<TL, N,SS, AS, R1, D1, Front Range, -, -, -,Below Treeline,Soft Slab,-30042.970966982255,4813293.056161846
205,f8575ce7-b829-4123-9dbd-3e56ca9877a6,2025-03-23, Known,-105.7970085,39.8091828, 1,>TL, NE,SS, N, R1, D1, Front Range, -, -, -,Above Treeline,Soft Slab,-33062.83498127369,4810890.368868395
206,466c61a4-8b67-49de-a06b-b9a9a6ffbbcf,2025-03-23, Known,-105.6632466,40.3074875, 1,<TL, N,SS, AS, R1, D1, Front Range, -, -, -,Below Treeline,Soft Slab,-18172.52838573186,4883080.142811622
207,35935155-997c-41a3-ae03-d83a4617c43b,2025-03-23, Known,-106.1467696,39.4120162, 1,>TL, SW,WL, N, R1, D1, Vail & Summit County, -, -, -,Above Treeline,Wet Loose,-71998.0625325687,4753729.518485341
208,b44e2416-78f0-4b25-8928-b3e679e49aab,2025-03-23, Estimated,-107.167008,39.1308543, 1,>TL, E,SS, AU, R2, D1.5, Aspen, near Hawk Peak in Avalanche Creek, A very large avalanche in Conundrum Creek from the last few days several large avalanches along Hell-roaring ridge from the past week a large avalanche in Avalanche Creek a large avalanche estimated to be snowmobiler-triggered in Avalanche Creek a new Wet Slab avalanche near Cathedral Peak and better views of the avalanche incident on Monument Peak from yesterday., Likely snowmobile triggered,Above Treeline,Soft Slab,-185570.48170831328,4713462.482687682
209,9dbed57e-6593-4ee5-8de8-af48f389338f,2025-03-23, Estimated,-105.8776515,39.5355759, 1,>TL, NE,HS, -, R2, D2, Vail & Summit County, -, -, -,Above Treeline,Hard Slab,-42039.97267731629,4771477.052540021
210,4a1719f8-3442-435d-aee6-ae8537eaf2cf,2025-03-23, Estimated,-107.0431028,38.7941603, 1,TL, NW,SS, AS, R3, D2.5, Gunnison, -, During final approach to Carbon Peak summit group of 3 remote triggered large avalanche from flat ridge adjacent to steep shoots on E/NE-facing side., -,At Treeline,Soft Slab,-171777.41793767497,4665454.942497373
211,9737fb65-d0f2-43a9-9895-90b04b04ad04,2025-03-23, Estimated,-106.2317335,39.3306157, 1,>TL, E,SS, N, R2, D1.5, Sawatch, -, -, -,Above Treeline,Soft Slab,-81456.20061638013,4742054.853012511
212,2af7da29-75e9-48ec-988d-0349711fb65c,2025-03-23, Estimated,-106.2924947,39.6893869, 1,>TL, NE,SS, AS, R1, D1.5, Vail & Summit County, -, -, -,Above Treeline,Soft Slab,-88220.1064603682,4793614.293684141
214,9e465400-c102-4131-bdff-8d1d5e3cbb6e,2025-03-23, Estimated,-107.009016,38.95215, 12,>TL, SE,SS, N, -, D1.5, Gunnison, -, A couple of new large persistent slabs on wind-loaded slopes of Peeler and Owen and dozens of D1-D1.5 wind slabs on leeward terrain in the Ruby Range.  I ski triggered a small wind slab., Numerous wind slabs on various peaks in the Ruby Range averaging D1.5 in size.,Above Treeline,Soft Slab,-167982.8927189022,4687953.280274205
217,82740a12-060e-46df-9c1c-e857aa256a18,2025-03-23, Estimated,-107.046981,38.961601, 1,>TL, NE,U, N, -, D1.5, Gunnison, -, We triggered one avalanche remotely.  Observed a handful of other natural avalanches along Schuylkill Ridge and a few small loose avalanches on steep rocky sunny slopes., The debris is visible just past the shadow in the basin.  I could not identify the type of avalanche given the poor light.  The size is a best guess but it could easily be a D2.  The freshness of the debris suggests it ran late Saturday or early Sunday.,Above Treeline,Unreported,-172209.13718686934,4689300.73937447
218,2ef507db-8e3d-466f-8621-358495cc2a8e,2025-03-23, Estimated,-107.036325,38.835283, 1,>TL, NE,SS, N, -, D2, Gunnison, -, Small wet loose avalanches were plentiful. Typicaly releasing from rock out crops on steep southerly facing slopes.   Triggered a large avalanche on a ENE facing slope of Mt Axtel. This was an interesting avalanche as it released on multiple different interfaces. It even stepped down to the January drought layer and gouged to the ground in some places. The 3/13 interface was the same story with 1mm to 1.5mm facets on a crust on ENE or the same facets without the crust on more NE-facing sections of the crown. The January drought layer was larger 2 to 3mm facets. Crown heights were all over the place from 20cm to over 2m., Crown and debris look fresh.,Above Treeline,Soft Slab,-171022.91669297643,4671306.121755292
219,594e17e2-1deb-4625-9412-74333be6c15f,2025-03-23, Estimated,-107.061448,38.873472, 1,TL, E,SS, U, -, D1, Gunnison, -, Piles of roller balls and small wet loose avalanches are plentiful across the southern half of the compass after two warm days. Throwing roller balls onto steep E-SE facing slopes produced piles of roller balls amassing and they would occasionally trigger a small wet loose avalanche.  I got two separate collapses above a SE facing slope at 11800ft. One collapse triggered a tinny slab that went on to trigger piles of roller balls. The other collapses broke a cornice which amassed into a small wet loose avalanche., -,At Treeline,Soft Slab,-173819.59626017459,4676742.929957432
221,6d2c9b48-835c-4db1-8176-c26dc83f3102,2025-03-22, Estimated,-107.866136,37.7883697, 1,>TL, NW,HS, N, R2, D2, Northern San Juan, -, -, -,Above Treeline,Hard Slab,-263397.05466763244,4523387.726968674
222,fa5af9aa-a5a6-42a8-99bf-84fc1901f2a7,2025-03-22, Known,-107.7014498,37.9199949, 1,TL, N,SS, AS, R1, D1, Northern San Juan, -, Jumped on a test slope nearby with propagation.   Ski cut the slope and triggered slide near sapling on margin of wind lip.  Slope was convex 45 degree rollover.  Broke on old/new interface around 2pm. Slab was F this afternoon. Soft debris SS-ASc-R1-D1, -,At Treeline,Soft Slab,-245064.27074295428,4541867.478992889
223,ce9d6642-c830-4590-8281-a0746dd23b29,2025-03-22, Known,-105.7800904,39.8141837, 1,TL, S,SS, AS, R1, D1, Front Range, Teacup Bowl, -, -,At Treeline,Soft Slab,-31179.520704085622,4811612.22063979
224,2e4bbb74-d152-4766-add6-61164a3a277b,2025-03-22, Known,-106.3211423,39.6494502, 1,<TL, SW,SS, AS, R1, D1, Vail & Summit County, -, -, -,Below Treeline,Soft Slab,-91409.14270481806,4787861.63796422
225,e66cf8bf-3ec4-467b-8dc4-1d3f8710bb5e,2025-03-22, Estimated,-107.6867636,37.8920992, 1,>TL, NE,SS, N, R1, D1, Northern San Juan, Billboard, -, -,Above Treeline,Soft Slab,-243429.4104372661,4537948.232878426
226,cd445eb9-8f9d-4ce3-a199-fb2615be1db6,2025-03-22, Known,-107.10766,38.886932, 1,>TL, W,SS, AS, R2, D1.5, Gunnison, Lone Wolf," Notable windslabs today: SS-ASc-R2-D1-i 8-10"""" deep 150' wide SS-ASc-R2-D1-i ran through choke into apron SS-ASc-R2-D1.5 8-10"""" deep 150' wide ran to lower apron", -,Above Treeline,Soft Slab,-178963.89256871399,4678659.875681448
227,f74305e0-38bc-42ed-9a9c-951559206c47,2025-03-22, Known,-106.7446595,40.5353676, 1,<TL, N,SS, AS, R2, D1.5, Steamboat & Flat Tops, -, -, -,Below Treeline,Soft Slab,-138554.8617510106,4916272.017789818
228,3c469808-c68a-4f1b-a0c5-e6dce6687fc4,2025-03-22, Known,-105.7886251,39.8208961, 1,>TL, NE,SS, AS, R2, D1.5, Front Range, Corner Pocket, -, -,Above Treeline,Soft Slab,-32129.599162157763,4812581.201021108
229,53448915-a7b4-4e26-a473-c97a7559a354,2025-03-22, Known,-105.7926217,39.8061106, 1,TL, E,SS, AS, R1, D1, Front Range, -, -, -,At Treeline,Soft Slab,-32574.49863906205,4810446.940332238
231,f0097378-87d8-419e-9f00-c9636d943e2a,2025-03-22, Known,-107.1039426,38.8318621, 2,<TL, N,SS, AS, R1, D1, Gunnison, Big Chute, Two very small slides human triggered., -,Below Treeline,Soft Slab,-178550.0734936383,4670819.24609939
233,af3aee23-b15f-4f2c-a303-7ae22fb77c58,2025-03-22, Known,-106.7574905,40.5684726, 1,<TL, S,SS, AS, R1, D1, Steamboat & Flat Tops, -, We intentionally triggered wind slab avalanches on steep south and southeast convex features. These avalanches were relatively harmless to people and very small relative to path. These avalanches were breaking within the new snow rather than on the old crust (SS-ASc-R1-D1-S). We did not see any natural avalanches., -,Below Treeline,Soft Slab,-139983.20213737883,4921103.375933223
236,b44e2416-78f0-4b25-8928-b3e679e49aab,2025-03-22, Estimated,-107.1763718,39.1601468, 1,>TL, NE,SS, N, R2, D2.5, Aspen, north of Hawk Peak, A very large avalanche in Conundrum Creek from the last few days several large avalanches along Hell-roaring ridge from the past week a large avalanche in Avalanche Creek a large avalanche estimated to be snowmobiler-triggered in Avalanche Creek a new Wet Slab avalanche near Cathedral Peak and better views of the avalanche incident on Monument Peak from yesterday., -,Above Treeline,Soft Slab,-186612.85515620283,4717650.067126206
237,1efd6f66-5f6a-4b66-b948-5e64da4fddb3,2025-03-22, Known,-106.4839177,39.2649883, 1,TL, NE,SS, AR, R2, D1, Aspen, -, -, -,At Treeline,Soft Slab,-109529.21734648949,4732652.377137835
239,fe986ffb-2295-49e7-9590-d03b82350c11,2025-03-22, Estimated,-107.1887933,38.7070742, 1,>TL, E,U, N, R2, D2, Gunnison, Mill Basin between West Elk Peak and North Baldy Mountain., Saw a fresh slab avalanche on east-facing alpine terrain between West Elk Peak and North Baldy Mountain., -,Above Treeline,Unreported,-187995.61021109222,4653075.044124669
240,b44e2416-78f0-4b25-8928-b3e679e49aab,2025-03-22, Estimated,-107.1753413,39.151438, 2,>TL, E,SS, N, R2, D2, Aspen, Hell Roaring Ridge, A very large avalanche in Conundrum Creek from the last few days several large avalanches along Hell-roaring ridge from the past week a large avalanche in Avalanche Creek a large avalanche estimated to be snowmobiler-triggered in Avalanche Creek a new Wet Slab avalanche near Cathedral Peak and better views of the avalanche incident on Monument Peak from yesterday., -,Above Treeline,Soft Slab,-186498.14042094137,4716404.894769542
241,948bb148-5ce8-4fa5-9ae8-8d1552f8e2c6,2025-03-22, Estimated,-107.0604301,39.1130513, 1,>TL, NE,SS, N, R2, D2, Aspen, Hagerman Peak, Observed a few small Wind Slabs from the last few days several small Loose Wet avalanches and got a closer look at the recent Willoughby Ridge avalanche from last week., -,Above Treeline,Soft Slab,-173706.28415049816,4710918.267024437
242,7ba4a4ab-90dc-4779-b34e-36cf00038fbd,2025-03-22, Known,-107.028242,38.893883, 1,<TL, NE,SS, AS, R3, D2.5, Gunnison, -, While targeting an area to dig we remotely triggered a large D2.5 avalanche. This avalanche failed on small 1mm to 1.5mm facets at the 3/13 interface. The crown broke on a cross-loaded terrain feature and then propagated across much of the avalanche path. The crown height averaged in the 45cm to 55cm range with a max crown height of around 70cm. The avalanche ran 1800ft and pushed into the flat valley below. , While targeting an area to dig we remotely triggered a large D2.5 avalanche. This avalanche failed on small 1mm to 1.5mm facets at the 3/13 interface. The crown broke on a cross-loaded terrain feature and then propagated across much of the avalanche path. The crown height averaged in the 45cm to 55cm range with a max crown height of around 70cm. The avalanche ran 1800ft and pushed into the flat valley below. ,Below Treeline,Soft Slab,-170123.1212488942,4679649.966280419
245,-,2025-03-22, Estimated,-106.9624877,38.9610648, 1,>TL, E,-, N, -, D2, Gunnison, -, -, -,Above Treeline,Unreported,-162803.3860554253,4689224.286788677
249,ae261142-0904-4880-865c-1651514db3a9,2025-03-22, Estimated,-106.9809055,38.8244421, 1,>TL, E,-, N, -, D2.5, Gunnison, -, -, -,Above Treeline,Unreported,-164853.64617295846,4669763.284204216
250,b0520bf4-502c-48a1-8551-cd75f213910e,2025-03-21, Estimated,-105.7744445,39.8424738, 1,>TL, E,SS, AS, R1, D1, Front Range, -, -, -,Above Treeline,Soft Slab,-30551.02199101458,4815696.734540363
251,c9481707-a3be-4ba3-b7b0-01b3ad976ca1,2025-03-21, Estimated,-105.7404906,39.8189163, 1,>TL, NW,SS, N, R2, D2, Front Range, -, -, -,Above Treeline,Soft Slab,-26771.291132568982,4812295.393569863
252,189fa7a7-a219-4d51-b4db-48fb2de26316,2025-03-21, Estimated,-106.2549637,39.5193806, 1,All, NE,SS, U, R2, D2, Vail & Summit County, -, -, -,Across Zones,Soft Slab,-84042.17465140663,4769149.0251326095
253,7053767e-8f4a-43e4-a2ad-d74519447cb4,2025-03-21, Known,-107.7066782,37.8785787, 1,>TL, NE,HS, AM, R2, D2, Northern San Juan, US Basin, -, -,Above Treeline,Hard Slab,-245646.29356861665,4536049.189776564
254,948bb148-5ce8-4fa5-9ae8-8d1552f8e2c6,2025-03-21, Estimated,-107.1175859,39.2007258, 1,>TL, NE,SS, N, R2, D2, Aspen, Hell Roaring Ridge, Observed a few small Wind Slabs from the last few days several small Loose Wet avalanches and got a closer look at the recent Willoughby Ridge avalanche from last week., -,Above Treeline,Soft Slab,-180068.83870237911,4723454.047264406
255,189f1636-07d0-4040-b31e-5f45334961e1,2025-03-21, Estimated,-106.6714688,37.3762335, 1,TL, NE,SS, AM, R1, D1, Southern San Juan, -, -, -,At Treeline,Soft Slab,-130407.31029620748,4465738.633608898
256,5fc5e68d-3a3b-424d-8499-18d3c72f34ee,2025-03-21, Estimated,-105.8939831,39.6924586, 1,>TL, SE,SS, N, R1, D1, Front Range, -, -, -,Above Treeline,Soft Slab,-43857.998073155126,4794056.893561137
257,a114ba32-75e1-466d-a249-65bca6f13692,2025-03-21, Estimated,-106.6051131,38.6670269, 1,>TL, NE,HS, N, R2, D2, Gunnison, Lamphier Creek, I saw 3 recent large Persistent Slab avalanches in the Fossil Ridge Range in upper Lamphier Creek Mill Gulch and Boulder Gulch. These all broke on steep rocky wind-drifted slopes below large overhanging cornices., -,Above Treeline,Hard Slab,-123020.62756097538,4647387.143897157
260,948bb148-5ce8-4fa5-9ae8-8d1552f8e2c6,2025-03-21, Estimated,-106.9944464,39.1426301, 1,>TL, SE,SS, N, R1, D1.5, Aspen, Willoughby Mtn, Observed a few small Wind Slabs from the last few days several small Loose Wet avalanches and got a closer look at the recent Willoughby Ridge avalanche from last week., -,Above Treeline,Soft Slab,-166361.0122658406,4715145.711217294
261,4f062c1f-45b7-4ba9-b06f-91eb4b664741,2025-03-21, Estimated,-107.086615,38.957959, 1,TL, NE,SS, N, -, D1.5, Gunnison, -, Recent cornice fall in Redwell Basin a couple more recent avalanches on Schuylkill Ridge and a small wind slab near Cascade. We also updated sizings on a few older avalanches with better views today., Crown looks fresh likely ran late 3/20 or early 3/21 from wind drifting or solar warming?  Interestingly it didn't run far and stopped in the trees just below the start zone.,At Treeline,Soft Slab,-176621.1738849686,4688781.466406251
262,1ede5fd3-55d6-42ef-b7a0-fbf89792e578,2025-03-20, Known,-107.1721685,39.009714, 1,TL, NW,SS, AS, R2, D2, Aspen, Mount Justice west face main bowl, A skier triggered a large (D2) to very large (D3) avalanche on the west side of Mount Justice above North Anthracite Creek on March 20. The avalanche broke just below the skier and they cut the skier's left to avoid being caught. It started as a relatively small avalanche in the new snow and ran a couple hundred feet before stepping down to deeper buried weak layers. The avalanche was large enough to break small trees and stopped just a couple hundred feet shy of the creek., Failed on the March 3 interface (notice the dust on the bed surface) then stepped down to deeper weak layers likely the January drought weak layer.,At Treeline,Soft Slab,-186144.94594055178,4696163.173855803
263,1c17884c-f4cb-41af-96d6-fc6a47257f10,2025-03-20, Estimated,-107.2299529,39.0047665, 1,>TL, NE,HS, N, R2, D2, Aspen, North Anthracite Creek, -, Likely ran overnight Thursday night,Above Treeline,Hard Slab,-192577.47592434706,4695457.287023445
264,1c17884c-f4cb-41af-96d6-fc6a47257f10,2025-03-20, Estimated,-107.234917,39.0207507, 1,>TL, NE,HS, N, R4, D3, Aspen, Northeast face of Ragged Mountain, -, Likely ran overnight Thursday night,Above Treeline,Hard Slab,-193130.0770085934,4697738.019487372
270,12dae6fd-be36-49a1-8c28-4df44f6afbf0,2025-03-19, Estimated,-106.5555601,39.0885196, 1,>TL, E,SS, N, R1, D1, Sawatch, -, I only saw one small wind slab avalanche from the recent loading event., -,Above Treeline,Soft Slab,-117504.41283369652,4707413.518343443
271,a6cc3437-9cbc-4f20-939c-4c495126368a,2025-03-19, Estimated,-106.7756757,39.0236337, 1,>TL, NE,SS, N, R2, D2, Aspen, -, -, -,Above Treeline,Soft Slab,-142007.56934135192,4698149.440518423
272,03261dae-c121-46c4-8252-75755b2ca2e9,2025-03-19, Estimated,-107.6788136,37.9020887, 1,>TL, NE,SS, N, R2, D2, Northern San Juan, Red 2 , -, -,Above Treeline,Soft Slab,-242544.42048545842,4539351.549731318
274,fae398d6-b5b9-4700-baca-7c51b49fe78f,2025-03-19, Estimated,-105.0642322,38.8760265, 2,>TL, E,U, N, R2, D1.5, Front Range, Cornice above Glen Cove., -, Large chunks mid-path could be from cornice fall that triggered a Loose Dry or Wind Slab. The flanks are visible but slightly drifted in. No notable crown.,Above Treeline,Unreported,48509.44960010494,4677106.708490329
276,65dfc871-f37c-4720-b430-be8b6c503eb5,2025-03-19, Estimated,-107.821867,37.91372, 1,>TL, NE,HS, AH, R2, D2, Northern San Juan, -, I spotted a few avalanches on the drive home. No natural slab avalanches observed but impressive propagation demonstrated by a helicopter-bombed avalanche. , -,Above Treeline,Hard Slab,-258469.05212970558,4540985.747359998
277,-,2025-03-19, Known,-107.060939,38.921259, 1,TL, NE,C, AS, -, D1, Gunnison, -, -, Remote triggered by causing a collapse below ridgeline about 50 meters from the cornice.,At Treeline,Cornice,-173762.93463936195,4683550.315327418
280,34d3b394-b9be-4e6d-b656-8d49937d3fa9,2025-03-19, Known,-107.100641,38.895541, 1,TL, W,SS, AS, -, D1, Gunnison, -, Storm slabs were stubborn to AE & AS. All storm/wind slabs were very soft non destructive and not running far. Moonrise Right SS-ASc-R1-D1-I PP (35cm x 15m x 30m) Ski Heroes SS-AE-R1-D1-I MF (15cm x 15m x 70m), Storm slabs were stubborn to AE & AS. All storm/wind slabs were very soft non destructive and not running far. Moonrise Right SS-ASc-R1-D1-I PP (35cm x 15m x 30m) Ski Heroes SS-AE-R1-D1-I MF (15cm x 15m x 70m),At Treeline,Soft Slab,-178182.54106283534,4679886.143882092
281,-,2025-03-19, Estimated,-106.968118,38.89661, 1,>TL, SE,SS, N, -, D1.5, Gunnison, -, -, -,Above Treeline,Soft Slab,-163430.14818443905,4680038.422979137
286,a1775809-fc77-4804-8a9e-988a050af70b,2025-03-18, Estimated,-107.6496375,37.7921483, 1,>TL, NW,SS, N, R2, D2, Northern San Juan, Rio Grande Slide Path, -, Likely triggered by rapid wind loading,Above Treeline,Soft Slab,-239296.55189012535,4523917.7668057475
287,134d950c-3c1e-4180-a525-3a4468e44cd4,2025-03-18, Known,-105.8789372,39.6484868, 1,TL, SE,SS, AR, R2, D1.5, Vail & Summit County, -, -, -,At Treeline,Soft Slab,-42183.09614662806,4787722.907032901
288,ce65126e-1960-4cb9-8883-4c3b73528e5a,2025-03-18, Estimated,-106.8246489,37.4579448, 1,TL, NE,SS, N, R2, D2, Southern San Juan, -, -, -,At Treeline,Soft Slab,-147459.2410278694,4477142.781438349
289,ba72c599-8764-46b5-8a13-efd388af20fc,2025-03-18, Estimated,-106.7864996,37.4817756, 1,TL, E,SS, N, R1, D1.5, Southern San Juan, -, -, -,At Treeline,Soft Slab,-143212.48037774954,4480471.1250886
290,ca6cf8f4-118e-43be-b94b-4a25139fc794,2025-03-18, Estimated,-107.4176979,38.0084142, 1,>TL, N,SS, N, R3, D2.5, Northern San Juan, -, -, -,Above Treeline,Soft Slab,-213477.1537233291,4554299.991612447
292,f107145e-8870-4dab-866d-4a14ad4fe8c3,2025-03-18, Estimated,-107.6804804,37.8770283, 1,TL, NE,SS, N, R2, D2, Northern San Juan, -, -, -,At Treeline,Soft Slab,-242729.96781271326,4535831.448372094
293,84e579ec-2f8a-4429-a8a9-c6ee86a1b041,2025-03-18, Estimated,-107.6816972,37.9009333, 1,>TL, NE,SS, N, R2, D2, Northern San Juan, Upper Dry Gulch , -, -,Above Treeline,Soft Slab,-242865.4213691113,4539189.230255048
294,3add2171-8849-427a-b6da-664601207404,2025-03-18, Estimated,-107.8338416,37.8568986, 1,>TL, NE,SS, N, R2, D1.5, Northern San Juan, -, I saw an avalanche in very steep northeast-facing terrain. Hard to tell but it appears the avalanche released and then a chunk of cornice broke off afterwards. , -,Above Treeline,Soft Slab,-259802.05850415936,4533004.810769185
295,60c72a75-3b81-4c5d-95c1-784785b32df5,2025-03-18, Estimated,-107.6995549,37.8486556, 1,>TL, NE,SS, N, R2, D2.5, Northern San Juan, -, -, -,Above Treeline,Soft Slab,-244853.3314398485,4531847.543056901
298,948bb148-5ce8-4fa5-9ae8-8d1552f8e2c6,2025-03-18, Estimated,-106.9994122,39.1579278, 1,>TL, E,HS, N, R2, D3, Aspen, East Snowmass Creek Willoughby Ridge, Observed a few small Wind Slabs from the last few days several small Loose Wet avalanches and got a closer look at the recent Willoughby Ridge avalanche from last week., -,Above Treeline,Hard Slab,-166913.80259322148,4717332.782779848
303,14a8a70b-2828-424b-b742-bf4ff4f5498a,2025-03-18, Estimated,-107.6049003,37.8713574, 3,>TL, N,HS, N, R2, D2, Northern San Juan, -, -, -,Above Treeline,Hard Slab,-234316.42956660895,4535035.0547297755
304,79c3975d-6cf6-40fe-b969-40e14d8fd21c,2025-03-18, Estimated,-107.6246999,37.8011205, 1,>TL, NE,SS, N, R3, D2.5, Northern San Juan, Above Woodchuck Basin, -, -,Above Treeline,Soft Slab,-236520.5109565186,4525176.443897592
306,70e71d97-96dc-4a18-b382-125d11403ba6,2025-03-18, Known,-107.077466,38.975246, 1,TL, N,HS, N, -, D2.5, Gunnison, -, Several large (or perhaps very large) persistent slab avalanches ran recently on wind loaded slopes appearing to fail on weak layers near the ground.  Two on Axtell are new since I looked at that slope around 7 a.m.   One on Scarp Ridge that probably ran sometime in the past day or two.  Also there was a brown skid mark on the Shield but the vis was too poor to make sense of it., Looker's left avalanche coded here.  These are new since I looked at that slope around 7 a.m.  May have been sympathetic with the other avalanche that was likely triggered by cornice fall.,At Treeline,Hard Slab,-175602.7118637017,4691246.470078818
312,3112920b-8242-4ccf-b02b-b8ec9846319f,2025-03-18, Estimated,-107.113686,38.931501, 1,TL, E,HS, N, -, D3, Gunnison, -, -, CBAC Notes:  Verified location of slide with visibility on 3/21.  Either a D2.5 or D3.,At Treeline,Hard Slab,-179634.70382023405,4685009.91679002
313,f0f2bf98-b571-4860-9766-c464afa2422c,2025-03-18, Estimated,-106.895162,38.936708, 1,TL, NE,HS, N, -, D1.5, Gunnison, -, Limited natural avalanche activity in this area from the most recent storm cycle.  We saw one partially drifted crown that could have run mid-wind event., Crown appears to be about a foot deep.  I'm guessing it failed on 3/13 layer based on a test pit dug nearby.,At Treeline,Hard Slab,-155308.72341412448,4685752.054969891
317,10762538-e3bd-4a94-bc26-89fd240d0c17,2025-03-17, Known,-107.1064741,39.0114563, 2,TL, E,SS, AR, R2, D2, Aspen, Yule 3, -, just south of east,At Treeline,Soft Slab,-178831.87878458257,4696411.769158534
318,9d7b7807-1d54-40d2-b9ca-672e0be98bfc,2025-03-17, Known,-106.9999348,39.1619391, 1,>TL, E,HS, N, R2, D2.5, Aspen, Garrett Peak above East Snowmass Creek, A large avalanche released naturally overnight between March 16 and March 17 2025., The avalache was not there at sunset on March 16 and was there at sunrise on March 17.,Above Treeline,Hard Slab,-166971.97815911178,4717906.347016769
319,f35e44f8-0c3b-4b71-afa3-96cc35a90895,2025-03-17, Estimated,-105.8940323,39.6930249, 1,>TL, SE,SS, N, R1, D1.5, Front Range, -, -, -,Above Treeline,Soft Slab,-43863.474992103416,4794138.493641632
320,5e948475-d704-4b33-8d47-8d9091ac2ade,2025-03-17, Estimated,-105.8792517,39.6525893, 1,>TL, E,HS, N, R3, D2, Vail & Summit County, Pass Lake Loveland Pass, -, -,Above Treeline,Hard Slab,-42218.106126483595,4788313.686221006
321,e2fa05ed-1d64-4bc2-946b-2ac53d2fa914,2025-03-17, Estimated,-105.7745228,39.8446041, 2,>TL, E,SS, N, R1, D1.5, Front Range, -, -, -,Above Treeline,Soft Slab,-30559.738307143318,4816004.375100679
322,faca0286-d1c4-47e8-97c2-9f454c90836a,2025-03-17, Estimated,-106.1438131,39.443488, 1,>TL, E,HS, N, R2, D1.5, Vail & Summit County, -, -, -,Above Treeline,Hard Slab,-71668.94645803858,4758246.965571158
323,9449a077-931c-44b3-845a-81ef621cb00f,2025-03-17, Estimated,-105.7906453,39.8280794, 3,>TL, E,SS, N, R2, D1.5, Front Range, -, -, -,Above Treeline,Soft Slab,-32354.48679745758,4813618.2646857565
324,63f2d5ba-2ec6-408e-a6ab-37e31ea9f160,2025-03-17, Known,-106.786151,38.9643, 1,>TL, N,SS, N, R1, D1, Gunnison, -, One natural Wind Slab on an alpine north slope with active wind loading during the day., Natural Wind Slab failed from wind loading or possibly a small cornice fall.  Slide failed between noon and 145pm.,Above Treeline,Soft Slab,-143173.67440326023,4689685.577641032
326,-,2025-03-17, Estimated,-106.966058,38.901048, 1,>TL, E,C, N, -, D2, Gunnison, -, -, Lookers left avalanches coded here.  Looks like a cornice fall there is probably a slab involved too.  Likely ran sometime yesterday or early today.,Above Treeline,Cornice,-163200.830033406,4680670.640987313
329,-,2025-03-17, Known,-107.0626,38.923284, 1,TL, NE,SS, AS, -, D2.5, Gunnison, -, -, Information texted to forecaster - no image.,At Treeline,Soft Slab,-173947.8363135699,4683838.884005599
330,1db8176d-3d5f-45ef-9d21-df26f7c7f874,2025-03-16, Estimated,-106.6424889,39.0472374, 1,-, -,-, -, R2, D2, Aspen, -, -, -,Unreported,Unreported,-127181.28258496748,4701518.463475273
331,bafccfbb-9b3c-4648-9873-02b8f2d43bf0,2025-03-16, Known,-105.6773038,39.8946253, 1,>TL, N,SS, AS, R1, D1, Front Range, -, Ski cut on the top of the rightmost chute resulted in a small wind slab avalanche. Crown was 20cm at its largest entrained a lot of snow and ran almost to the lake. When skiing both this chute and the looker left it was very easy to get dry loose to move (lots of sluff).  Noted one natural slide in the upper basin above the avalanche that Ian reported. It appeared to have started at the top of the bowl. I have one very bad photo of this I'll attach. , -,Above Treeline,Soft Slab,-19737.368731713203,4823230.796419472
332,d7196d3c-1a00-4898-85d7-5ee411692a09,2025-03-16, Known,-106.2568648,39.536982, 1,TL, E,SS, AM, R2, D2, Vail & Summit County, -, -, -,At Treeline,Soft Slab,-84253.80413535323,4771679.201163528
333,2c22494b-3877-45c2-8c52-e68faebe9e78,2025-03-16, Estimated,-106.7776978,40.5372952, 1,<TL, N,SS, -, R2, D1.5, Steamboat & Flat Tops, -, -, -,Below Treeline,Soft Slab,-142232.66848368538,4916553.266593215
334,f4410595-f632-4c1e-bbad-818fb81fdccb,2025-03-16, Estimated,-106.2321935,39.3311772, 1,TL, E,SS, N, R1, D1.5, Sawatch, -, -, -,At Treeline,Soft Slab,-81507.40758214355,4742135.3378013475
335,4ac1be74-7b40-4036-99fc-a08159bdc8ac,2025-03-16, Estimated,-106.9418879,39.1175722, 2,>TL, E,WL, N, R2, D1.5, Aspen, -, -, -,Above Treeline,Wet Loose,-160510.22680898244,4711564.284639755
336,da0847ad-aae4-4010-ac97-413c320d324a,2025-03-16, Known,-106.2420738,39.6201005, 1,TL, E,SS, AS, R1, D1, Vail & Summit County, -, -, -,At Treeline,Soft Slab,-82607.27754702997,4783636.114713758
337,0e558449-bf4e-4d0a-9d94-0aae4f89f85c,2025-03-16, Estimated,-107.6675743,37.9252324, 1,TL, NE,HS, N, R2, D2, Northern San Juan, Red Mtn 1, NE shoulder of Brown Mountain above Ironton around 11300’., Crown broke below shallow rocky features and propagated across small spines in this path.,At Treeline,Hard Slab,-241293.26733258626,4542603.496123563
338,671e5495-aa07-492e-9549-63930341f76d,2025-03-16, Known,-107.7074182,37.9136775, 1,TL, E,SS, AS, R1, D1, Northern San Juan, -, -, -,At Treeline,Soft Slab,-245728.66999180504,4540979.775635858
340,74c72b22-4daf-481f-9d4c-98cf47e37088,2025-03-16, Estimated,-107.6972798,37.8609102, 1,>TL, NE,HS, N, R2, D2, Northern San Juan, East face of Ohio, -, Reported to have run sometime during the day on the 16th. Likely due to wind-loading or perhaps a cornice failure.,Above Treeline,Hard Slab,-244600.0684663463,4533568.062531244
341,4a00505e-ce0b-4509-adba-7080c9c615a4,2025-03-16, Estimated,-107.6915479,37.9568069, 1,>TL, N,SS, N, R1, D1.5, Northern San Juan, Richmond Pass, -, -,Above Treeline,Soft Slab,-243961.99627706883,4547041.728349285
342,b5b527dd-0055-463b-b080-60aa6195b0f9,2025-03-16, Known,-107.062577,38.923811, 1,TL, NE,SS, AS, -, D2.5, Gunnison, -, I stomped at the top and got it to go below the ridge., I stomped at the top and got it to go below the ridge.  CBAC Note: This avalanche is coded for the lower complex of avalanches that were sympathetic to the initial avalanche triggered from the ridge.,At Treeline,Soft Slab,-173945.27596528144,4683913.984475059
344,92d5edf3-7cc6-44ec-9bb5-6fb3eba1c3b7,2025-03-16, Estimated,-107.0711721,38.9334293, 1,TL, NE,SS, N, -, D2, Gunnison, -, few more small natrual pockets on schuykill ridge and the formerly reported slide, Coding added by forecaster.  I coded for early in the storm as track and crown have been subdued by drifting and later snowfall.  Coded as a D2 given the size of the terrain but the debris size was hard to estimate.,At Treeline,Soft Slab,-174902.07812059746,4685284.745233393
349,61c4aa5f-1ddc-4c83-8a9c-8e6525f7c701,2025-03-15, Known,-107.8138614,37.8442509, 1,>TL, N,HS, AS, R1, D2, Northern San Juan, -," Day Started by Skiing NNE aspect near and below tree line ridge of Nirvana Trees and into Nevada gully. Observed no signs of instability. Upon getting back up around the world there were other tracks in Nirvana trees and a different party of skiers had skied the lowest angle but center gut of Nevada bowl (2 skiers with a dog). Second run was Swamp (skiers right swamp creature) with soft snow on a solar crust. Observed no signs of instability and great skiing. Decided to skin up for a 3rd run and ski back to Ophir via Swamp Angel (NNW). Upon seeing tracks in Nevada Bowl and others there were comments about the Persistent slab and how dangerous it was. There is definitely a sleeping dragon as CAIC reporter mentioned and base structure was generally poor but the lack of observations resulted in a false sense of confidence in the """"dormancy"""" of this persistent slab below tree line.  Incident: Skier 1 went first and took an aggressive ski cut towards the skiers left (more north facing ridge) and skied the ridge down crossing another gully and to the """"safety"""" pictured. No signs of instability on this run. Skier 2 skied just below skier 1's tracks and upon reaching the ridge caused a D2 avalanche below their skies (pictured) and Skier 1 yelled avalanche from the ridge """"safety"""" down below. Skier 2 did not get caught or carried the avalanche debris flowed down the gully (traveling ~800 feet of distance) not near Skier 1 sympathetically releasing another small avalanche on the W facing slope (pictured) and Skier 1 was able to get a photo of the avalanche likely stepping a bit closer to the gully at this point. The first avalanche crown was estimated to be 80cm at its highest point and the W facing crown was estimated to be the new storm snow since Thursday?  Skier 2 then proceeded skiing down the ridge and reached Skier 1 and stopped skiers left of Skier 1. Skier 3 then skied down the ridge staying very close to the tracks of skiers 1 and 2 and crossed the other gully (the south arm of the Y of Swamp Angel). Upon reaching this sub-ridge Skiers 1 and 2 were on Skier 3 turned and caused another avalanche on the ridge skiers 1 and 2 had skied. Skier 3 was knocked off their feet and in the trees but was not carried. They observed a crown of roughly 2 feet and a bed surface of facets. At this time Skiers 1 and 2 heard and felt a loud collapse yelled and the snowpack fractured under their feet into numerous blocks moving downhill. Skier 2 was able to side step and grab a tree but Skier 1 tried to grab a small tree below them and was knocked off their feet and drug down into the gully with the moving snow. At this point Skier 1 deployed their air bag and was carried 260 vertical feet. periodically coming above and below the snow while rapidly moving down the gully. Skier 1 struck a small tree and lost their pole but ended up relatively unscathed (just some bruises) and on top of the debris (they think the airbag was an important part of this).  Upon coming out of the snow Skier 1 yelled uphill and started to initiate a search but quickly heard that skiers 2 and 3 had not been carried. During this incident skier 3 skied down the faceted bed surface and reached Skier 2 and they started to initiate a search but quickly heard from skier 1` yelling up at them and then radioing they were okay. All skiers proceeded to take the safest route down.  Main Takeaways: This incident clearly reflects the challenging and dangerous aspects of a Persistent Slab problem. The group made a poor decision skiing that steep of terrain and was incorrectly given confidence by a lack of any signs of instability. Furthermore the """"safety"""" chosen reflected a concern of surface instability and not a deeper and widespread persistent slab problem and they should have taken this into consideration after seeing the first avalanche because the safe zone was indeed not safe. Stay safe out there folks.", -,Above Treeline,Hard Slab,-257577.8728142097,4531229.20310082
351,f2f8945c-b85d-4eea-9bc5-0e0a0f67bb29,2025-03-15, Estimated,-107.1869498,39.0328952, 1,TL, E,SS, AU, R1, D1, Aspen, Marble Bowl, A backcountry tourer triggered an avalanche in Marble Bowl. The avalanche was relatively small but buried many tracks from travelers earlier in the day and the day before. Not sure if anyone was caught in the avalanche at this point., -,At Treeline,Soft Slab,-187790.3927298135,4699471.225416349
352,9fc5ad29-e8fc-477d-80af-7a8cc2eb636a,2025-03-15, Known,-107.1010731,38.8311209, 1,<TL, N,SS, AS, R1, D1, Gunnison, Above baby bowl. Skiers right of tree chute, -, -,Below Treeline,Soft Slab,-178230.64221480725,4670713.758771656
353,7aefd949-5ddc-459d-bf6e-0fedb43681ab,2025-03-15, Known,-105.6807497,39.8949848, 1,TL, NE,SS, AS, R1, D1, Front Range, -, -, -,At Treeline,Soft Slab,-20120.964565037983,4823282.75159838
354,cb8f499b-54f5-4651-a2b1-2d6af380d169,2025-03-15, Estimated,-106.2120577,39.2187158, 1,TL, NW,HS, AS, R2, D1, Sawatch, -, -, -,At Treeline,Hard Slab,-79265.90057943048,4726028.222972595
355,f0e325ea-7bd3-44e9-b171-7abc40f16497,2025-03-15, Known,-107.1484104,39.0416365, 1,TL, NE,SS, AS, R1, D1, Aspen, -, -, -,At Treeline,Soft Slab,-183500.20634633652,4700718.928486004
356,f0e325ea-7bd3-44e9-b171-7abc40f16497,2025-03-15, Estimated,-107.1517595,39.0498478, 1,>TL, NE,SS, N, R2, D2, Aspen, Whitehouse, -, -,Above Treeline,Soft Slab,-183873.02645295183,4701891.12294597
357,300a4cc4-fc20-48b2-8dbe-fea244747951,2025-03-15, Estimated,-105.7873973,39.8230138, 1,>TL, E,SS, N, R1, D1.5, Front Range, -, -, -,Above Treeline,Soft Slab,-31992.92109136037,4812886.925148707
358,b8a8f757-aad0-45ed-84cd-cadd18b10459,2025-03-15, Estimated,-107.1597949,39.0069525, 1,>TL, E,SS, N, R2, D2, Aspen, Chair Mountain, -, -,Above Treeline,Soft Slab,-184767.52308927148,4695769.169439054
359,a214943b-f0b2-4aa6-9088-3b574554280f,2025-03-15, Estimated,-106.8324414,37.4622538, 1,TL, NE,HS, N, R2, D2, Southern San Juan, -, -, -,At Treeline,Hard Slab,-148326.69815987578,4477744.521390186
361,100e1ccd-ee13-40b7-a42e-934b6943c3ba,2025-03-15, Estimated,-107.1169726,39.022521, 2,>TL, NE,SS, N, R1, D1.5, Aspen, Above Bear Basin, Observed one or two decent wind slabs that broke in the upper snow probably overnight and did not step down, -,Above Treeline,Soft Slab,-180000.5664586756,4697990.649689678
364,6b82441e-e8f7-4ab5-b5a9-2dff6f393217,2025-03-15, Estimated,-107.072145,38.9386897, 1,TL, NE,SS, N, R2, D2.5, Gunnison, -, Large natural stepping down to ground and sympathetically triggering more avalanches on lower benches., Large natural stepping down to ground and sympathetically triggering more avalanches on lower benches.,At Treeline,Soft Slab,-175010.38085319105,4686034.515192389
365,-,2025-03-15, Known,-107.104171,38.880442, 1,<TL, NE,SS, AM, -, D1.5, Gunnison, -, -, -,Below Treeline,Soft Slab,-178575.49886533574,4677735.5374289425
366,1ec9bdad-f076-4beb-a542-a373fa7ba7a5,2025-03-15, Known,-107.0350923,38.9366954, 1,<TL, NE,SS, AS, R1, D1.5, Gunnison, -, -, No instabilities observed via standard Coneys approach and uptrack. Skied 1st lap in main bowl with no signs of instability. Traveled to the high point on the ridge to consider second lap options. Obvious wind lip north of the high point along the ridge. Observed 2 ski tracks from earlier in the day that started from the high point on the ridge but did not trigger anything. Continued traveling north from the high point for approximately 25 feet when the slide was triggered. Crown approximately 2 ft deep and 200 ft wide slid on old bed surface.,Below Treeline,Soft Slab,-170885.69315667596,4685750.259063167
368,96ce314f-597c-4938-9f4d-51bb3ec9d886,2025-03-14, Estimated,-106.7894705,39.0223577, 1,TL, N,SS, AS, R3, D1, Aspen, Small slope on the north side of Green Mountain, -, A large crack propagated across the bed surface of the avalanche to where the small avalanche stepped down to the deeper weak layer but did not slide.,At Treeline,Soft Slab,-143543.19945294663,4697967.345738542
369,ca7ff6df-7f20-4d64-943d-c39f8dedc5b9,2025-03-14, Estimated,-107.7123438,37.9144214, 1,TL, N,SS, AS, R2, D1.5, Northern San Juan, Commodore, -, -,At Treeline,Soft Slab,-246276.98527565593,4541084.302387436
371,f8493814-043d-49b0-b2b4-a73eebf1cfa1,2025-03-14, Estimated,-107.1840284,39.0368121, 1,TL, N,SS, N, R1, D1, Aspen, Marble Peak, -, -,At Treeline,Soft Slab,-187465.1839694112,4700030.290997789
372,2b37b57e-3465-478f-92ee-a787f145cdbe,2025-03-14, Known,-107.9439515,39.0618109, 1,TL, N,SS, AM, R2, D2, Grand Mesa, Crag Crest north side, A snowmobiler was sidehilling a steep north-facing slope crossed the slope that avalanched and remotely triggered the avalanche from a couple hundred feet away that then erased their tracks., -,At Treeline,Soft Slab,-272059.4365034574,4703599.147105611
375,4b6dcbc5-63f8-4e90-86b4-c003c43a8c16,2025-03-14, Known,-106.2388256,39.6174588, 1,TL, NE,SS, AS, R1, D1, Vail & Summit County, -, -, -,At Treeline,Soft Slab,-82245.68957703508,4783255.873562418
378,7952dfaf-718c-43a1-9931-4c67b2238c03,2025-03-14, Estimated,-107.8438122,39.0808303, 1,TL, NE,SS, AM, R2, D2, Grand Mesa, Leon Peak, Snowmobile triggered avalanche on northerly facing slopes near Leon Peak most details unkown sent with little info via social media, -,At Treeline,Soft Slab,-260911.98061906223,4706315.23090313
380,5fc91718-66ad-4732-9ae1-6bae9aa5d111,2025-03-14, Estimated,-105.660088,40.2988453, 1,TL, NE,SS, N, R2, D1.5, Front Range, Otis Peak , -, -,At Treeline,Soft Slab,-17820.91464211438,4881823.588773133
381,4d7b9cf8-6c91-45e2-98a7-efd0cb82f812,2025-03-14, Estimated,-107.1920567,39.0340544, 2,TL, NE,SS, N, R1, D1.5, Aspen, The Fridge, Two natural avalanches in the Fridge from the last storm one covering the popular skin track to exit, -,At Treeline,Soft Slab,-188358.89023734623,4699636.676685102
387,86432b11-2cc6-4755-99ea-2701acb756af,2025-03-14, Known,-107.070257,38.942984, 1,<TL, NE,SS, AS, -, D1.5, Gunnison, -," Many skier triggered soft slabs about 20"""" thick ranging from D1 to D2 depending on the terrain size.  Visibility was poor but we could see a couple of small naturals as well.", -,Below Treeline,Soft Slab,-174800.20965457364,4686646.627545704
396,b5f40ae3-7a26-4113-9e78-fca612921846,2025-03-14, Estimated,-108.0309233,37.7279528, 1,TL, NE,SS, N, R1, D1, Northern San Juan, -, I noticed a very small Storm Slab avalanche on a steep northeast-facing slope near treeline. , -,At Treeline,Soft Slab,-281741.09299283155,4514916.507222689
398,8f340752-2033-47dc-8ad3-5ba2b84c9102,2025-03-13, Known,-106.2588027,39.4952856, 1,>TL, E,-, AS, R1, D1, Vail & Summit County, -, -, -,Above Treeline,Unreported,-84469.53017656221,4765686.451097626
399,3c913e15-3d3c-4d74-9f28-6691f76b5d5d,2025-03-12, Estimated,-105.8596919,39.7551394, 1,>TL, E,WL, N, R1, D1, Front Range, -, -, -,Above Treeline,Wet Loose,-40040.71915046463,4803092.88186245
400,984b3531-9b8e-4cf5-9f9c-697348ef405d,2025-03-12, Estimated,-106.6507023,37.424025, 1,>TL, NE,SS, N, R2, D1.5, Southern San Juan, -, -, -,Above Treeline,Soft Slab,-128095.5940906488,4472407.195358561
402,f7fddb0a-e3f2-4b8a-8a87-6ac372b13bd2,2025-03-12, Estimated,-105.8471879,39.7172822, 1,>TL, E,-, U, R1, D1.5, Front Range, -, -, -,Above Treeline,Unreported,-38648.78023758528,4797634.443677194
403,bbd6f21f-0f25-454e-a9a6-80154b82a3f4,2025-03-12, Estimated,-107.8696037,37.7887472, 1,>TL, NW,HS, AH, R2, D2, Northern San Juan, -, -, Bombed by helicopter.,Above Treeline,Hard Slab,-263783.0772658568,4523440.679224826
405,9b32fb5f-8341-4a80-a9ec-d345692c5975,2025-03-12, Known,-107.102186,38.893084, 1,TL, SW,WL, AS, -, D1, Gunnison, -, WL-ASc-D1-I SW aspect ATL Robinson Basin. 20cm X 10m X 80m, WL-ASc-D1-I SW aspect ATL Robinson Basin. 20cm X 10m X 80m,At Treeline,Wet Loose,-178354.5296761126,4679536.1528828945
406,ae94b470-3122-4b16-92bd-128f8776fdf5,2025-03-11, Estimated,-107.8415635,37.8752019, 1,>TL, N,SS, AM, R2, D1.5, Northern San Juan, -, -, -,Above Treeline,Soft Slab,-260661.65648011613,4535574.95088138
408,82de72cf-4534-409b-aeda-0fd0e86eb4a5,2025-03-11, Estimated,-106.592871,39.0154024, 1,>TL, E,-, N, R2, D2, Sawatch, -, Recent avalanche on an east-facing slope in Peekaboo Gulch. Also in this ob is a smaller avalanche on an east-facing slope near Graham Gulch and a large avalanche on a north-facing slope in the South Fork of Lake Creek, -,Above Treeline,Unreported,-121657.84322273562,4696974.830454315
409,3fdbb277-1bde-4e8f-9661-c6f4a2c6044b,2025-03-11, Estimated,-106.5962157,39.0631117, 1,>TL, E,SS, N, R2, D2, Aspen, -, Recent avalanche in Grizzly Creek or Lincoln Creek. Viewed from the east side of Indy, -,Above Treeline,Soft Slab,-122030.17352359205,4703784.885602337
410,ed305c51-df52-4c16-bd5a-5cef4e3d3c16,2025-03-10, Known,-105.9502749,39.5145065, 1,>TL, E,HS, AM, R2, D2, Vail & Summit County, -, -, -,Above Treeline,Hard Slab,-50124.37258499138,4768448.494515992
413,ba219e4e-4190-49e0-8093-8eca1cf8c637,2025-03-10, Known,-105.7925054,39.5855161, 1,TL, NE,HS, N, R1, D1, Vail & Summit County, -, -, -,At Treeline,Hard Slab,-32561.552182282023,4778659.260784116
414,a4f4cdfd-564e-45f5-875c-c166c184132a,2025-03-10, Estimated,-106.1626583,39.6350344, 1,>TL, S,SS, N, R1, D1, Vail & Summit County, -, -, -,Above Treeline,Soft Slab,-73766.78452593682,4785785.946359229
415,384d1819-31c1-4e32-ba94-e8c87f936af8,2025-03-10, Estimated,-105.9020334,40.4789712, 3,>TL, -,WL, N, R1, D1, Front Range, -, -, -,Above Treeline,Wet Loose,-44754.15336988736,4908047.038924525
417,e8260b2b-94cd-4e80-9d1e-a9bcf21fa320,2025-03-10, Estimated,-106.4285718,39.3124795, 1,>TL, S,WL, N, R1, D1.5, Sawatch, -, -, -,Above Treeline,Wet Loose,-103368.13994099342,4739455.580418463
418,e06f2032-38ec-4814-9f8b-3aa3e22fbf85,2025-03-10, Known,-106.989704,38.936567, 1,<TL, NE,WL, AS, R2, D1.5, Gunnison, -, I triggered one loose avalanche on a northeast feature.  I also documented a few large Wet Loose avalanches that ran this past weekend off Gothic Mountain., I initiated this slide with a snowball.  It slowly gained mass before gouging into dry snow below the surface.,Below Treeline,Wet Loose,-165833.09071270243,4685731.957936814
419,c191d792-e460-48f6-acbb-54f4f5cbc9bd,2025-03-09, Estimated,-108.1030353,37.3730835, 3,>TL, S,WL, N, R1, D1, Southern San Juan, Burwell Peak Gibbs Peak, Small loose wet avalanches were observed on upper elevations of Burwell Peak., -,Above Treeline,Wet Loose,-289768.5641129162,4465299.250609061
420,fedb33af-bbe4-4152-a9e7-061203ebbce5,2025-03-09, Estimated,-107.5424947,37.8904795, 1,TL, W,WL, N, R1, D1, Northern San Juan, Niagra Peak, Both natural Storm Slab avalanches from the March 6th natural cycle and Loose Wet slides from the following warmup observed along CR2., -,At Treeline,Wet Loose,-227369.46995196003,4537720.716828018
422,091a3efe-4f9e-4c14-bb5c-fa16318d0d12,2025-03-09, Estimated,-107.5984059,37.8356434, 2,<TL, NW,SS, AS, R1, D1, Northern San Juan, -, Our party was the recipient of a free lesson today after triggering an avalanche on the very terrain feature we identified as the feature of concern on our final run of the day. The feature is an open convex role at 11400 NW aspect. The opening rolls at the very top and we determined we would not ski it from the top but ski the open trees on the skier's left and work into the opening lower down avoiding the roll at the top. 3 out of 4 party members skied to the skier's left edge of the opening below the roll to stop for eyes and skier 4 stopped slightly uphill prior to skiing into the opening in the planar part of the slope which measured right at 35 degrees. On his 3rd turn there was a large collapse and the avalanche broke ~50' above him. By the time it gathered much velocity he was down and out of the path. , -,Below Treeline,Soft Slab,-233593.47626560164,4530020.97376765
424,cf32119f-7807-42b3-917d-7c93bd3c04db,2025-03-09, Estimated,-106.7167119,40.5516436, 1,<TL, NE,-, AS, R2, D2, Steamboat & Flat Tops, eye of the needle, -, -,Below Treeline,Unreported,-135443.74915011684,4918647.04353203
425,0b3ca33e-7951-4a60-8905-370b35a83d6e,2025-03-09, Estimated,-105.8340136,39.7183051, 1,>TL, S,WL, AS, R1, D1.5, Front Range, -, -, -,Above Treeline,Wet Loose,-37182.223870029,4797781.8907436505
426,63b28814-d6a0-480d-b028-26fff95ba685,2025-03-09, Known,-107.703004,39.0286591, 3,TL, NE,SS, AM, -, D2, Grand Mesa, -, Remotely triggered 5 avalanches 3 of which were at least D2 in size, -,At Treeline,Soft Slab,-245237.2834955461,4698866.6350513585
430,20812cd2-be40-4d31-8639-4c262ea098ea,2025-03-09, Estimated,-105.9697833,39.4701515, 1,TL, E,U, N, R2, D2, Vail & Summit County, -, -, -,At Treeline,Unreported,-52296.037739183324,4762075.841984564
431,2ffb574d-19c2-4535-b299-003f9f6de4e3,2025-03-09, Estimated,-105.6099385,40.2595345, 1,>TL, SE,SS, N, R1, D1, Front Range, -, -, -,Above Treeline,Soft Slab,-12238.297838575383,4876109.940811269
432,d35d0516-c414-48f5-9d2e-622ca3652ed6,2025-03-09, Estimated,-107.8480521,37.8474353, 1,TL, W,SS, AS, R1, D1, Northern San Juan, -, -, -,At Treeline,Soft Slab,-261383.96412807654,4531676.231349595
434,78f78c77-2e72-4151-ab34-73647a84e8f8,2025-03-09, Estimated,-105.6444469,39.9033204, 1,>TL, E,SS, AS, R1, D1, Front Range, -, -, -,Above Treeline,Soft Slab,-16079.755354667745,4824487.495080364
436,-,2025-03-09, Known,-107.102407,38.894299, 1,>TL, SE,WL, N, R1, D1.5, Gunnison, -, -, Natural Wet Loose avalanche on Purple Peak on the afternoon of 3/9.,Above Treeline,Wet Loose,-178379.1312835775,4679709.223829411
437,7a9fcad1-a3cb-4743-8e2b-b3e31246d771,2025-03-09, Estimated,-107.052722,38.882127, 3,TL, E,WL, N, -, D1, Gunnison, -, A handful of small wet loose avalanches ran today on east aspects., A handful of small wet loose avalanches ran today on east aspects.,At Treeline,Wet Loose,-172848.2223835139,4677975.515373717
441,95785888-4f68-4442-a43f-5e04d69a0cbd,2025-03-09, Known,-107.062498,38.948455, 1,TL, NW,SS, AS, -, D2, Gunnison, -, Intentionally skier-triggered avalanche. NW aspect at 11450ft. , Intentionally skier-triggered avalanche. NW aspect at 11450ft. ,At Treeline,Soft Slab,-173936.48172550942,4687426.521637807
442,699aaf67-2096-4a5f-991d-73551316654c,2025-03-08, Estimated,-108.090198,37.3993479, 3,TL, E,WL, N, R1, D1, Southern San Juan, -, -, -,At Treeline,Wet Loose,-288339.5224137554,4468963.353703681
443,f6c0dfc5-11c2-4a27-a250-312faf0f9414,2025-03-08, Estimated,-106.8021225,37.482703, 1,TL, NE,SS, N, R2, D2, Southern San Juan, -, -, -,At Treeline,Soft Slab,-144951.61365046338,4480600.672628194
445,c709dd8b-d682-43ae-882d-a2674d264bb4,2025-03-08, Estimated,-105.680562,40.2882156, 1,>TL, E,HS, N, R1, D1, Front Range, -, -, -,Above Treeline,Hard Slab,-20100.06989661476,4880278.279381771
446,c191ee32-5e31-4d59-8891-836939a98dc4,2025-03-08, Estimated,-107.2283371,37.9737427, 1,TL, N,HS, N, R2, D2, Northern San Juan, unnamed paths looking onto Windy Point from Hill 71 near Slumgullion Pass, -, -,At Treeline,Hard Slab,-192397.60589112388,4549423.081706147
448,4a6182e4-814e-4c68-855d-6b4eafac778b,2025-03-08, Estimated,-105.6713416,40.3077124, 1,TL, N,-, -, R1, D1, Front Range, -, -, -,At Treeline,Unreported,-19073.659663704664,4883112.84486626
449,5211cfe5-9a2b-4fcf-9873-705e7f07f789,2025-03-08, Known,-106.3780801,39.6433243, 1,>TL, SE,SS, AS, R1, D1, Vail & Summit County, -, -, -,Above Treeline,Soft Slab,-97747.42960770788,4786979.533092148
450,30e0c890-3f42-479b-93e9-ae032070b3f2,2025-03-08, Estimated,-106.7311742,40.5315085, 3,<TL, N,L, AS, R1, D1, Steamboat & Flat Tops, -, -, -,Below Treeline,Loose,-137053.68502181527,4915708.975651564
451,3a728b65-92cc-4a29-bc0e-0f1973cab8ea,2025-03-08, Known,-106.3667442,39.6496385, 1,TL, N,SS, AS, R1, D1.5, Vail & Summit County, -, A skier triggered an avalanche on their second turn. They were able to ski off of the moving slab of snow. , -,At Treeline,Soft Slab,-96485.5229920225,4787888.753652073
452,a9be3f93-7a1b-4a11-8d4f-edb51ad7913c,2025-03-08, Known,-107.1878239,39.0422324, 1,<TL, NE,SS, AS, R2, D2, Aspen, Money Shot, The slope that avalanched slid multiple times earlier this season and was significantly more shallow than adjacent slopes. The avalanche erased the tracks of two backcountry tourers that had crossed the same slope the day prior after one of them was caught in a small avalanche just below the ridgeline. The two skiers from the previous day also  remotely triggered an avalanche just below the accident site., Convex rollover on a slope that has avalanched multiple times this season. Debris piled up in a terrain trap below the slope and was over 4 meters deep.,Below Treeline,Soft Slab,-187887.69709671655,4700803.990866352
453,dba4be40-7533-4277-bd50-27e373651ea0,2025-03-08, Known,-105.6735705,40.3113375, 1,>TL, SE,WL, -, R1, D1, Front Range, -, -, -,Above Treeline,Wet Loose,-19321.779676733695,4883639.975251068
454,d4015c7b-bffe-4cb1-b1bc-bf8fb8e88482,2025-03-08, Estimated,-105.8799621,40.4271324, 1,>TL, -,WL, N, R1, D1, Front Range, -, -, -,Above Treeline,Wet Loose,-42297.18749274312,4900492.8903843835
455,5f9a5fac-33c1-43e6-aa31-14a3a59660b6,2025-03-08, Estimated,-107.7734228,37.7183894, 1,<TL, N,HS, AS, R2, D1, Southern San Juan, -, -, -,Below Treeline,Hard Slab,-253076.26845381834,4513576.235738562
456,10f36fa1-f06b-402f-9c9a-ace8817ffb96,2025-03-08, Known,-107.2500247,38.8560027, 1,<TL, N,SS, AM, R2, D2, Gunnison, Schaefer Creek west of Kebler Pass, -, -,Below Treeline,Soft Slab,-194811.85847965095,4674255.533561578
458,0949db31-1a44-4462-a5a8-f5c1230e50e5,2025-03-08, Known,-107.2496943,38.8555769, 1,TL, N,SS, AM, R2, D2, Gunnison, Schaefer Creek, -, -,At Treeline,Soft Slab,-194775.078519893,4674194.912985541
459,a7b037e2-d417-40ad-9b6e-a56a38c24e64,2025-03-08, Estimated,-107.1723691,39.110896, 1,TL, SE,SS, N, R1, D1.5, Aspen, Above Carbonate Creek, Several large to very large avalanches on the Elk Mountain Ridgeline above Carbonate Creek and behind Daly above North Lost Trail that slid Friday or Saturday, -,At Treeline,Soft Slab,-186167.27663040513,4710610.298416961
460,538d1b83-8300-4d63-8dac-737f4f5b1935,2025-03-08, Known,-107.287121,39.0728695, 1,TL, NE,SS, AS, R3, D1.5, Aspen, Just below the ridgeline between Birthday Bowl and The Tooth, A skier triggered and skied out of an avalanche on a northeast-facing slope near treeline north of Chair Mountain on Saturday March 8. He was the second skier on the slope and aired off a cornice landing on the slope and triggering the avalanche as he landed. The skier kept his speed up and skied off the avalanche without being knocked over or dragged down the slope., -,At Treeline,Soft Slab,-198941.3997059651,4705178.291374094
461,c534534a-6c26-48c6-91b1-e43f52c52569,2025-03-08, Estimated,-107.2224136,39.0020304, 1,TL, NW,SS, N, R1, D2, Aspen, north side of the saddle connecting peaks 11903 and 11697, Several recent avalanches from the last couple of days., -,At Treeline,Soft Slab,-191738.2048874085,4695066.93407257
462,a7b037e2-d417-40ad-9b6e-a56a38c24e64,2025-03-08, Estimated,-107.1880964,39.1076517, 1,>TL, SE,SS, N, R1, D2, Aspen, above Carbonate Creek, Several large to very large avalanches on the Elk Mountain Ridgeline above Carbonate Creek and behind Daly above North Lost Trail that slid Friday or Saturday, -,Above Treeline,Soft Slab,-187918.0316579587,4710146.741617711
463,a7b037e2-d417-40ad-9b6e-a56a38c24e64,2025-03-08, Estimated,-107.1765721,39.1134245, 1,>TL, SE,SS, N, R3, D3, Aspen, Above Carbonate Creek, Several large to very large avalanches on the Elk Mountain Ridgeline above Carbonate Creek and behind Daly above North Lost Trail that slid Friday or Saturday, -,Above Treeline,Soft Slab,-186635.15245020963,4710971.594154256
464,c534534a-6c26-48c6-91b1-e43f52c52569,2025-03-08, Estimated,-107.2158026,39.0080485, 1,TL, NW,SS, N, R2, D2, Aspen, North of The Kite, Several recent avalanches from the last couple of days., -,At Treeline,Soft Slab,-191002.27173377466,4695925.542321769
467,63cbc2a3-c034-4423-9300-66c7f4395b80,2025-03-08, Estimated,-105.8709235,39.7647403, 1,U, S,WL, -, -, -, Front Range, -, -, -,Below Treeline,Wet Loose,-41291.01514325911,4804477.667667191
468,97bef4f1-77d3-4b0d-82ca-9d44c51e3021,2025-03-08, Estimated,-106.8527587,38.9990374, 1,>TL, NE,SS, N, R1, D1, Aspen, near Castle Peak above hidden valley, -, -,Above Treeline,Soft Slab,-150588.40965016987,4694639.947231625
469,c534534a-6c26-48c6-91b1-e43f52c52569,2025-03-08, Estimated,-107.226094,39.0010994, 1,>TL, NE,SS, N, R1, D2, Aspen, Peak 11903, Several recent avalanches from the last couple of days., -,Above Treeline,Soft Slab,-192147.90514132555,4694934.113962783
470,0208261a-0919-420b-adac-9785677078dc,2025-03-08, Estimated,-107.8435745,37.8442872, 3,>TL, NW,U, AH, -, D2, Northern San Juan, These were located in upper Waterfall Canyon. , Numerous slab and loose avalanches were noted on a variety of aspects. The largest slab avalanches were on N-NW.  , It appears some heli mitigation yielded good results in the alpine terrain particularly on unsupported slopes with rocky convex features.,Above Treeline,Unreported,-260885.5199761014,4531234.298809957
471,1fda0956-31a1-4c1a-afe9-4d386ef56f2c,2025-03-08, Known,-107.0920389,38.9574898, 2,<TL, SE,WL, N, -, D2, Gunnison, -, Afternoon point release, These wet avalanches prided out old wind or storm slabs.,Below Treeline,Wet Loose,-177224.95967108352,4688714.57026367
473,70cb09b7-ba19-4db2-9e97-1ba8989d6db6,2025-03-07, Known,-107.1923153,39.039868, 1,<TL, N,SS, AR, R1, D1, Aspen, Below Money Shot, Triggered a couple of storm slabs one broke around me carrying me a short distance before stopping at some trees and watching it pass me., -,Below Treeline,Soft Slab,-188387.677457667,4700466.486327794
475,4e532cc2-6846-4807-8195-19e422e7ec8d,2025-03-07, Estimated,-105.6747574,40.3883896, 1,<TL, NE,SS, AS, R1, D1, Front Range, -, -, -,Below Treeline,Soft Slab,-19453.904780356348,4894850.97186716
476,5a865db6-2c8b-4a93-b0cb-c017fc53b921,2025-03-07, Estimated,-105.8957302,39.664348, 1,>TL, NE,HS, N, R1, D1.5, Front Range, -, -, -,Above Treeline,Hard Slab,-44052.48435552118,4790007.189853339
479,cfc096ef-73d0-45bb-9904-ee7df7193673,2025-03-07, Estimated,-107.7162926,37.8412183, 1,TL, NW,SS, AS, R1, D1, Northern San Juan, -, -, -,At Treeline,Soft Slab,-246716.5636808999,4530803.502733921
480,912379c8-ecc7-40c8-a644-f00fa92fc94b,2025-03-07, Known,-106.7892413,37.4994521, 1,<TL, NE,L, AS, R1, D1, Southern San Juan, Lobo, -, -,Below Treeline,Loose,-143517.68502565846,4482940.616129109
481,7bcc83af-c70f-4e3f-825e-49bb27e77dd3,2025-03-07, Known,-106.7171541,40.5516247, 3,<TL, SE,SS, AS, -, D1, Steamboat & Flat Tops, -, -, -,Below Treeline,Soft Slab,-135492.97462894567,4918644.2852697475
483,51659345-de22-410e-997c-5ab63714864e,2025-03-07, Estimated,-106.7498803,39.0332025, 1,TL, NE,SS, N, R2, D1.5, Aspen, -, -, -,At Treeline,Soft Slab,-139136.03854854414,4699515.085721697
484,8cc99d9a-112d-4c3c-bbc0-65f7f293a3a1,2025-03-07, Estimated,-107.0511989,40.7576148, 1,<TL, N,SS, N, R2, D2, Steamboat & Flat Tops, Sand Mtn South, -, -,Below Treeline,Soft Slab,-172678.67166708643,4948753.19363817
485,8312df71-49b7-4dce-80bc-f8575ccbe66d,2025-03-07, Estimated,-106.1553188,39.6460501, 1,>TL, N,-, AS, R2, D2, Vail & Summit County, -, -, -,Above Treeline,Unreported,-72949.75512325949,4787372.027561921
486,b565df90-d159-4038-8a3e-2c141d5a8f8e,2025-03-07, Known,-105.6714844,40.3102938, 1,>TL, SE,SS, AS, R1, D1, Front Range, Dragontail Couloir, -, -,Above Treeline,Soft Slab,-19089.556086989636,4883488.206588437
487,1a4c1160-40fe-49f9-a563-dff11586816b,2025-03-07, Estimated,-107.7318468,37.7984148, 1,>TL, NE,SS, N, R2, D2, Northern San Juan, Bear Mountain , -, -,Above Treeline,Soft Slab,-248448.04930459632,4524796.854915502
488,11d7ecf9-fe00-4a3d-9c52-1bbc7aeb3c67,2025-03-07, Estimated,-106.2603445,39.2532088, 1,TL, N,-, N, R2, D2, Sawatch, -, -, -,At Treeline,Unreported,-84641.1625674667,4730965.661127493
490,4fc3582d-419b-4263-a14d-858298dd6e6d,2025-03-07, Estimated,-106.2705206,39.6748645, 1,>TL, W,SS, N, R2, D2, Vail & Summit County, -, -, -,Above Treeline,Soft Slab,-85773.9608377274,4791522.036268429
491,6c295497-22f5-4973-9031-aadc29694ea1,2025-03-07, Known,-106.7617935,38.978992, 1,TL, NW,HS, N, R3, D2.5, Gunnison, Chutes north of Mt. Tilton, -, -,At Treeline,Hard Slab,-140462.20990626139,4691780.703086387
492,94e9a33a-69a1-4659-b69e-76b84f02d3a6,2025-03-07, Estimated,-106.7875714,38.9979289, 1,>TL, N,SS, N, R2, D2, Aspen, Taylor Peak, -, -,Above Treeline,Soft Slab,-143331.7926079825,4694481.811219697
493,a7b037e2-d417-40ad-9b6e-a56a38c24e64,2025-03-07, Estimated,-107.1313506,39.1038856, 1,>TL, SW,SS, N, R2, D2.5, Aspen, Behind Mount Daly east of Avalanche Pass above Buckskin Basin, Several large to very large avalanches on the Elk Mountain Ridgeline above Carbonate Creek and behind Daly above North Lost Trail that slid Friday or Saturday, Debris made it across the bench likely down to the creek,Above Treeline,Soft Slab,-181601.11809730215,4709608.655207013
494,99e2eac5-189e-4da2-aaac-20fada1cbb04,2025-03-07, Known,-105.8921682,40.4836716, 1,>TL, N,SS, AF, R1, D1.5, Front Range, Grand Couloir in Paradise Basin, -, -,Above Treeline,Soft Slab,-43655.96432931404,4908732.289774183
496,b0f6c64e-ee70-4262-a784-eae0c20d8fa5,2025-03-07, Estimated,-105.8916381,39.7826806, 1,>TL, NE,SS, N, R1, D1, Front Range, -, -, -,Above Treeline,Soft Slab,-43596.95386724516,4807065.808550805
497,ffd60188-6f3c-4ac6-9604-867350d6ebca,2025-03-07, Estimated,-107.0839593,38.9474241, 1,<TL, NE,SS, N, R2, D1.5, Gunnison, -, Recent natural avalanches., -,Below Treeline,Soft Slab,-176325.54271327035,4687279.561630012
499,7887e941-8c7f-4d63-8ae4-bb047dce97af,2025-03-07, Estimated,-107.0263883,40.7325229, 1,<TL, NE,-, N, R2, D2, Steamboat & Flat Tops, Saddle Mountain NE side, -, -,Below Treeline,Unreported,-169916.76830880967,4945080.574554548
500,accfbc8a-6cfe-415c-8214-faa2a24dfe9c,2025-03-07, Estimated,-107.1782183,39.2710897, 1,>TL, N,SS, N, R3, D3, Aspen, Mount Sopris, A very large avalanche in the northwest bowl of Mount Sopris, -,Above Treeline,Soft Slab,-186818.40659595243,4733526.153814412
502,14b7abf7-9546-4b05-9a8d-40904d6feb95,2025-03-07, Estimated,-107.104761,38.925625, 1,>TL, S,SS, N, -, D2, Gunnison, -, A handful of large wind slab avalanches on alpine slopes and one looks like a step down on Peeler Peak., Likely ran late 3/6 or early 3/7 during wind event.,Above Treeline,Soft Slab,-178641.17736490432,4684172.493995952
503,c99f9991-aa7a-4dc7-8d0a-26d2f1311512,2025-03-07, Known,-107.0416,38.842285, 1,TL, N,SS, AS, -, D2, Gunnison, -, Two large soft slab avalanches ran in Wang Chung and 4th Bowl during the storm.  These were slabs of new and drifted snow that likely failed on March 3 interface a couple feet deep.  Yesterday a skier triggered a similar avalanche in the Pencil while skiing across the top of the start zone and today we triggered one in Quill by stomping and pushing at a drifted feature from the ridgeline (See video).  These avalanches are a hybrid of problems: wind-drifted storm snow over a faceted weak layer., This intentionally triggered avalanche released right along a section of ridge that had some previous wind loading. ,At Treeline,Soft Slab,-171610.12700691016,4672302.746919299
504,50f43a6a-f92d-4d5d-bf3b-d2cb484b5c16,2025-03-07, Estimated,-106.82577,38.966832, 1,>TL, SE,SS, N, -, D1, Gunnison, -, I had good views of the leeward terrain of the Southeast Mountains. Avalanche activity was relatively minimal compared to activity in the Northwest Mountains -just a few shallow wind-drifted slabs documented above and activity on Double Top that might have broke deeper. There has also been minimal wet loose activity here in the past week., -,Above Treeline,Soft Slab,-147584.04130899947,4690046.617566036
505,213886cf-ba5d-4280-8309-cf6835f36206,2025-03-06, Estimated,-106.5245473,39.060561, 2,All, E,SS, N, R2, D2, Sawatch, -, Natural avalanches on Star Mountain that most likely occurred overnight on 3/6-7. R2 D2 on east facing terrain starting above tree line and reaching the valley floor. , -,Across Zones,Soft Slab,-114052.08372962286,4703420.6797629595
507,559a4afa-75aa-442e-9ae4-01cbea5c665a,2025-03-06, Estimated,-107.6444382,37.7936285, 1,>TL, W,SS, N, R2, D2, Northern San Juan, Denver slidepath on Kendall Mountain, -, -,Above Treeline,Soft Slab,-238717.76846164346,4524125.40802762
508,9b23485d-27df-402a-b611-60d14d0cfb6a,2025-03-06, Estimated,-107.729727,37.6712181, 2,>TL, N,SS, N, R2, D2, Southern San Juan, North Twilight Fourth of July, -, -,Above Treeline,Soft Slab,-248212.07424801245,4506967.921440301
509,68f57a23-9991-4c72-bdcb-0d54926bfd6d,2025-03-06, Estimated,-107.5351933,37.8982466, 1,>TL, NW,HS, N, R2, D2, Northern San Juan, Burns Gulch, A handful of naturals observed around Burns Gulch. These avalanches likely failed on March 6th loaded by strong winds and heavy snowfall., -,Above Treeline,Hard Slab,-226556.6818218828,4538811.791914327
511,d40517e7-229b-4ade-a362-17c9d41a1969,2025-03-06, Estimated,-107.6811385,37.9100009, 1,>TL, NW,SS, N, R2, D2, Northern San Juan, Mill Creek, Avalanches viewed from highway 550. , -,Above Treeline,Soft Slab,-242803.22716960477,4540463.185486068
514,fc57d7cf-3e4c-4bde-a763-495e3f8ffcf2,2025-03-06, Estimated,-107.9326958,37.8587794, 1,>TL, NE,SS, N, R3, D2, Northern San Juan, -, -, -,Above Treeline,Soft Slab,-270806.4577109358,4533268.882080815
516,a20c3621-1a1c-40b6-ad29-5f764c6c4ed9,2025-03-06, Estimated,-107.7120057,37.898884, -,TL, E,SS, N, R1, D1, Northern San Juan, -, -, -,At Treeline,Soft Slab,-246239.34815581888,4538901.33515367
518,4f0a218c-3523-4417-9610-39021d364248,2025-03-06, Known,-107.1340969,39.0742451, 2,<TL, NW,SS, AS, R1, D1, Aspen, Lower down on the north side of Sheep Mountain, Remotely triggered several avalanches on north-facing slopes above 11000 feet some from around 100 feet away. Also triggered several small avalanches breaking within the new snow on small convex rollovers below and near treeline., Easy to trigger slab avalanches in the storm snow on steep convex rollovers. None of them broke more than about 6 feet wide.,Below Treeline,Soft Slab,-181906.83481486762,4705374.741535957
519,4f0a218c-3523-4417-9610-39021d364248,2025-03-06, Known,-107.1232307,39.06584, 1,TL, N,SS, AS, R2, D1, Aspen, Scree field on the north side of Sheep Mountain, Remotely triggered several avalanches on north-facing slopes above 11000 feet some from around 100 feet away. Also triggered several small avalanches breaking within the new snow on small convex rollovers below and near treeline., -,At Treeline,Soft Slab,-180697.2149640087,4704174.465029673
521,4f0a218c-3523-4417-9610-39021d364248,2025-03-06, Known,-107.1236489,39.0657687, 1,TL, NW,SS, AS, R2, D1.5, Aspen, Just a few hundred feet down from the summit on the north side of Sheep Mountain, Remotely triggered several avalanches on north-facing slopes above 11000 feet some from around 100 feet away. Also triggered several small avalanches breaking within the new snow on small convex rollovers below and near treeline., Triggered from about 100 feet away,At Treeline,Soft Slab,-180743.76877505923,4704164.2837665565
522,017a0489-de2b-400e-888c-4a49998682c9,2025-03-06, Estimated,-105.8927777,40.4852777, 1,>TL, NE,L, N, R1, D1.5, Front Range, -, -, -,Above Treeline,Loose,-43723.81355895315,4908966.447184665
523,0fcf53d4-bdf0-46d3-9244-af417f5e609a,2025-03-06, Known,-105.6590913,40.3068052, 3,TL, NE,SS, AR, R1, D1, Front Range, -, -, -,At Treeline,Soft Slab,-17709.962505640204,4882980.932225292
524,c63669cd-60ba-4b2f-87fa-a53aec7807af,2025-03-06, Known,-105.6777353,40.3114305, 1,>TL, E,SS, AS, R1, D1, Front Range, Dead Elk, -, -,Above Treeline,Soft Slab,-19785.403091989236,4883653.4988740785
525,4f0a218c-3523-4417-9610-39021d364248,2025-03-06, Known,-107.1209073,39.0683343, 1,TL, N,SS, AS, R2, D1, Aspen, Scree field on the north side of Sheep Mountain, Remotely triggered several avalanches on north-facing slopes above 11000 feet some from around 100 feet away. Also triggered several small avalanches breaking within the new snow on small convex rollovers below and near treeline., -,At Treeline,Soft Slab,-180438.57525909916,4704530.644410436
526,a3622d44-26a2-4de0-a65c-0d3fc8907b8a,2025-03-06, Estimated,-107.7310616,37.6725706, 2,TL, NE,SS, N, R1, D1.5, Southern San Juan, Hemiotite. , Avalanches viewed from highway 550 south of Silverton to Coal Bank Pass , -,At Treeline,Soft Slab,-248360.64124042596,4507157.33664282
528,8343cb0d-ff12-4812-928e-ae57009689be,2025-03-06, Estimated,-107.7223232,37.8931298, 1,>TL, N,SS, N, R3, D2, Northern San Juan, US basin., -,  Wide crown. Could be pushing 2.5 hope to get a better look in a few days  ,Above Treeline,Soft Slab,-247387.88700207937,4538093.0018463675
530,93533b8e-c922-4299-a38e-bc8f1195356b,2025-03-06, Estimated,-107.1909521,39.0409799, 1,TL, E,SS, N, R2, D1.5, Aspen, Mud Peak, -, -,At Treeline,Soft Slab,-188235.92672781725,4700625.202257028
531,edce3d04-e7ad-4314-a690-8a4f6db0aaf0,2025-03-06, Estimated,-105.9463783,39.4654489, 1,>TL, NE,HS, N, R3, D2.5, Vail & Summit County, Guyot, -, -,Above Treeline,Hard Slab,-49690.605057167944,4761400.441623275
538,598ac5e1-a352-432d-b452-b4605fea7484,2025-03-06, Known,-106.2440368,39.619461, 1,TL, N,SS, AS, R1, D1.5, Vail & Summit County, -, The avalanches I observed are mentioned above. I also observed an avalanche across the road in East Vail in a path locally known as Old Man's. We received information that this was a rider triggered avalanche on Wednesday (3/4/25). The rider was not caught in the avalanche., -,At Treeline,Soft Slab,-82825.7977074573,4783544.064987635
540,3610ff5f-c703-42b9-8f1f-6d15cfd29dba,2025-03-06, Estimated,-105.6706841,40.3121817, 1,>TL, SE,SS, N, R2, D1.5, Front Range, -, TL-SSE-HS0N-R2-D1.5-Wind Slab , -,Above Treeline,Soft Slab,-19000.467098509012,4883762.735536413
541,0b3c70b2-86c6-4a08-948e-dd24914d8ff6,2025-03-06, Estimated,-105.8941833,39.6937634, 1,>TL, SE,SS, N, R2, D2, Front Range, -, -, -,Above Treeline,Soft Slab,-43880.284235211686,4794244.907615684
542,1625732d-37d3-4bb3-86a7-5f94a75ec6f5,2025-03-06, Estimated,-107.8386253,37.8475294, 1,>TL, NW,SS, N, R2, D1.5, Northern San Juan, OMG Bowl, I observed one Storm Slab avalanche in Oh My God Bowl which appears to have released during the storm. , -,Above Treeline,Soft Slab,-260334.57755226764,4531689.4414680265
547,6230d313-df2a-4e51-8ad1-cd3fba598ee6,2025-03-06, Estimated,-107.717648,37.894489, 2,>TL, NE,SS, N, R2, D1.5, Northern San Juan, Red #1, -, -,Above Treeline,Soft Slab,-246867.44611872177,4538283.932568044
548,7bd8452a-f263-41fb-9571-a5c5d2321faf,2025-03-06, Estimated,-107.6884952,37.8986854, 1,>TL, NE,SS, N, R2, D1.5, Northern San Juan, -, -, -,Above Treeline,Soft Slab,-243622.1712675237,4538873.435340702
551,ae4560e7-8d48-4f6b-b8bf-a85d2a713725,2025-03-06, Estimated,-107.7111321,37.9057476, 1,TL, NE,SS, N, R1, D1, Northern San Juan, -, -, -,At Treeline,Soft Slab,-246142.09944866144,4539865.59709235
552,6ec48569-010c-4789-af29-379235efa904,2025-03-06, Estimated,-107.7933069,37.7225437, 1,>TL, E,U, U, U, D2, Southern San Juan, -, -, -,Above Treeline,Unreported,-255289.75634070183,4514158.422494214
553,fc70c9c9-1da1-4420-8bf7-e3b7cb91cd2d,2025-03-06, Estimated,-105.9020977,40.5592896, 3,>TL, E,SS, N, R1, D1.5, Front Range, -, -, -,Above Treeline,Soft Slab,-44761.31121314591,4919762.9636342935
554,e51ea63c-2600-4d16-a0dd-15fe0d3e8deb,2025-03-06, Estimated,-106.8444843,39.0202686, 3,>TL, E,-, -, -, -, Aspen, -, -, -,Above Treeline,Unreported,-149667.30765555165,4697669.222636681
555,31aca319-e8a9-4378-b91e-f6c222793aba,2025-03-06, Estimated,-107.1908154,39.0460633, 1,TL, E,SS, N, R2, D2, Aspen, Middle Bowl, -, -,At Treeline,Soft Slab,-188220.7093534257,4701350.854040582
556,dfc3c89f-0659-45a2-8768-4fd754a90c58,2025-03-06, Estimated,-107.705941,37.8034278, 1,>TL, N,SS, N, U, D2, Northern San Juan, -, -, North Star n d2 atl ,Above Treeline,Soft Slab,-245564.22884000425,4525500.151488506
561,b4bebf1e-5bff-446f-b923-4f5e54cc3944,2025-03-06, Estimated,-106.9928132,39.1462074, 1,>TL, NE,SS, N, R1, D1.5, Aspen, Willoughby Mountain, -, -,Above Treeline,Soft Slab,-166179.20527347675,4715657.105374535
562,678c5ccb-d23f-4cab-963b-a1b885f7e5d7,2025-03-06, Estimated,-106.3947476,39.0180486, 1,>TL, NE,SS, N, R2, D2, Sawatch, -, -, -,Above Treeline,Soft Slab,-99602.8472205036,4697352.429302272
564,a340a08a-db45-496d-af40-526f989f018c,2025-03-06, Estimated,-107.119085,38.9965919, 2,>TL, NW,SS, N, R2, D2, Aspen, -, -, -,Above Treeline,Soft Slab,-180235.7177510269,4694291.081255939
567,7175aa8a-f302-4ae6-bd01-2a49cccb8c2c,2025-03-06, Estimated,-107.5775137,37.5126317, 1,>TL, NE,SS, N, R2, D3, Southern San Juan, -, -, -,Above Treeline,Soft Slab,-231267.76720004927,4484782.252532784
572,-,2025-03-06, Estimated,-107.057897,38.917745, 1,TL, NE,SS, N, -, D2, Gunnison, -, -, Likely ran late 3/6 or early 3/7 during peak of storm.  A soft slab of wind drifted snow that failed on 3/3 interface appeared to gouge into weak snow further in track (This path has run every major storm cycle so the existing snowpack was shallow).,At Treeline,Soft Slab,-173424.3007483682,4683049.579310212
573,-,2025-03-06, Estimated,-107.0081211,39.0026246, 1,>TL, SE,SS, N, -, D3, Gunnison, -, -, The obvious avalanche in the foreground is coded for 3/7 and D2.5 in size. The less obvious crown in the background is coded for 3/6 and D3 in size.,Above Treeline,Soft Slab,-167883.27290659084,4695151.705895151
574,84a444c0-3fa9-48d1-8422-ea620cf781c2,2025-03-06, Known,-107.102014,38.89891, 2,TL, W,SS, AS, -, D1, Gunnison, -," Winds slabs grew in size and reactivity this afternoon with continued precip and transport. X 2 SS-ASc-D1 windslabs W aspects NTL cross loaded features. 10-12"""" X 20' X 200'"," Winds slabs grew in size and reactivity this afternoon with continued precip and transport. X 2 SS-ASc-D1 windslabs W aspects NTL cross loaded features. 10-12"""" X 20' X 200'",At Treeline,Soft Slab,-178335.38272369554,4680366.06591527
575,5a5f123d-e05d-4dcb-8d74-fd7df1db1ea9,2025-03-06, Estimated,-107.11434,38.903811, 1,>TL, W,SS, N, -, D2, Gunnison, -, Some small wet loose avalanches and roller balls up to 12000ft on southerly slopes. Initiating from rock outcrops., A large slab avalanche on Gothic Mountain that ran 3/6 or 3/7,Above Treeline,Soft Slab,-179707.50676721323,4681064.265965791
590,7171770c-f622-434f-ab2f-e65c4839a388,2025-03-05, Known,-107.1938943,39.0533451, 1,TL, NE,SS, N, R2, D2, Aspen, Carbonate avalanche path main chute, A large avalanche in the Carbonate avalache path likely failed overnight March 6 2025, Likely slid on the layer buried March 3 the avalanche was not here around before noon on March 6,At Treeline,Soft Slab,-188563.4509336278,4702390.417604764
591,52b2597b-0e41-4742-962f-9598b8c7824d,2025-03-05, Known,-107.1705193,39.0160649, 1,TL, SE,SS, AS, R1, D1, Aspen, -, -, -,At Treeline,Soft Slab,-185961.3578363353,4697069.36438958
592,77a5988a-95e5-4bb7-8bb8-56dbeec98b82,2025-03-05, Estimated,-106.1550473,39.6387084, 1,>TL, SE,L, N, R1, D1, Vail & Summit County, Red, -, -,Above Treeline,Loose,-72919.53188150997,4786314.914158276
594,b14efbc8-78e0-4a42-a66c-32b7d85d306e,2025-03-05, Estimated,-105.9294274,39.6895663, 1,>TL, E,SS, N, R1, D1.5, Vail & Summit County, Straight Creek, -, -,Above Treeline,Soft Slab,-47803.63950067818,4793640.142803987
595,75764f42-4a57-4876-8949-33d4ed1c71c9,2025-03-05, Known,-107.122613,38.896291, 2,TL, S,SS, AS, -, D1, Gunnison, -, We skier triggered a couple of small wind slabs on small steep slopes. These were on southerly aspects near treeline and entrained wet loose debris once in motion.  Several small wet loose avalanches ran midday from hot rocky slopes and we skier triggered one on a southerly aspect at 12000'.  There were a handful of D1 to D2 wind slabs that ran in the Ruby Range yesterday no step downs., Baseball hat caught buried lost for good.  Skier 2 lost his hat on first lap went to retrieve it and buried his hat with debris on second lap. Whoops!  See photos for sequence of events.,At Treeline,Soft Slab,-180628.45291454627,4679992.981173197
598,11975518-9d25-4847-8fea-a79025c2e98f,2025-03-05, Known,-107.0971216,38.8315442, 2,<TL, E,SS, AS, -, D1, Gunnison, -, -, -,Below Treeline,Soft Slab,-177790.76324693748,4670774.00254568
599,03d8ed16-f84a-4185-8721-2751e077d93a,2025-03-05, Known,-107.101327,38.900351, 2,<TL, W,SS, AS, -, D1, Gunnison, -," X 2 ASc-SS-R1-D1 W aspects BTL. 10-16 """" X 10-20' wide and not running far."," X 2 ASc-SS-R1-D1 W aspects BTL. 10-16 """" X 10-20' wide and not running far.",Below Treeline,Soft Slab,-178258.9062335198,4680571.346788622
600,8d5e4e98-d4a5-4438-8fad-a234533c0732,2025-03-04, Known,-106.1392939,39.4437263, 1,>TL, NE,SS, AC, R1, D1, Vail & Summit County, -, Remote triggered an R1 D1 WSa from ~30m on an ENE facing slope. Also triggered an R1 D1 WSa after causing a cornice failure., -,Above Treeline,Soft Slab,-71165.87141524542,4758281.178886023
602,0edb0060-604d-4a74-bbcb-f3b05608d7d9,2025-03-04, Estimated,-107.182531,39.015598, 1,<TL, NW,SS, N, R1, D1, Aspen, -, -, -,Below Treeline,Soft Slab,-187298.49416389654,4697002.7410598975
603,df60ad20-c8d1-4f45-8d2e-dec09a9c36e1,2025-03-04, Known,-107.8394731,37.8821418, 1,TL, N,SS, N, R1, D1, Northern San Juan, -, -, -,At Treeline,Soft Slab,-260428.95421656204,4536549.616476313
604,b908fed6-beaa-44a6-8622-02764fe7e442,2025-03-04, Estimated,-107.694443,37.897862, 1,<TL, N,SS, N, R1, D1, Northern San Juan, Mill creek , Loose avalanches being triggered by sun out of steep rocky terrain. All size 1 that I saw. A few storm snow avalanches triggered by new snow and wind with the largest avalanche on an east slope near Black Bear Pass. , -,Below Treeline,Soft Slab,-244284.27733486384,4538757.762907794
606,e8f7c734-f721-423a-810e-35d44df0ebce,2025-03-04, Estimated,-106.5419557,39.0815459, 2,>TL, E,U, N, R2, D2.5, Sawatch, North running ridge of Mt. Oxford and East face Mtn. Boy Pk. (See media), Many Loose Dry Wind and Persistent Slab small to large avalanches on Easterly aspects near and above treeline., Either of these could have started as a wind slab stepping down into old snow.,Above Treeline,Unreported,-115989.9779531494,4706417.437258877
608,fc7cae47-5fc3-424c-bfb4-2d4f6fdd5e21,2025-03-04, Known,-107.1923885,39.0338391, 1,TL, NE,SS, AS, R1, D1.5, Aspen, The Fridge, Saw tracks from someone that dropped into the fridge triggered an avalanche that broke at their tracks cut left back to the ridge and skinned back out. We easily triggered small avalanches on steep rollovers lower down on east-facing below treeline slopes., -,At Treeline,Soft Slab,-188395.82604439216,4699605.946959445
612,6653df08-ccd5-4679-a0b8-ddb34cfb8193,2025-03-04, Estimated,-106.5201458,39.2508795, -,<TL, N,-, -, -, D1, Aspen, -, -, -,Below Treeline,Unreported,-113562.11099089631,4730632.160629044
613,79676bf1-4b26-4e44-8029-3654f5ac1e9a,2025-03-04, Known,-107.1038866,38.8317032, 1,TL, NE,SS, AS, -, D1, Gunnison, -, Remote triggered a small wind slab on  the skiers left roll in a rock chute while approaching from the top. Ran maybe 40 feet and propagated 35’., Remote triggered a small wind slab on  the skiers left roll in a rock chute while approaching from the top. Ran maybe 40 feet and propagated 35’.,At Treeline,Soft Slab,-178543.83960215474,4670796.631413075
614,c8d5069d-9771-435e-95e9-4a12e2920bcf,2025-03-04, Known,-107.082377,38.970961, 1,TL, SE,SS, AS, R1, D1, Gunnison, -," We intentionally skier-triggered two wind slabs up to 18"""" thick on leeward terrain features near treeline.  Poor visibility of surrounding terrain.", -,At Treeline,Soft Slab,-176149.40188298648,4690635.402917539
616,-,2025-03-04, Known,-107.049337,38.880125, 2,<TL, E,SS, AS, R1, D1, Gunnison, -, -, Small Wind Slab avalanches.,Below Treeline,Soft Slab,-172471.4059071772,4677690.390884074
625,ff3cd50f-7243-42ce-89f6-259c2c6690de,2025-03-03, Known,-106.9269215,39.1680655, 1,TL, SE,WL, N, R1, D1, Aspen, Mr. Magoo's, A large slab avalanche occurred in Willow Creek after sunset on February 25 and before sunrise on February 26 (between 6 P.M. and 6:30 A.M.) and a Loose Wet avalanche occurred in West Willow Creek covering several traverse routes between 1:30 and 1:40 P.M on March 2., -,At Treeline,Wet Loose,-158844.17478197443,4718782.40694593
626,7f784b7c-cc16-4845-9add-7bf5b13895ec,2025-03-03, Estimated,-105.6160295,40.2548753, 1,>TL, E,-, N, R1, D1.5, Front Range, -, -, -,Above Treeline,Unreported,-12916.344856997288,4875432.9688824965
628,faca34b4-514d-49aa-b49e-a02dbbc6afd0,2025-03-02, Estimated,-105.9639052,40.3435285, 1,TL, NW,-, N, R2, D1.5, Front Range, -, -, -,At Treeline,Unreported,-51641.69064035183,4888322.160926908
630,29c50230-004c-4683-a8d2-1cdcd2fc6c67,2025-03-02, Estimated,-106.7997604,39.0536012, 1,TL, SE,WS, AS, R1, D1, Aspen, -, -, -,At Treeline,Wet Slab,-144688.66588126068,4702426.980892905
631,b1e5b4ed-2ed6-4ac1-a6c1-2994e795e10c,2025-03-02, Known,-107.05722,38.980278, 1,<TL, E,-, N, -, D1.5, Gunnison, -, I noticed one new wet avalanche. A few others probably occurred. Otherwise wet avalanche activity mostly occurred on Friday and some on Saturday. Nothing to notable., I noticed one new wet avalanche. A few others probably occurred. Otherwise wet avalanche activity mostly occurred on Friday and some on Saturday.,Below Treeline,Unreported,-173348.93745310197,4691964.111590771
632,9f05a7f2-cadb-4476-b495-17d1de126994,2025-03-01, Estimated,-105.8189687,39.6141141, 1,>TL, S,-, N, R2, D2, Vail & Summit County, -, -, -,Above Treeline,Unreported,-35507.43326299175,4782774.464945075
633,9bc09b30-80ad-4447-aa06-27f2597c6a29,2025-03-01, Estimated,-106.3336757,38.5469263, 2,>TL, SE,WL, N, R1, D1, Sawatch, -, -, -,Above Treeline,Wet Loose,-92804.3544107258,4630348.510631411
634,f28a852a-f8e5-4120-a263-a3d712f50d45,2025-03-01, Known,-107.6463027,39.0833293, 1,<TL, U,-, AM, R2, D1, Grand Mesa, -, Two remotely triggered avalanches by a group of snowmobilers, May be a repeater on this small slope based on the photo,Below Treeline,Unreported,-238925.3236522296,4706672.157870003
635,70740cd1-6f01-4d09-8c97-f644868f47b7,2025-03-01, Estimated,-105.6697719,40.3033552, 3,-, S,WL, -, R1, D1, Front Range, -, -, -,Unreported,Wet Loose,-18898.921459007237,4882479.296622787
636,ca11281e-7e69-419f-b903-dc9167114af1,2025-03-01, Estimated,-105.9279996,40.4764692, 1,TL, NE,HS, N, R2, D2, Front Range, Lone Ranger subpeak around the Wilderness boundary. , -, -,At Treeline,Hard Slab,-47644.69753172616,4907682.302956716
638,ceae6571-a2bd-46d4-a192-5ffe99cb46db,2025-03-01, Estimated,-106.2406731,39.3672614, 1,>TL, E,C, N, R1, D1.5, Sawatch, -, We saw a few old crown lines but they were from a previous cycle. The most recent avalanche I saw was a cornice failure that likely occurred last weekend during the warmup., -,Above Treeline,Cornice,-82451.35233627452,4747308.974145367
639,546c2d28-0ebd-4eec-a726-4798d603a95e,2025-02-28, Known,-106.9402861,39.120652, 1,>TL, NE,U, N, R3, D3, Aspen, Sievers Mountain, Getting a better look at the very large avalanche that failed between 2:10 and 2:20 P.M. on February 28 2025 near Sievers Mountain above West Maroon Creek., The avalanche likely failed as water percolated to the weak layer on the southeast-facing aspect of the bowl feature and then propagated over a thousand feet across the slope into a dry snowpack on the northeast-facing aspect of the bowl.,Above Treeline,Unreported,-160331.91524862943,4712004.399049336
640,6ee58f70-b2db-42db-90af-c9f2364169f2,2025-02-28, Estimated,-107.7176737,37.924026, -,>TL, S,WL, N, R1, D1.5, Northern San Juan, -, Two wet-loose slides originating from a steep rocky point around 13000ft on south/southeast aspects. It appeared the releases were able to step down into lower layers beyond the the 2/12 interface. , -,Above Treeline,Wet Loose,-246870.307029636,4542433.958060295
641,a64aab5e-a249-4d4f-8c9e-d319ba424881,2025-02-28, Known,-106.7956298,38.9584356, 2,>TL, W,HS, AM, R2, D2, Gunnison, West slopes of Crystal Peak closer to Hunter Pass, -, Same path from the 2002 fatality.,Above Treeline,Hard Slab,-144228.8495925906,4688849.41806025
642,d4c6be03-d207-42f7-853b-430c5cf377fe,2025-02-28, Estimated,-107.106025,38.8303943, 1,TL, S,WS, N, R2, D2, Gunnison, Anthracites - south side of Big Chute knob into the Playground basin, A fresh (less than 24 hours old) Wet Slab avalanche. Likely ran on the afternoon of February 28 2025., -,At Treeline,Wet Slab,-178781.8852012668,4670610.350385719
644,104bcc1d-0777-40c7-8fc6-6e0e8777b904,2025-02-28, Estimated,-106.8833455,39.1212379, 1,>TL, E,WL, N, R1, D1, Aspen, South Highland Bowl/Shredder Basin, Observed several Loose Wet avalanches off Highlands Ridge into Maroon Creek and Conundrum Creek none larger than a D1.5, -,Above Treeline,Wet Loose,-153993.31665116645,4712088.128445805
645,4220e848-8762-4bc3-9fe0-8a2b888100f4,2025-02-28, Estimated,-106.9902878,39.0854477, 2,>TL, NE,SS, N, R2, D2.5, Aspen, Near Buckskin Benchmark and Pea 13047 south of Buckskin Pass most likely, Observed several large to very large avalanches that all looked recent within a week or a few days., Best estimates on partial views of the crowns,Above Treeline,Soft Slab,-165898.07903142873,4706974.734513603
646,a1ae2ba8-aecc-4a9d-bf65-cac0facba03e,2025-02-28, Estimated,-106.8277101,39.0217793, 1,>TL, SE,WS, N, R2, D2, Aspen, North Kellogg, -, -,Above Treeline,Wet Slab,-147800.0122530872,4697884.804807371
648,34c51f6d-4670-4187-b05f-5d89e05e426d,2025-02-28, Estimated,-105.8125107,39.7898718, 1,>TL, SE,SS, N, R2, D1.5, Front Range, -, -, -,Above Treeline,Soft Slab,-34788.53199145004,4808103.431348133
649,2bd1d14f-43bd-4507-98f2-d4b2c11349ee,2025-02-28, Estimated,-107.090684,38.917879, 2,TL, S,WL, N, -, D1, Gunnison, -, Recent wet loose avalanche activity on the southern half of the compass was visible from both today and yesterday. These avalanches were small in size.  Additional old slab avalanches were also documented., Didn't see these this morning,At Treeline,Wet Loose,-177074.1328930073,4683068.673509212
650,fd31357a-f0af-48bf-8bea-e021a597c975,2025-02-28, Estimated,-107.105407,38.830523, 1,TL, S,WS, N, R2, D2, Gunnison, -, A fresh (less than 24 hours old) Wet Slab avalanche. Likely ran on the afternoon of February 28 2025., A fresh (less than 24 hours old) Wet Slab avalanche. Likely ran on the afternoon of February 28 2025.,At Treeline,Wet Slab,-178713.08975595643,4670628.666657289
651,1b9e7e53-0fe1-40e1-a042-8217bf83ac00,2025-02-27, Estimated,-105.5660604,37.9670725, 2,TL, SE,WL, N, R1, D1, Sangre de Cristo, -, -, -,At Treeline,Wet Loose,-7353.810089599189,4548485.114629768
652,6b60c753-a273-4a97-a79d-da903b961153,2025-02-27, Estimated,-107.7204324,37.9217883, -,>TL, S,WL, N, R1, D1.5, Northern San Juan, -, Two Wet-Loose slides that may have stepped down into some deeper layers beyond the 2/13 interface, -,Above Treeline,Wet Loose,-247177.40410888736,4542119.496549957
656,a9849321-3025-4e5a-bcff-bd038297f429,2025-02-27, Estimated,-105.790282,39.8123538, 1,>TL, E,SS, N, R2, D2, Front Range, -, -, -,Above Treeline,Soft Slab,-32314.044426453358,4811348.078732264
658,dc7f7eda-fb01-4007-8972-ca30c77bc097,2025-02-27, Estimated,-107.3868625,38.0070227, 1,TL, SE,WS, N, R1, D1, Northern San Juan, -, -, -,At Treeline,Wet Slab,-210044.57269692406,4554104.217772347
660,b8168556-d328-4f50-99c7-982d3228bb81,2025-02-27, Estimated,-106.1923138,39.5465013, 1,>TL, E,C, N, R3, D2.5, Vail & Summit County, -, There was a large avalanche triggered by a massive cornice fall. Judging by the missing section in the cornice and the large chunks in the debris it was a big trigger. The slope did break into deeper layers a couple hundred feet below the ridge. , -,Above Treeline,Cornice,-77068.01968515503,4773047.856352714
661,6cd46217-5555-4e38-91d2-b421ab9a2d69,2025-02-27, Estimated,-106.8227789,39.0325068, 1,>TL, NE,HS, N, R2, D2, Aspen, northeast east face of Durr Peak , -, -,Above Treeline,Hard Slab,-147251.07358008713,4699415.790147658
662,7081059c-9ebb-49d7-9c7a-eb590b69dac0,2025-02-27, Estimated,-106.8502352,39.0676709, 1,>TL, NE,HS, N, R2, D2, Aspen, Ski Hayden , -, Date unknown. ,Above Treeline,Hard Slab,-150307.49491515403,4704435.911423
665,04b7e35d-3c06-4954-8e41-0883f92ec799,2025-02-27, Known,-106.932938,38.965191, 1,>TL, SW,WS, N, -, D2, Gunnison, -, Minimal wet loose activity today and one fresh wet slab on a SW aspect ATL that ran today above Copper Creek.  Coding numerous older persistent slabs that ran last week or during the storm., I looked at this feature in the morning and the slab was not there. Ran sometime this afternoon before 4 p.m.,Above Treeline,Wet Slab,-159513.9284983306,4689812.624567226
666,39518e8d-734d-4564-8290-1c982250ee50,2025-02-26, Estimated,-106.1285561,39.431423, 1,>TL, N,HS, N, R2, D2, Vail & Summit County, Up-valley of Half Dome, -, -,Above Treeline,Hard Slab,-69970.5449870059,4756514.918157443
667,9f42a511-0eec-4f17-a098-463b87ca66a0,2025-02-26, Estimated,-106.5587901,39.0679947, 1,>TL, E,SS, N, R2, D2, Sawatch, Ouray Peak, East aspect off of the north ridge of Ouray Peak ATL (11800ish ft)., -,Above Treeline,Soft Slab,-117863.97478895861,4704482.149690924
668,ebe39ced-43eb-4f0e-9c26-154093ba2dd7,2025-02-26, Estimated,-107.7015116,37.8765755, 1,>TL, NE,SS, AS, R2, D2, Northern San Juan, -, -, -,Above Treeline,Soft Slab,-245071.15028748475,4535767.857069139
669,e4d1cc13-8e98-4488-808c-01ac70b3500c,2025-02-26, Estimated,-105.9304138,40.5737129, 1,TL, NW,HS, U, R3, D2, Front Range, -, -, -,At Treeline,Hard Slab,-47913.445046397756,4921868.368350509
670,d842396f-c4f3-4cb3-94de-573767429c1d,2025-02-26, Estimated,-105.7942365,39.6476437, 1,>TL, SE,HS, N, R2, D2, Front Range, Below Kelso Ridge on Torrey's Peak, I saw two recent avalanches that were not previously coded. , -,Above Treeline,Hard Slab,-32754.257352793997,4787601.501066532
671,c2940492-9d81-4246-ae8f-f23a9212bf0a,2025-02-26, Estimated,-106.1975234,39.4544315, 1,>TL, E,SS, AE, R3, D2.5, Vail & Summit County, -, -, -,Above Treeline,Soft Slab,-77647.94970439155,4759818.272422212
672,a78883d9-cc1e-42bf-bb2a-fdbbafeca726,2025-02-26, Estimated,-105.8057116,39.7974166, 1,>TL, S,HS, N, R2, D2, Front Range, -, -, -,Above Treeline,Hard Slab,-34031.65964159618,4809192.192841904
674,048f4d9b-2c8b-4be3-b2a9-e10b2bb7777d,2025-02-26, Estimated,-107.7076688,39.0042749, 1,TL, -,SS, AM, R3, D1, Grand Mesa, -, A snowmobile triggered avalanche on a small slope in the Leroux Creek drainage, -,At Treeline,Soft Slab,-245756.566656196,4695387.150486232
676,781d0fc3-5c09-4852-b963-099f639e7bd7,2025-02-26, Estimated,-106.27476,39.62774, 1,>TL, W,SS, N, R2, D2, Vail & Summit County, -, This avalanche was viewed on Saturday (3/1/2025). The party said it likely occurred a few days before. The party also said they saw a lot of terrain and observed no other avalanches., -,Above Treeline,Soft Slab,-86245.8886869961,4784735.8117944375
677,82c1b670-4820-4875-bcc1-438d67418eb2,2025-02-26, Estimated,-105.8418191,39.5818769, 1,>TL, E,HS, N, R2, D2, Vail & Summit County, Morgan Peak near the town of Montezuma, -, -,Above Treeline,Hard Slab,-38051.12815541436,4778135.708826245
681,51d3aada-096a-42a9-82d1-b9b7a3216a94,2025-02-25, Estimated,-107.7922035,37.908853, 1,>TL, SW,WS, N, R2, D2, Northern San Juan, Southwest face of Ballard Mountain, -, Possibly triggered by a wet loose slide late afternoon,Above Treeline,Wet Slab,-255166.92641455896,4540301.902173325
682,6cba303e-bec9-41e0-91f3-817c164e7471,2025-02-25, Estimated,-107.8431967,37.8533975, 1,<TL, N,SS, AS, R2, D1.5, Northern San Juan, -, -, -,Below Treeline,Soft Slab,-260843.46347247856,4532513.26140854
683,4f7b91d1-8b79-4af9-a784-f9861cf1bd3f,2025-02-25, Estimated,-106.3889022,39.0226768, 1,TL, NE,-, U, R2, D1.5, Sawatch, -, -, -,At Treeline,Unreported,-98952.1402690207,4698012.883393582
684,19c0c158-b352-4227-a70e-558bdc62d0d4,2025-02-25, Estimated,-105.724746,39.5993866, 1,>TL, SE,WL, N, R1, D1, Front Range, -, -, -,Above Treeline,Wet Loose,-25018.610277825002,4780654.988532598
685,1a940086-fe44-4524-836f-f862d36676f5,2025-02-25, Known,-106.1803007,39.4633203, 1,>TL, E,HS, AE, R3, D2.5, Vail & Summit County, -, -, -,Above Treeline,Hard Slab,-75730.7275103086,4761094.741354937
686,7bcc5e49-e65d-4e91-a240-740f046a89a7,2025-02-25, Estimated,-108.039188,37.449961, 1,>TL, E,HS, N, R1, D1, Southern San Juan, -, -, -,Above Treeline,Hard Slab,-282661.1151883896,4476027.958215035
687,11e92659-a040-4e95-94db-3c7281a4c7ba,2025-02-25, Estimated,-106.5581472,39.0829085, 1,>TL, NE,SS, U, R1, D1.5, Sawatch, -, -, -,Above Treeline,Soft Slab,-117792.4074883276,4706612.054989724
689,d4d4a79b-f571-4609-b4a7-8cac9f89eaee,2025-02-25, Estimated,-105.8690439,39.8332199, 1,>TL, E,HS, N, R2, D2, Front Range, -, -, -,Above Treeline,Hard Slab,-41081.7790283627,4814360.473380637
690,403b4069-a009-48d6-9ca8-fc5151e0482d,2025-02-25, Estimated,-106.941339,38.894472, 1,>TL, NE,C, N, -, D2, Gunnison, -, A recent D2 cornice fall off of Oh-Be-Joyful Peak.  Plus documenting some older persistent slabs that likely ran during the wind drifting events last week.  There were a number of very small wet loose avalanches below rock bands and such the most notable I added here., I looked this way yesterday morning and didn't see it it probably ran afternoon or evening of 2/25,Above Treeline,Cornice,-160449.1235404863,4679733.867095832
691,50c6e8f9-2d40-4fce-b33a-43ab3026b508,2025-02-24, Known,-107.7994668,37.8965716, 1,>TL, E,HS, N, R2, D2.5, Northern San Juan, Lena Basin , A Natural Persistent slab avalanche happen midday in Lena Basin ~12200 East aspect with 4’-5” crown running 600Ft., -,Above Treeline,Hard Slab,-255975.47327203886,4538576.488258462
692,3f14b914-6150-429c-bad2-d4081a9723af,2025-02-24, Known,-107.8244107,37.9864387, 3,>TL, S,L, N, R1, D1, Northern San Juan, -, -, -,Above Treeline,Loose,-258752.2155184367,4551208.637495299
693,2664c900-0ff2-4798-afa4-9bcec880ebb2,2025-02-24, Estimated,-105.8481032,39.6430599, 1,>TL, SE,SS, N, R2, D2, Vail & Summit County, Grizzly Peak , -, Not sure how fresh. ,Above Treeline,Soft Slab,-38750.67096750818,4786941.462332653
694,f069861a-da88-4735-b8fe-761e8d21d836,2025-02-24, Estimated,-106.2309776,39.3538679, 1,>TL, W,SS, U, R2, D2, Sawatch, West flank of Mt Arkanasas, One fresh avalanche on a steep west-facing slope of Mt Arkansas on Monday. It was most likely remotely triggered by snowmobiles in the area. The avalanche was not there on Sunday. One older avalanche on a north-facing drifted rollover may have also been remotely triggered. This avalanche looked 4 or 5 days old. Several avalanche on south-facing slopes in Delmonica Gulch that likely ran over the weekend with warming. Another recent avalanche was on Prospect Mountain., -,Above Treeline,Soft Slab,-81372.0542132893,4745388.342961731
696,10338e9f-ecd5-43b7-b6a3-49fa70c59c0b,2025-02-24, Estimated,-105.8738096,39.5671893, 1,TL, W,HS, N, R2, D2, Vail & Summit County, -, -, -,At Treeline,Hard Slab,-41612.29432563727,4776022.965065042
698,63a4693a-60d8-4cdd-ac62-3fe0dec33bd0,2025-02-24, Estimated,-107.641172,37.8205522, 1,>TL, NE,SS, N, R2, D2, Northern San Juan, Blair Gulch, Woodchuck Basin avalanches already coded here: https://avalanche.state.co.us/report/245e892e-76c3-49eb-ae48-7b9e617c4f7d, -,Above Treeline,Soft Slab,-238354.17674081484,4527902.974614282
699,1ef1d294-216d-4882-9dab-bbb39fa9a383,2025-02-24, Estimated,-107.8900434,37.8305373, 1,>TL, SW,WS, N, R2, D2, Northern San Juan, Campbell Peak, -, -,Above Treeline,Wet Slab,-266058.4142618243,4529304.300915891
707,24098952-5f27-42e4-ac69-e8d7b044dd37,2025-02-24, Estimated,-107.8557716,37.9985606, 2,>TL, SW,WS, N, R2, D1.5, Northern San Juan, -, -, -,Above Treeline,Wet Slab,-262243.2949372555,4552913.743052072
711,c6347c9c-198c-462c-86bf-e6aa3cd015f7,2025-02-24, Known,-107.100768,38.892364, 1,>TL, SE,HS, N, R1, D2, Gunnison, -," Continued WL activity on Owen and in upper Robinson basin. Quick pit in Godzilla - 12-15"""" moist snow on a 2"""" 1F crust with 20-24"""" of dry FC/DH below.  HS-N-R2-D2-u on Skiers right side of south face of Ruby approximately 1530 appears to be cornice failure triggering a 3-4' slab 150' wide ran to cliff band large chunks onto snowmobile tracks below. Shadows made pics poor but they are attached."," Continued WL activity on Owen and in upper Robinson basin. Quick pit in Godzilla - 12-15"""" moist snow on a 2"""" 1F crust with 20-24"""" of dry FC/DH below.  HS-N-R2-D2-u on Skiers right side of south face of Ruby approximately 1530 appears to be cornice failure triggering a 3-4' slab 150' wide ran to cliff band large chunks onto snowmobile tracks below. Shadows made pics poor but they are attached.",Above Treeline,Hard Slab,-178196.67863816675,4679433.593730434
712,ccddf914-7ec3-4847-8dc4-351b93eb68db,2025-02-24, Estimated,-107.066308,38.887791, 1,TL, SW,U, N, -, D2, Gunnison, -, More fresh wet loose activity from yesterday along with four fresh slab avalanches (3xD1 1xD2) that ran during the warmup either from water reaching the weak layer or triggered by wet loose., Larger slab avalanche lookers right coded here.  New since 3:30 p.m. on Sunday 2/23.  This could be a wet slab or a dry persistent slab triggered by wet loose.  I'm guessing wet slab.,At Treeline,Unreported,-174360.60898543196,4678782.225136014
718,ff716c97-71c9-46de-80a2-d9d373eb943e,2025-02-23, Known,-106.0488428,39.5139914, 1,<TL, W,-, N, R1, D1, Vail & Summit County, -, -, -,Below Treeline,Unreported,-61096.90102155457,4768374.46460036
719,8fa83884-1531-414f-afb6-6dd3b304d89c,2025-02-23, Estimated,-105.6755017,39.8977403, 1,TL, N,SS, AS, R1, D1, Front Range, -, I spoke with the party who intentionally triggered the small avalanche via a ski cut. They shared it broke about 10-15 feet across at the top with a 4–6-inch crown. , -,At Treeline,Soft Slab,-19536.759877353394,4823680.987411136
720,01ad8e37-1a4f-4110-97ac-ca0f63502c1d,2025-02-23, Estimated,-105.8892014,39.661703, 1,>TL, NE,SS, N, R2, D1.5, Front Range, -, -, -,Above Treeline,Soft Slab,-43325.701664029315,4789626.228114261
721,28e2467d-3383-47c6-9a76-47b51701e883,2025-02-23, Estimated,-105.8489417,39.7186024, 1,>TL, E,HS, N, R2, D2, Front Range, -, -, -,Above Treeline,Hard Slab,-38844.01236053919,4797824.745798637
722,60805757-0cec-4d9a-94f9-f8b41a6e3b48,2025-02-23, Known,-107.6991661,37.8962038, 1,<TL, NW,SS, AS, R3, D2, Northern San Juan, Red 3 near Bollywood, -, reported as early in the morning,Below Treeline,Soft Slab,-244810.05042182916,4538524.820512985
723,a38d0f28-48a0-4dc4-9549-34c154f455fd,2025-02-23, Known,-107.6616221,37.9115593, 2,>TL, N,SS, AR, R2, D2, Northern San Juan, North side of Red 1 , Two remote trigger D2s from low angel north side of red 1. They sympathetic released 2 d1s further down the ridge. Still touchy out there., -,Above Treeline,Soft Slab,-240630.6714594872,4540682.1493121525
724,89dde2ea-94b5-45a9-9ead-0fffc4325b00,2025-02-23, Estimated,-107.4334516,39.7551178, 1,TL, E,SS, U, R2, D1.5, Steamboat & Flat Tops, -, -, -,At Treeline,Soft Slab,-215230.8475854402,4803089.766605833
725,85aa91df-7bc4-4c68-9b3f-68f6932acac1,2025-02-23, Estimated,-105.8474464,39.4977886, 1,TL, SE,SS, AM, R2, D1.5, Front Range, -, -, -,At Treeline,Soft Slab,-38677.556325955826,4766046.08860449
726,ebcb1911-f816-4912-b23d-167ec6fc145e,2025-02-23, Estimated,-106.1360097,39.4183365, 1,>TL, NE,HS, N, R2, D2, Vail & Summit County," """"Half-dome""""", NE Aspect ~12600' heavily wind loaded lee side of ridge. Appeared R2/D2 HS/N 8-10' crown. Likely ran 1-2 days ago. , -,Above Treeline,Hard Slab,-70800.27594358311,4754636.566309365
727,bb45708a-d7b7-4ef7-ab0a-2b58ab79c2d9,2025-02-23, Known,-106.680316,37.3861185, 1,>TL, N,HS, AM, R2, D2, Southern San Juan, Long Trail, -, -,Above Treeline,Hard Slab,-131392.1760951541,4467117.580153067
728,dcbbb359-13aa-4055-b301-c5a2d965213e,2025-02-23, Estimated,-108.1103138,37.4886601, 1,TL, N,SS, AM, R1, D2, Southern San Juan, -, -, -,At Treeline,Soft Slab,-290578.80302665517,4481432.852384679
729,240fadf3-8cae-4459-bb65-3827e9cc1060,2025-02-23, Estimated,-105.8981866,39.5053697, 1,>TL, E,HS, N, R2, D1.5, Vail & Summit County, Sheep Mountain, -, -,Above Treeline,Hard Slab,-44325.92955270526,4767135.440290799
732,329bb130-4d6c-4b60-b7e7-5f5a2fd62e8c,2025-02-23, Estimated,-105.9038669,39.5756887, 1,>TL, E,-, N, R3, D2.5, Vail & Summit County, Point 12539 between Bear and Independence Mountains, -, -,Above Treeline,Unreported,-44958.25765625802,4777245.509688957
736,eef372c6-2633-4aa7-a004-ad272183ee0f,2025-02-23, Known,-107.6717153,37.9910219, 1,TL, NE,SS, AS, R2, D2, Northern San Juan, Hayden peak, -, This avalanche was triggered by a group at the top of the slope. Triggered on the ridge around 10 feet back from the ridge. The group reports lots of wind-loading at the top. ,At Treeline,Soft Slab,-241754.2413439612,4551853.291789121
737,f3e95c63-d874-4361-84ee-0b082c4714f3,2025-02-23, Estimated,-105.830783,39.744173, 1,>TL, NE,HS, N, R2, D2, Front Range, -, North Face of Woods Mountain Above Urad Lake, -,Above Treeline,Hard Slab,-36822.59512307104,4801511.381174887
738,a1b73e01-fc7d-4709-947b-9b6b67589c4d,2025-02-23, Estimated,-106.9380158,39.1631727, 1,TL, NW,SS, N, R1, D1, Aspen, West Willow, -, -,At Treeline,Soft Slab,-160079.18660868148,4718082.742557284
739,239c5c78-acbc-46c9-9938-a58fd74b0219,2025-02-23, Known,-107.706335,37.8887934, 1,TL, N,HS, AS, R2, D2, Northern San Juan, Putney shoulder. , -, The skier was partially buried-non-critical and able to self extricated. ,At Treeline,Hard Slab,-245608.088719376,4537483.879062729
741,-,2025-02-23, Estimated,-106.985606,38.923916, 1,TL, S,WL, N, -, D2, Gunnison, -, -, I did not see this avalanche at 11 am on 2/23 but easily spotted it at 330 pm.  I coded as a D2 given the vertical relief and the slight off color bed surface suggested it cleaned out most of the Valentine's Storm snow.,At Treeline,Wet Loose,-165376.9034394321,4683928.947633885
743,9b6b6b82-00ed-4da3-a189-ec518d4e1200,2025-02-23, Estimated,-106.5599076,38.8172772, 1,<TL, N,-, U, -, D1.5, Gunnison, -, -, Appeared to break on a wind slab and stepped down to the ground.,Below Treeline,Unreported,-117988.37431992055,4668743.731618149
745,613aea6d-faff-4ffd-ade0-7bd8ee0b31c5,2025-02-23, Known,-107.0703067,38.8616015, 1,<TL, E,SS, AS, R2, D2, Gunnison, -, R2-D1.5-AS-S/O ENE aspect below treeline ~10100 ft elevation slop angle estimated to be upper 30*; crown about 2 feet thick and propagated about 300 feet wide and avalanche ran ~400 feet; partial burial of 1 skier, CBAC note: Changed problem type to persistent slab due to avalanche breaking on PWL buried 2 weeks ago. Updated size because party reported 6 feet of debris.,Below Treeline,Soft Slab,-174805.74223326615,4675052.661262514
746,444c239e-7049-489b-84d0-d8d22b6ff7a4,2025-02-22, Estimated,-105.7725584,39.8004776, 1,<TL, NW,HS, AR, R3, D2.5, Front Range, -, This avalanche was triggered by a solo powsurfer a rider on a snowboard with no bindings on Colorado Mines Peak (Mines Peak) east of Berthoud Pass in an area locally known as High Trail Cliffs. High Trail Cliffs is a series of four steep rocky northwest-facing avalanche paths that are easily accessed from the parking area at the top of the pass. It was a hard slab avalanche. The avalanche was medium-sized relative to the path and destructive enough to injure bury or kill a person. It released on a weak layer of buried faceted crystals and stepped down to the ground entraining the entire season’s snowpack (HS-ARu-R3-D2-G). The crown face averaged about 2 feet deep and was about 550 feet wide across all four of the avalanche paths in the High Trail Cliffs. The avalanche ran about 525 vertical feet through sparse trees and rocky terrain. The avalanche broke small trees and the debris and broken limbs piled up on a bench below the slope. Debris was over 7 feet deep in places. Portions of the debris reached the historic maximum trimline of the avalanche path., -,Below Treeline,Hard Slab,-30341.062299427984,4809633.9484792305
748,ba6f22be-8bd7-4e90-83a4-0774160bb98c,2025-02-22, Estimated,-105.8002862,39.6588759, 1,>TL, E,-, N, R3, D2.5, Front Range, Kelso Mountain, -, -,Above Treeline,Unreported,-33427.706876247226,4789219.054596851
749,222b1e0c-e22d-40d8-ae1b-5414ee33beb9,2025-02-22, Estimated,-105.8512907,39.7212568, 1,<TL, -,WL, -, R1, D1, Front Range, -, -, -,Below Treeline,Wet Loose,-39105.50184441267,4798207.379204785
750,cc6829d6-4324-4014-855e-3002f70fc830,2025-02-22, Estimated,-107.4329131,39.7158907, 1,TL, E,-, -, R2, D2, Steamboat & Flat Tops, -, -, -,At Treeline,Unreported,-215170.9020396475,4797433.86788939
751,a23839dc-ce74-4f06-83c2-39b6a5ef7cfa,2025-02-22, Estimated,-106.1353253,39.6248646, 1,>TL, NE,-, N, R2, D1.5, Vail & Summit County, Buffalo Mountain - Silver Couloir, -, -,Above Treeline,Unreported,-70724.08888408433,4784321.886969303
752,5eadfbd8-6585-465b-b659-d3781dbcb448,2025-02-22, Estimated,-106.1947211,39.4571444, 2,>TL, NE,HS, N, R1, D1, Vail & Summit County, Jacque Peak, -, -,Above Treeline,Hard Slab,-77335.99909534249,4760207.838811145
753,9313777f-0fcf-4095-a364-d064289b195f,2025-02-22, Estimated,-105.8890966,39.5446008, 1,>TL, E,SS, AM, R1, D1.5, Vail & Summit County, -, -, -,Above Treeline,Soft Slab,-43314.03538139422,4772774.593286484
754,0ab6cc8d-2cf9-430a-ad6d-604fbab43473,2025-02-22, Known,-105.6633663,39.9425438, 1,>TL, N,HS, AS, R1, D1, Front Range, -, We were attempting to circumnavigate a more obviously threatening gully beneath us so we doubled back and over it travelling beneath the eventual slide path. We decided to cross it one at a time. I hadn't taken two steps before the slope slid—it broke ahead of and above me. Fortunately I was on the margins of the slide. Debris moved around my legs but did not dislodge me from the slope and I was able to backtrack out of it safely., -,Above Treeline,Hard Slab,-18185.853328782367,4830158.43353937
755,724c4673-3de6-49b8-b80e-d95afe2f4452,2025-02-22, Estimated,-106.3082519,38.4895397, 1,TL, E,SS, AR, R3, D2, Sawatch, -, -, -,At Treeline,Soft Slab,-89974.18994069578,4622217.224041801
756,7eb0fe36-3078-43c7-ad6f-8fc23ebae4df,2025-02-22, Estimated,-106.1360878,40.3305524, 1,>TL, E,HS, U, R2, D2, Steamboat & Flat Tops, -, From a distance I saw one recent avalanche on an east aspect at 12000 feet just below ridgeline. , -,Above Treeline,Hard Slab,-70808.96999581276,4886434.514512768
757,73176890-180c-4d76-8288-ac5bf4cda0b0,2025-02-22, Known,-107.9372084,37.99484, 2,<TL, NW,-, AR, R1, D1.5, Northern San Juan, -, -, -,Below Treeline,Unreported,-271308.79804508993,4552390.361233624
758,260becc7-300c-4608-a4a5-793bc81ae9cd,2025-02-22, Estimated,-107.7614282,37.8538938, 1,>TL, SW,WL, N, R1, D1, Northern San Juan, -, -, -,Above Treeline,Wet Loose,-251741.03568954841,4532582.939776574
759,860e533e-557e-40c7-9139-cd2e8b67ef84,2025-02-22, Estimated,-106.2519554,39.5187776, 1,>TL, NE,HS, AM, R2, D2, Vail & Summit County, Wingle Ridge, -, -,Above Treeline,Hard Slab,-83707.29222725272,4769062.356198315
761,44cca644-5b62-4193-8b14-57ee0dc13ff9,2025-02-22, Known,-107.9378729,37.9964562, 1,TL, NW,SS, AS, R2, D2, Northern San Juan, -, -, -,At Treeline,Soft Slab,-271382.7698467214,4552617.710977924
766,45e90e33-6fa9-47b3-b0e7-7cc3dc8fea95,2025-02-22, Estimated,-106.8393187,39.0037575, 2,>TL, SE,WL, N, -, D1.5, Aspen, Castle Creek, -, -,Above Treeline,Wet Loose,-149092.27569390956,4695313.333595531
769,0f877cba-14ad-471b-9a1f-0b8b1c523420,2025-02-22, Estimated,-107.8130915,37.8928101, 1,TL, W,SS, U, R1, D1, Northern San Juan, Small pocket in the foreground of the picture. , -, -,At Treeline,Soft Slab,-257492.1679382487,4538048.093186962
771,2ddb017d-7633-4930-9221-adf3a60fe088,2025-02-22, Estimated,-106.4200712,39.9275179, 2,TL, E,SS, N, R1, D1, Vail & Summit County, -, -, -,At Treeline,Soft Slab,-102421.85747755508,4827985.594588463
773,557a5526-c390-4eb3-b654-34e580843a7a,2025-02-22, Estimated,-107.5628421,37.829672, 1,<TL, N,SS, AS, R2, D2, Northern San Juan, -, -, -,Below Treeline,Soft Slab,-229634.53215892718,4529182.855641898
775,c5fbf621-b70e-4d0b-b5b4-a695c02f0ebf,2025-02-22, Known,-105.6972026,39.8825346, 1,>TL, SE,SS, N, R2, D2, Front Range, -, -, -,Above Treeline,Soft Slab,-21952.493015108765,4821483.600350045
776,5019b14a-e170-424e-b902-bce5b7049340,2025-02-22, Estimated,-106.4140131,38.8073263, 1,TL, SE,HS, AM, R3, D2, Sawatch, -, -, -,At Treeline,Hard Slab,-101747.47287038229,4667327.907688002
777,76922810-b2ce-40d2-abe6-323d51916fcd,2025-02-22, Estimated,-105.9949551,39.374393, 1,TL, E,-, N, R2, D2, Front Range, -, -, -,At Treeline,Unreported,-55098.14969753299,4748331.798826157
778,04182cc5-934f-473a-b96f-dea578462ce6,2025-02-22, Known,-105.6819457,39.9075195, 1,>TL, -,SS, AS, R1, D1, Front Range, -, -, -,Above Treeline,Soft Slab,-20254.10267602633,4825094.446559276
779,7a2375ad-a564-4c36-a7a3-66bed7766dc9,2025-02-22, Estimated,-105.9061874,40.5248384, 1,TL, E,SS, -, R1, D1, Front Range, -, -, -,At Treeline,Soft Slab,-45216.57453464268,4914735.886058515
781,6ee6aa8d-d320-4551-8208-c493e77527a7,2025-02-22, Known,-105.9945904,40.2728436, 1,TL, E,HS, AM, R3, D2, Front Range, -, -, -,At Treeline,Hard Slab,-55057.55147924217,4878043.983796267
787,51d69d68-dcb4-45c4-89e8-3c440f260e55,2025-02-22, Estimated,-107.040044,38.890178, 4,<TL, S,WL, N, -, D1, Gunnison, -, A handful of small wet loose avalanches were visible on the south to southeast aspects of Schuylkill Ridge that ran sometime in the past few days., A handful of small wet loose avalanches were visible on the southwest to southeast aspects of Schuylkill Ridge that ran sometime in the past few days.,Below Treeline,Wet Loose,-171436.91387923498,4679122.219169654
789,1f3996ad-9ef3-4624-a149-8725f5881242,2025-02-21, Estimated,-107.7202703,37.8914169, 2,TL, NE,SS, AS, R1, D1.5, Northern San Juan, -, -, -,At Treeline,Soft Slab,-247159.35921942812,4537852.390933799
790,9770c8bb-5294-4f67-be29-c7913fa285d5,2025-02-21, Known,-105.6469345,39.8359623, 2,TL, E,L, N, R1, D1.5, Front Range, -, -, -,At Treeline,Loose,-16356.67371996358,4814756.456426484
791,531a91d6-e550-42ad-a7aa-b18bddb4e047,2025-02-21, Estimated,-105.7133381,39.8380427, 1,TL, N,-, N, R2, D2, Front Range, -, -, -,At Treeline,Unreported,-23748.688658804815,4815056.862013468
793,07695029-dfaa-472e-8dfe-e00b5fb5cc5e,2025-02-21, Estimated,-105.6719595,39.9085522, 2,>TL, N,SS, N, R1, D1, Front Range, Arapahoe Lakes, -, -,Above Treeline,Soft Slab,-19142.44397706617,4825243.7220980525
794,df63c96a-49b3-4757-bf01-73c7ffb8edc6,2025-02-21, Estimated,-105.7868556,39.8226963, 3,>TL, N,SS, N, R2, D2, Front Range, Second Creek Headwall, -, -,Above Treeline,Soft Slab,-31932.619323197716,4812841.088301142
795,721bc9e0-2dfc-4361-99f5-8db8a47bcd2c,2025-02-21, Estimated,-107.225964,39.0121501, 1,TL, NE,SS, N, R1, D2, Aspen, North Anthracite Creek, Although many avalanches from the Valentine's Day cycle likely filled in beyond recognition widespread avalanche activity remains visible in the upper North Anthracite Creek drainage. Many older crowns are likely from the tail end of the Valentine's Day cycle and many avalanches from the past few days are also present., -,At Treeline,Soft Slab,-192133.43360752187,4696510.763829661
796,62a20e41-cbf6-4053-87ce-11f24c365d85,2025-02-21, Estimated,-106.0712941,39.6296191, 2,<TL, E,-, N, R2, D1, Vail & Summit County, -, -, -,Below Treeline,Unreported,-63596.16830520181,4785006.324792895
797,a95c1ec2-e853-4365-9922-21813ab60c07,2025-02-21, Estimated,-105.7333758,39.8310179, 1,TL, N,U, N, R3, D2.5, Front Range, -, -, -,At Treeline,Unreported,-25979.2752194735,4814042.53178369
798,84a45b70-da92-43dc-8bfe-b8b9a603ea62,2025-02-21, Estimated,-106.4321866,39.3448253, 1,>TL, E,HS, N, R2, D2, Sawatch, -, -, -,Above Treeline,Hard Slab,-103770.53763631276,4744091.841772686
799,b781694e-e98f-44fc-bdbc-65163f12688d,2025-02-21, Estimated,-105.6709024,40.3097163, 3,TL, -,WL, N, R1, D1, Front Range, -, -, -,At Treeline,Wet Loose,-19024.768143348116,4883404.23098004
801,f153a7d4-03cf-4fd8-b642-c42bc8eda758,2025-02-21, Estimated,-107.0646584,39.1951373, 1,>TL, E,HS, N, R3, D2.5, Aspen, East face of Haystack Mountain, Observed several large (D2) to very large (D3) avalanches that slid within the last week on north northeast and east-facing slopes., The avalanche snapped several small trees,Above Treeline,Hard Slab,-174176.9763534187,4722654.528249015
805,eef681cb-a199-4f36-bb52-9259372cde52,2025-02-21, Estimated,-106.5740804,39.1455025, 1,TL, E,-, N, R2, D1.5, Aspen, Near Linken Lake above Upper Lost Man Trailhead, We saw several fresh avalanches all on east-facing slopes near and above treeline.  Several older avalanches were mainly obscured difficult to code and likely occurred around Valentines Day., -,At Treeline,Unreported,-119566.08319903578,4715556.33407888
806,1f7350e3-9811-4ea0-8030-895bb247bc4e,2025-02-21, Estimated,-106.7871804,39.0174084, 1,>TL, E,SS, N, R2, D1.5, Aspen, Italian Basin, -, likely triggered by a cornice fall,Above Treeline,Soft Slab,-143288.26668708157,4697261.074816908
808,59eb1cd5-085c-4307-804e-0d9ccee402f8,2025-02-21, Estimated,-106.9134852,39.1430718, 1,>TL, NE,SS, N, R2, D2, Aspen, between Sievers Mountain North and south, A few large avalanches above Maroon Creek that look recent within a week or so but not as recent as the February 28 Sievers avalanche., -,Above Treeline,Soft Slab,-157348.45270782828,4715208.853175674
812,0a8d2210-fcec-4350-a64b-804b827818b6,2025-02-21, Estimated,-107.0458661,38.8046761, 1,TL, N,SS, U, R2, D2, Gunnison, -, carbon north path @ 11300. crown ~80cm gouged to ground a bit. ran ~500ft  R1D1.5?  possibly remote skier triggered from adjacent low angle terrain, carbon north path @ 11300. crown ~80cm gouged to ground a bit. ran ~500ft  R1D1.5?  possibly remote skier triggered from adjacent low angle terrain,At Treeline,Soft Slab,-172085.0270865829,4666950.868222134
813,54edba28-6c30-432e-8385-6a8b26a80c9d,2025-02-20, Estimated,-107.6265792,37.7957653, 1,>TL, NE,SS, N, R2, D1, Northern San Juan, -, -, -,Above Treeline,Soft Slab,-236729.7136755671,4524425.163948989
814,d7cc021c-ec88-4531-98b3-5348a5576c40,2025-02-20, Estimated,-107.7732915,37.844199, 1,TL, NE,SS, AS, R3, D2.5, Northern San Juan, -, This was a soft slab avalanche unintentionally triggered by a backcountry skier. The avalanche was medium-sized relative to the path and destructive enough to injure bury or kill a person. The avalanche broke on a facet-crust combination (SS-ASu-R3D2.5-O). The crown face of the avalanche was generally 2 to 3 feet deep and up to 5 feet at the deepest point. The avalanche propagated around a ridge and ran on slopes facing north through east. The avalanche was up to 1300 feet wide and ran 1400 vertical feet. Debris split around several stands of dense trees and other terrain features resulting in several paths of flow. The avalanche ran into a narrow gully at the bottom of the path and then down the gully following the Mineral Creek drainage. Debris spanned over 2000 feet along the gully split into multiple piles and was more than 20 feet deep in places. A smaller avalanche released sympathetically about 450 feet to the west on a similar aspect near treeline (SS-ASy-R3-D2-O)., -,At Treeline,Soft Slab,-253061.6522046769,4531221.917504548
816,99b0ecff-4e88-4c52-a1c3-15dae8592eaf,2025-02-20, Estimated,-106.4085297,38.827021, 1,>TL, SE,SS, N, R2, D2, Sawatch, Our motorized AIARE 1 observed this avalanche from the road on the East side of the pass. , Cottonwood Pass main south east facing slope on Buena Vista Side >TL, *! please do not include this comment to the public. I received a distress message from a friend who had just had an avalanche occur near the Opus hut and had to leave promptly before we finishing analyzing this avalanche. ,Above Treeline,Soft Slab,-101137.06357456587,4670130.282423331
817,84d1837e-505c-4c53-b32a-7678c0c4fcbf,2025-02-20, Estimated,-105.8939212,39.6619021, 1,>TL, SE,SS, N, R1, D1.5, Front Range, -, -, -,Above Treeline,Soft Slab,-43851.1073966744,4789654.904155571
818,f873e8ea-6015-47f9-a767-23723a36ff54,2025-02-20, Estimated,-105.8858055,39.7690023, 1,>TL, N,SS, AK, R3, D2, Front Range, -, -, -,Above Treeline,Soft Slab,-42947.671805244965,4805092.459607442
819,4535a567-b495-4c97-afe6-0361e2bfa340,2025-02-20, Estimated,-105.8799182,39.6523828, 1,>TL, SE,-, N, R1, D1.5, Vail & Summit County, -, -, -,Above Treeline,Unreported,-42292.30056709752,4788283.948410578
820,b328512f-e84c-4026-8bca-74c80d4ab36b,2025-02-20, Estimated,-105.901679,39.7787516, 1,>TL, SE,SS, N, R3, D2, Front Range, -, -, -,Above Treeline,Soft Slab,-44714.70174235115,4806498.936826992
821,79f268da-2e1d-4cde-a80d-444ff261fefe,2025-02-20, Estimated,-106.7249737,37.4665088, 2,<TL, E,SS, AM, R1, D1, Southern San Juan, -, -, -,Below Treeline,Soft Slab,-136363.44851915288,4478338.754708443
822,7f614faf-610d-4b4f-8a03-4087bcec8751,2025-02-20, Estimated,-107.1059309,39.207279, 2,>TL, NE,SS, N, R2, D2, Aspen, Off Hell Roaring Ridge above Capitol Creek, Several large to possibly very large avalanches in Capitol Creek that were not there on Wednesday February 19, -,Above Treeline,Soft Slab,-178771.41003718448,4724391.662808326
823,3d5f164f-1a79-4b3f-8182-fcdf8aa1d8d9,2025-02-20, Estimated,-106.9297716,40.8430259, 1,<TL, N,SS, AM, R1, D1.5, Steamboat & Flat Tops, -, -, -,Below Treeline,Soft Slab,-159161.44646268376,4961265.019068559
824,60965da7-dad8-40bd-abbe-7c8bc1e66c0c,2025-02-20, Known,-106.3971578,39.720142, 1,<TL, N,HS, AM, R3, D2, Vail & Summit County, -, -, -,Below Treeline,Hard Slab,-99871.14945721309,4798046.678285408
826,e3a7f736-4bf8-4475-b761-52ff68c1b4cc,2025-02-20, Estimated,-106.2085573,39.4555912, 1,>TL, NE,SS, N, R1, D1.5, Vail & Summit County, -, -, -,Above Treeline,Soft Slab,-78876.23783385614,4759984.800882903
827,1418952c-1eaa-472c-a979-8ac6520c9714,2025-02-20, Estimated,-106.5382305,39.0841389, 1,TL, E,SS, AS, R3, D2, Sawatch, -, This avalanche was triggered remotely by skiers stacking ski tracks on the far skiers' right of the path in lower-angle terrain. The avalanche was triggered on the 7th track., -,At Treeline,Soft Slab,-115575.29058604577,4706787.794085916
828,f0f4a7a0-7a98-4b19-9bcf-9d6545eb0433,2025-02-20, Estimated,-106.631128,38.9440086, 1,<TL, E,SS, N, R2, D1.5, Gunnison, Near Italian Creek, 2 Persistent Slab avalanches seen near the valley bottom in Taylor Park, -,Below Treeline,Soft Slab,-125916.59298201402,4686792.680227922
829,a8d5856d-a57c-44e2-bcac-675f4db09b8b,2025-02-20, Estimated,-106.9426676,39.1276706, 3,<TL, NW,SS, N, R3, D2, Aspen, Peak 12339 north of Sievers Mountain, Many large avalanches up Willow Creek along Sievers Mountain and above Willow Lake, -,Below Treeline,Soft Slab,-160597.02261595384,4713007.4545047395
830,80a1e885-4684-4fa0-a2e7-c70fa223afd4,2025-02-20, Estimated,-106.1387128,39.626031, 1,<TL, N,-, N, R2, D2, Vail & Summit County, -, -, -,Below Treeline,Unreported,-71101.18365914487,4784489.792619402
831,28017089-93f4-4fb1-b98b-91bfb456273a,2025-02-20, Estimated,-107.2436957,38.931503, 2,TL, N,SS, N, R1, D2, Gunnison, Marcellina Mountain - east bowl, -, -,At Treeline,Soft Slab,-194107.3174224217,4685010.20183351
836,db3bc96c-a25c-476a-8e57-c4d15d4fc3f8,2025-02-20, Estimated,-106.8791694,39.132866, 1,>TL, NW,SS, N, R2, D2, Aspen, Far out Highlands Ridge, Several large to with some possibly very large avalanches observed above Maroon Creek from Snowmass.  Original Green Trees avalanches coded in this observation: https://avalanche.state.co.us/report/8d543948-e27f-4f28-b238-6ded8b9cf4e1, -,Above Treeline,Soft Slab,-153528.43532566365,4713750.014249476
838,e8254559-469b-4f65-becc-a345be8d9f15,2025-02-20, Estimated,-105.6871174,39.8747201, 1,TL, N,-, U, R2, D1.5, Front Range, -, -, -,At Treeline,Unreported,-20829.813686561814,4820354.512187642
839,df2e0ea1-4e95-4532-9e42-43acfe1c0d32,2025-02-20, Estimated,-108.1866181,39.0695465, 1,TL, NE,HS, N, R1, D1, Grand Mesa, -, Observed an old remotely triggered avalanche on a northeast-facing slope below treeline and one or two old slab avalanches likely triggered by cornice falls along the mesa rim just east of the Rapid Creek Reservoirs. The rider-triggered avalanche is coded here: https://avalanche.state.co.us/report/9d62cccc-54e4-4bce-89b9-d49570bece88, Likely triggered by a cornice failure,At Treeline,Hard Slab,-299072.95884799294,4704703.747915889
840,7e03e45f-8e99-4b3e-ba9c-c04c4317b481,2025-02-20, Estimated,-107.1193566,39.0960971, 1,>TL, S,SS, N, R1, D1.5, Aspen, south of Peak 12659, Small slab avalanche from the last few days on a south-facing slope around 11800 feet., -,Above Treeline,Soft Slab,-180265.95212472667,4708495.955120151
841,fbe853d3-d852-4a7b-8cd8-b271c6cf1c43,2025-02-19, Known,-106.3295805,39.6783652, 1,>TL, S,-, N, R3, D2.5, Vail & Summit County, Bald Mountain in the Gore Range, -, -,Above Treeline,Unreported,-92348.47883203009,4792026.345227592
842,43035e24-d330-4a80-aaf6-527a5ae16a16,2025-02-19, Estimated,-107.6488234,37.9451653, 1,TL, NW,SS, AS, R1, D2, Northern San Juan, Albany Gulch , -, -,At Treeline,Soft Slab,-239205.92669267082,4545405.116836728
843,615aa0b7-1b14-4c29-ae09-81177dda77f4,2025-02-19, Known,-106.7043401,40.5435888, 1,<TL, SW,SS, AS, R1, D1, Steamboat & Flat Tops, Pepsi Ridge , -, -,Below Treeline,Soft Slab,-134066.5266739199,4917471.598676788
844,5f70cca7-da57-42ea-8b58-8bd479cbc42c,2025-02-19, Estimated,-106.2705294,39.7605836, 1,>TL, NE,-, N, R2, D2, Vail & Summit County, Peak N in the Gore Range, -, -,Above Treeline,Unreported,-85774.94044924657,4803878.1021591015
845,0f5dcc38-2ae8-4deb-aac2-5c96d83fff68,2025-02-19, Estimated,-106.2517685,39.3415717, 1,>TL, SE,-, N, R2, D2, Sawatch, Above Buckeye Lake, -, -,Above Treeline,Unreported,-83686.48661442305,4743625.391614277
846,67a222b5-6133-4d14-965c-d60c514907fe,2025-02-19, Estimated,-106.5639797,39.1085522, 1,>TL, NE,HS, N, R2, D2, Sawatch, Star C, A scattering of D2 avalanches. Avalanche activity was less than expected. It's possible avalanches ran earlier in the storm and crowns are obscured. It was interesting to see a few very steep loaded slopes sustain large cornice fall with no subsequent avalanche., -,Above Treeline,Hard Slab,-118441.67841838038,4710275.406013974
847,f1bbb8e4-b8a8-465c-a77e-c4621b6112ad,2025-02-19, Estimated,-107.8211942,37.9038351, 1,>TL, NE,SS, AS, R3, D3, Northern San Juan," """"Nellie"""" run into Bear Creek. ", -, -,Above Treeline,Soft Slab,-258394.15637629916,4539596.902309504
848,9e162674-c1f7-43e5-ae65-d415fba9e15b,2025-02-19, Known,-106.8766432,39.1376454, 1,TL, NW,SS, N, R2, D2.5, Aspen, Green Trees, The avalanches occurred between February 18 and February 19 2025., The avalanche was not there on February 18 around sunset and was there on February 19 around sunrise.,At Treeline,Soft Slab,-153247.22002802347,4714433.165389862
849,5117d10c-d184-4282-9df9-b97c9406316c,2025-02-19, Estimated,-105.6591235,40.3093187, 1,<TL, NE,SS, AS, R1, D1, Front Range, -, We only saw debris from one avalanche reported during the storm that was almost completely filled back in. I think if anything else ran it would have been filled in by wind and snow. , -,Below Treeline,Soft Slab,-17713.546993244607,4883346.415466641
850,79362ded-d025-41c4-99d3-ce340c947cfa,2025-02-19, Estimated,-105.7079132,39.9065601, 1,<TL, N,L, N, R1, D1, Front Range, The Treasle, Small Loose Dry avalanches on steep north and northeast-facing slopes below treeline., -,Below Treeline,Loose,-23144.79155319864,4824955.768479294
852,8c93ea27-9d88-4daa-ac27-3df47841d66b,2025-02-19, Estimated,-106.2499981,39.3585277, 1,>TL, E,HS, N, R3, D2, Sawatch, Chalk Creek, -, -,Above Treeline,Hard Slab,-83489.40658792201,4746056.517315671
853,20be9b2f-5852-41b3-afc2-99d0a8c7fff0,2025-02-19, Estimated,-107.1496597,39.1004011, 1,>TL, S,SS, N, R2, D2, Aspen, Mount Daly, Two large avalanches on the south side of Mount Daly recent from the last 2 days., The slope faces just east of south.,Above Treeline,Soft Slab,-183639.2777861841,4709110.828570674
854,5105683b-535d-4cd0-9fa2-45b6ec76132b,2025-02-19, Estimated,-105.8788111,39.5384882, 1,>TL, NE,-, N, R2, D2, Vail & Summit County, Deer Creek near the town of Montezuma, -, -,Above Treeline,Unreported,-42169.05875883903,4771895.745289146
855,d52c6986-f648-4aa5-a7d7-18968b1d5e1e,2025-02-19, Estimated,-105.8768753,39.562159, 1,>TL, E,SS, N, R2, D2, Vail & Summit County, -, -, -,Above Treeline,Soft Slab,-41953.566488561366,4775299.483235899
863,576152c0-f5fb-4cca-b767-2e9c2fe1f748,2025-02-19, Estimated,-106.7428953,39.410899, -,TL, E,SS, N, R1, D2, Aspen, -, Mt Thomas lower east bowl, -,At Treeline,Soft Slab,-138358.47190535325,4753569.193920761
866,830aa643-c343-40ba-aee9-d3a94827bab6,2025-02-19, Estimated,-107.039958,38.974692, 2,>TL, W,HS, N, -, D2, Gunnison, -, Around twenty arge to very large natural avalanches ran in the past few days (since we had good visibility on Sunday 2/16) from wind drifting.  Most of these appeared to be persistent slabs breaking on the January dryspell layer or deeper.  A few looked to be shallower wind slabs.  There's also lingering evidence of widespread natural activity during the big storm; I'm only documenting a handful of the more obvious or larger avalanches here., Look fresh likely ran late 2/18 or early 2/19,Above Treeline,Hard Slab,-171427.34040302716,4691167.464198529
871,07f14a76-242f-445d-9ca8-92dfa7581ce5,2025-02-19, Estimated,-107.035788,38.891441, 1,TL, SE,SS, N, -, D2, Gunnison, -, -, Could be wind slab or persistent slab unknown failure layer. PSa is best guess.,At Treeline,Soft Slab,-170963.1381264192,4679302.120127711
872,478f0a11-3647-48ae-8658-90f2fe8a20b5,2025-02-19, Estimated,-106.9540863,38.9612687, 1,>TL, SE,HS, N, -, D3, Gunnison, -, -, -,Above Treeline,Hard Slab,-161868.14648547568,4689253.359234389
878,24338450-64e6-40c0-937c-b7755ef42ce9,2025-02-18, Estimated,-106.986362,39.1527012, 1,TL, E,SS, N, R3, D2, Aspen, East Snowmass Creek, -, -,At Treeline,Soft Slab,-165461.06097447174,4716585.495751633
879,dfd4bfb8-5e2f-4ae9-8621-0d751b9194c7,2025-02-18, Estimated,-106.1874815,39.3227657, 1,>TL, E,SS, N, R2, D2, Sawatch, Buckeye Peak above Buckeye Lake, -, -,Above Treeline,Soft Slab,-76530.09050979574,4740929.710908777
880,7c208c22-d215-4970-bdb8-939070bb6712,2025-02-18, Estimated,-105.7777849,39.7983203, 1,TL, SE,SS, N, R2, D2, Front Range, Rock garden beneath perfect trees in current creek, -, -,At Treeline,Soft Slab,-30922.87361806097,4809322.610436926
881,8218d12a-5ab6-4163-a63b-9e4246449a47,2025-02-18, Known,-106.8130195,39.1272198, 1,TL, E,SS, AS, R2, D1, Aspen, Cardiac, -, -,At Treeline,Soft Slab,-146164.66214163872,4712943.0258935345
882,cbcb2aba-ec61-4e90-8cd7-dd9c1377d223,2025-02-18, Estimated,-106.9860789,40.8578158, 1,<TL, E,SS, N, R1, D1.5, Steamboat & Flat Tops, -, I saw two avalanches from CR129 in an area locally known as The Fingers. Both were on east aspects around 8500’. One ran naturally and failed within a layer of the storm snow likely sometime yesterday. The other avalanche occurred on a wind loaded slope and also failed within a layer of the storm snow but I could not discern what triggered it and it occurred sometime prior to yesterday during this recent storm cycle., -,Below Treeline,Soft Slab,-165429.54642662706,4963433.232912831
883,db516825-7a89-453f-b5a6-bbdbe973e7ce,2025-02-18, Estimated,-106.1422691,39.6135663, -,>TL, N,-, N, R3, D3, Vail & Summit County, -, -, -,Above Treeline,Unreported,-71497.06916425396,4782695.6213516565
884,8e83e519-685a-44b6-9b1f-e25a999d5821,2025-02-18, Estimated,-106.6980087,37.4633723, 1,<TL, NE,SS, AM, R2, D1.5, Southern San Juan, -, -, -,Below Treeline,Soft Slab,-133361.71844991142,4477900.72254351
885,cbc9b143-bffc-40e6-b48b-7a02e63e11c1,2025-02-18, Estimated,-107.1548036,39.0530929, 1,TL, NW,SS, N, R1, D2, Aspen, northwest face of Whitehouse Mountain, Recent avalanche activity on the northwest side of Whitehouse Mountain that was not there on February 17 2025., -,At Treeline,Soft Slab,-184211.8941148755,4702354.411248596
886,440fd54d-4792-4d4f-bdad-cf5526d37f3c,2025-02-18, Known,-106.7175091,40.5514165, 2,<TL, NE,SS, AS, R1, D1, Steamboat & Flat Tops, Soda Mountain, -, -,Below Treeline,Soft Slab,-135532.49304817631,4918613.900654641
887,1242dec2-60b4-4ebc-8158-4d515f2d9a44,2025-02-18, Estimated,-107.0005176,39.1669627, 1,TL, E,SS, N, R2, D2, Aspen, Shoulder between Garrett peak and the small subpeak to the north., A very large avalanche occurred on Garrett Peak sometime between February 16 and February 17 2025., -,At Treeline,Soft Slab,-167036.855158344,4718624.7036178205
888,39dae0a4-8da6-40a4-83f0-94f0243fd9bb,2025-02-18, Estimated,-108.0195969,37.6891524, 1,<TL, W,SS, AS, R1, D1, Northern San Juan, Dolores slide path outside of Rico, -, -,Below Treeline,Soft Slab,-280480.24391231005,4509479.871092288
889,3035add9-d025-4afd-9a9f-5a1d63e304ba,2025-02-18, Estimated,-106.2474181,39.3570402, 1,>TL, E,HS, N, R2, D2.5, Sawatch, -, -, -,Above Treeline,Hard Slab,-83202.202301677,4745843.218011253
890,08d5dc2c-5011-471c-9bfa-70fd6b30f2d6,2025-02-18, Estimated,-106.4140387,38.8201537, 1,>TL, E,SS, N, -, D1.5, Sawatch, -, -, -,Above Treeline,Soft Slab,-101750.32264934626,4669153.04005033
891,e36a0353-b6d5-4d52-b7a2-b1324c4baf89,2025-02-18, Estimated,-106.358441,38.8488583, 1,>TL, SE,HS, N, R2, D2.5, Sawatch, -, Near Hartenstein Lake Above treeline top loaded East and cross loaded Southeast aspects., The crown was visible on the East face of a cross-loaded Southeast couloir. The size of the crown estimates the type of avalanche and destructive size.,Above Treeline,Hard Slab,-95561.21499606893,4673238.4433264155
892,f01a4311-ade5-43d0-af7a-877946443b28,2025-02-18, Estimated,-106.1378777,39.4395742, 1,>TL, E,-, N, R2, D2.5, Vail & Summit County, -, Recent large avalanche on a slope locally known as Half Dome. Visibility was tough but it looked at least a D2.5, -,Above Treeline,Unreported,-71008.22075238434,4757685.068598951
894,75b2ee8a-58d1-4281-b987-a4b6756f5d06,2025-02-18, Estimated,-106.1965507,39.536177, 1,>TL, SE,-, N, R2, D2, Vail & Summit County, Uneva Peak, -, -,Above Treeline,Unreported,-77539.66923569847,4771563.469457305
898,32a912b0-1791-4873-91dd-93a4cb5ec93c,2025-02-18, Estimated,-106.8704132,39.1273478, 1,TL, E,SS, N, R2, D2, Aspen, Marta's Chute, -, -,At Treeline,Soft Slab,-152553.69960038102,4712961.319689418
900,cd5db18d-f28d-4c4d-93f2-a01106e8e6cc,2025-02-18, Estimated,-107.2444709,39.0662265, 1,<TL, NE,SS, N, R2, D1.5, Aspen, -, Observe two natural avalanches that occurred sometime between February 17 and 20., -,Below Treeline,Soft Slab,-194193.61229168257,4704229.655367093
902,907b8381-c227-4b43-b537-199f1bbf35d5,2025-02-18, Estimated,-107.2045533,39.0372693, 1,TL, E,SS, N, R2, D2, Aspen, -, -, -,At Treeline,Soft Slab,-189750.00538599442,4700095.5499420855
904,8b658089-c8bd-4e32-8e66-75c10024befb,2025-02-18, Estimated,-106.7446008,40.4777973, 1,<TL, S,SS, N, R2, D2, Steamboat & Flat Tops, -, -, -,Below Treeline,Soft Slab,-138548.32729690126,4907875.908700532
905,8d9d2df6-bc68-432f-b620-eecb5f1d1f77,2025-02-18, Estimated,-107.1239205,39.0239716, 1,>TL, W,SS, N, R2, D2, Aspen, -, Several small to large natural avalanches on west and northwest-facing slopes above Yule Creek, -,Above Treeline,Soft Slab,-180774.00314875756,4698197.661940169
912,2d51f086-3f35-4f74-8f01-191b6186b39b,2025-02-18, Estimated,-106.9200082,39.1730626, 1,TL, E,SS, N, R3, D2, Aspen, Lower down on the Garrett Peak shoulder, Observed several older avalanches from the Valentine's Day cycle and more recent avalanches that were not documented yet.  Willow Creek avalanches here: https://avalanche.state.co.us/report/02cc97a0-4548-4def-b44b-aa218b1fa138 , -,At Treeline,Soft Slab,-158074.58974627327,4719497.036755138
914,6a95cf16-f09a-476f-8117-f79eeb5b72e3,2025-02-18, Known,-108.1869461,39.0692767, 1,<TL, NE,SS, AR, R2, D1, Grand Mesa, West of Powderhorn in the Mud slide area , ~ 40 Cm Crown D1 R1 Point release ss slab on ice crust layer from the warm spell 2 weeks ago open area with glade triggered off 2 aspen on crown guessing human triggered with 2 tracks. , 15x 60 release on ice crust layer,Below Treeline,Soft Slab,-299109.4716409716,4704665.219917135
915,c3b49f9d-3dcc-43b7-a139-e03f4dc07abe,2025-02-18, Estimated,-106.646345,37.3892787, 1,TL, NE,SS, AS, R3, D1.5, Southern San Juan, -, -, -,At Treeline,Soft Slab,-127610.54167341437,4467558.46322469
917,c576db3c-7081-4fee-acfd-a55fca0e6977,2025-02-18, Known,-106.784156,38.900096, 1,<TL, W,SS, AM, -, D2, Gunnison, -, Remotely triggered several avalanches but otherwise didn't end up near too much steep avalanche terrain. There was a recent very large avalanche on the North side of Cement Mountain., These avalanches were remotely triggered from several hundred feet away and produced multiple avalanches along the same steep feature for a ways up the valley. This event produced multiple small avalanches; I estimate the largest was up to D2 and I am just lumping it into that category.,Below Treeline,Soft Slab,-142951.59201912617,4680535.019888264
918,91103d99-41d6-4726-ba7e-ce470a12061f,2025-02-18, Known,-106.892584,38.941303, 1,<TL, E,SS, AS, -, D1.5, Gunnison, -, Remote sympathetic and ski cut 6 persistent slabs today on E to NE aspects below treeline breaking 2 feet deep.  A couple of large natural persistent slab avalanches likely ran during yesterday's increased winds along with many natural avalanches that ran during the storm., Sympathetic from a remotely triggered avalanche above.,Below Treeline,Soft Slab,-155021.7417668605,4686407.012245837
932,e0dce5d1-c428-4ab8-9e36-b535aab37424,2025-02-18, Estimated,-106.9995917,38.9699861, 2,<TL, NE,SS, N, -, D1.5, Gunnison, -, 5 separate slides on the lower slopes of Gothic northeast facing, 5 separate slides on the lower slopes of Gothic northeast facing,Below Treeline,Soft Slab,-166933.78444181857,4690496.381429767
942,3d6af4d0-4c6d-46ff-afb3-9f6534af662d,2025-02-17, Known,-106.2183024,39.2695215, 1,TL, SE,SS, AS, R2, D1.5, Sawatch, Prospect Mountain east of Leadville, -, -,At Treeline,Soft Slab,-79961.05740358641,4733301.565808509
944,c0ac387b-5ee9-470b-8ba5-297fdc4216a8,2025-02-17, Known,-107.3708221,39.3892751, 1,<TL, E,C, AS, -, D1, Aspen, -, -, -,Below Treeline,Cornice,-208258.96353680294,4750466.551005104
945,8d328efc-09ea-4374-a615-fdd2f14feb7e,2025-02-17, Estimated,-106.1200212,39.5430421, 2,TL, E,SS, N, R2, D2, Vail & Summit County, -, Several large avalanches around Peak 1. With the poor visibility and crowns also obscured by additional snow it was hard to determine the extent of activity., -,At Treeline,Soft Slab,-69020.44426503465,4772550.481505004
947,30a2fdb2-5daa-4f06-80fe-3a8a2ae84c4d,2025-02-17, Estimated,-107.191887,39.0338469, 1,<TL, NE,SS, N, R3, D3, Aspen, -, The northeast side of Mud Peak released naturally likely on Monday. This was a very large avalanche that broke around 800 feet wide. It snapped large timber and the debris ran over 1500 vertical feet.  This avalanche took out areas locally known as the Money Shot and the Benjamins and the debris ran to the hill on a terrain feature locally known as Middle Earth.  This avalanche would have been unsurvivable if someone was caught in it. , -,Below Treeline,Soft Slab,-188339.99931975812,4699607.060250227
948,b8eac0a4-a191-4cda-94f7-3fe33020d84c,2025-02-17, Known,-106.0439074,39.4297098, 1,TL, NE,SS, AS, R2, D2, Vail & Summit County, -, -, -,At Treeline,Soft Slab,-60547.49480669331,4756268.996246194
949,84d561c7-89af-4b27-a875-87e11076ee9f,2025-02-17, Known,-106.2516644,39.5301034, 1,TL, E,SS, AM, R2, D2, Vail & Summit County, -, -, -,At Treeline,Soft Slab,-83674.89825543125,4770690.33530866
951,06047a24-f0db-4702-ae65-4eeea1733026,2025-02-17, Estimated,-107.8540407,37.9826706, 2,>TL, SE,L, N, R1, D1, Northern San Juan, -, -, -,Above Treeline,Loose,-262050.61203064118,4550678.662270654
952,1d7e3d5b-8cf9-4bc7-8a60-fb589c6f7a6d,2025-02-17, Estimated,-106.2649892,39.6183395, 2,<TL, NW,SS, N, R1, D1, Vail & Summit County, -, -, -,Below Treeline,Soft Slab,-85158.20820635442,4783382.638179089
955,06d723b7-39ec-465e-b986-8872a015d940,2025-02-17, Estimated,-107.1673724,39.0519481, 1,<TL, W,WL, N, R1, D2, Aspen, west side of Whitehouse Mountain, Large Loose Wet avalanche on the west side of Whitehouse Mountain crossed the old mining road., -,Below Treeline,Wet Loose,-185611.04653075902,4702190.970861822
963,1820fd70-40bb-4b8a-9db7-07d53c399ab4,2025-02-17, Estimated,-106.8392539,38.9999902, 1,>TL, NE,SS, -, R1, D1.5, Aspen, -, -, -,Above Treeline,Soft Slab,-149085.0621909054,4694775.873442427
965,83dd5651-7be3-445c-ba24-e18f63b26040,2025-02-17, Known,-107.1631048,39.0398374, 1,<TL, NW,SS, AS, R2, D2, Aspen, Treasure Mountain, Remotely triggered an avalanche from at least 200 feet away that broke in dense trees. The crown was all new snow from the past few days and the avalanche failed on the old snow surface of well-developed near-surface facets., Avalanche triggered from about 200 feet away in dense trees.,Below Treeline,Soft Slab,-185135.97947184942,4700462.118427942
968,93cae12f-9f8d-412f-ab68-1f5058c9143a,2025-02-17, Estimated,-106.9980801,38.9515152, 1,>TL, E,-, N, -, D2.5, Gunnison, -, -, -,Above Treeline,Unreported,-166765.51389953602,4687862.781313555
970,c8eb3962-23ca-4812-9138-8320090e4dec,2025-02-17, Estimated,-106.97714,38.822981, 1,>TL, NE,-, N, -, D2.5, Gunnison, -, New large slab avalanche on Whetstone ran since we last had vis yesterday afternoon.  Roof avalanches going off around my neighborhood this afternoon., New large slab avalanche on Whetstone ran since we last had vis yesterday afternoon.  Couldn't see runout from my angle size is best guess.,Above Treeline,Unreported,-164434.4726303774,4669555.363865762
979,-,2025-02-17, Estimated,-107.0078469,38.9758535, 1,<TL, NE,SS, N, -, D2, Gunnison, -, -, -,Below Treeline,Soft Slab,-167852.749102217,4691333.106304582
980,-,2025-02-17, Estimated,-106.9998527,38.9792247, 4,<TL, NE,-, N, -, D1.5, Gunnison, -, -, Hard to tell when these slides happened as I hadn't been up the valley from Gothic townsite since the cupid crusher,Below Treeline,Unreported,-166962.83882891719,4691813.890363955
985,79db6712-2712-4f40-b6a1-f5652322dd7a,2025-02-16, Known,-107.1387138,39.0754233, 1,<TL, NW,SS, AS, R3, D2, Aspen, north side of Sheep Mountain, -, -,Below Treeline,Soft Slab,-182420.78577191124,4705543.003968933
986,cf94b53a-e96e-4891-bbe6-90a1bf268754,2025-02-16, Known,-107.6957722,37.8348901, 1,<TL, SE,SS, AS, R1, D1, Northern San Juan, Irene's slide Path CR2, I remotely triggered an avalanche from around 250 ft away while skiing down a ridgeline. The avalanche appears to have failed on pre-storm weak surfaces and gouged into old snow. The avalanche was on a northeast aspect near ridgeline. A member of the party also triggered a small avalanche on a southeast-facing gully wall. An avalanche failed naturally on the north-facing steep gully walls sometime at the tail end of the storm., -,Below Treeline,Soft Slab,-244432.24320202586,4529915.240288284
987,57534fde-6f9e-473b-9d1d-1b56bc291cba,2025-02-16, Known,-106.902332,39.1269046, 1,TL, NW,SS, N, R2, D2, Aspen, Maroon Creek, -, This is the avalanche from the photo with the powder cloud.,At Treeline,Soft Slab,-156106.88416311282,4712897.977564053
989,18a785fc-8742-4fc5-9357-48b3789f8515,2025-02-16, Known,-107.7552246,37.725752, 2,<TL, NE,SS, AS, R1, D1, Southern San Juan, Coal Bank Trees. , -, -,Below Treeline,Soft Slab,-251050.45409646488,4514608.05862504
990,c3d74597-701e-4d40-a067-de005c4a519c,2025-02-16, Estimated,-105.7834146,39.8269791, 1,>TL, E,SS, N, R2, D1.5, Front Range, Second Creek Headwall, Second Creek Headwall , -,Above Treeline,Soft Slab,-31549.568955378847,4813459.405656615
991,7d0fd235-ccc6-48b4-a249-2a9655822526,2025-02-16, Estimated,-105.8906792,40.5936474, 2,<TL, N,SS, AS, R1, D1, Front Range, -, -, -,Below Treeline,Soft Slab,-43490.20960752318,4924779.009578696
993,673c93d3-d129-4bce-9713-5e8d2f2d4006,2025-02-16, Known,-106.4499966,37.0349984, 1,<TL, NE,SS, AM, R1, D1, Southern San Juan, Cumbrus , -, -,Below Treeline,Soft Slab,-105753.13776734134,4418248.462230648
994,a8d1c0ea-5100-4ec6-978e-f525027c7fd2,2025-02-16, Estimated,-105.9082494,40.5492167, 3,>TL, E,-, N, R1, D1, Front Range, -, -, -,Above Treeline,Unreported,-45446.11532465962,4918292.868640966
995,282a72b8-b267-4be7-a93b-51a05e8748de,2025-02-16, Estimated,-106.0754224,39.786677, 1,TL, NE,-, N, R2, D1.5, Vail & Summit County, -, -, -,At Treeline,Unreported,-64055.72855904291,4807642.438140679
996,8c23bec2-a77b-4260-9e26-019b92012207,2025-02-16, Estimated,-107.7712627,37.7044352, 1,<TL, NE,SS, AS, R1, D1, Southern San Juan, -, -, -,Below Treeline,Soft Slab,-252835.8072217556,4511620.924522334
997,5c1474d7-6e51-463f-a02f-a65357b50c0a,2025-02-16, Estimated,-107.6897833,37.8802733, 2,TL, SW,WL, N, R1, D1, Northern San Juan, -, Many small loose wet avalanches in front yard on SW aspect under rocks/cliffs between ~11000 and ~12000 ft. , -,At Treeline,Wet Loose,-243765.5619036147,4536287.188215717
999,458015ff-fa0f-4b3d-ae05-20cd96472218,2025-02-16, Known,-107.094894,38.8333754, 1,<TL, E,SS, N, R3, D2, Gunnison, East Bowl, One fresh and one earlier large avalanche in East Bowl at the Anthracites Range., Crossed the flats far-running but not particularly deep debris,Below Treeline,Soft Slab,-177542.7879492462,4671034.621870765
1000,47ab876c-ae84-415b-8c0c-85c069e6ddfc,2025-02-16, Estimated,-106.5062291,39.5582814, 1,TL, E,SS, N, R3, D3, Vail & Summit County, -, There was an impressive natural avalanche along the ridge above Waterdog/Olsen Lake that failed sometime in the past few days. This slope has failed at least once before when I remote-triggered a large slide after the Thanksgiving storm cycle. , -,At Treeline,Soft Slab,-112012.91103337379,4774741.8243411435
1002,92e81ba0-1109-4c48-9bb0-101bbb30e9e9,2025-02-16, Estimated,-105.8781587,39.7976264, 1,>TL, NE,SS, AS, R1, D1.5, Front Range, Jones Pass West Fork area, -, -,Above Treeline,Soft Slab,-42096.43392304698,4809222.4700050205
1003,988805d1-ed15-4010-bb61-2c01fe672074,2025-02-16, Estimated,-105.7803043,39.8140715, 1,TL, SE,SS, AS, R1, D1, Front Range, Tea Cup Bowl Current Creek, -, -,At Treeline,Soft Slab,-31203.331943164434,4811596.024620732
1006,c11bd350-aa17-4310-8738-49d1712259d3,2025-02-16, Known,-107.029578,38.885094, 1,TL, NE,-, AS, -, D2, Gunnison, -, We targeted a couple of suspect slopes in Red Coon Bowl. NE aspects around 11600ft. With some targeted effort we were able to initiate a couple of collapses that resulted in remotely triggered avalanches.  Another natural avalanche is documented here from the other side of Red Coon Bowl., We targeted a couple of suspect slopes in Red Coon Bowl. NE aspects around 11600ft. With some targeted effort we were able to initiate a couple of collapses that resulted in remotely triggered avalanches. These avalanches likely released in the mid-pack drought layer just below thin hard slabs that formed earlier in February.,At Treeline,Unreported,-170271.8440885943,4678398.089890751
1008,ffd3bf51-8ba1-451c-a263-2f5bc389d32e,2025-02-16, Estimated,-106.965886,38.906551, 1,>TL, NE,SS, N, -, D1.5, Gunnison, -, I will code avalanche activity later this evening.  See photos for now., Lookers right (smaller slab) coded here. Crown looks fresh likely ran late 2/15 or early 2/16,Above Treeline,Soft Slab,-163181.6830809889,4681454.629548815
1010,-,2025-02-16, Known,-107.192554,38.843491, 1,<TL, NE,SS, AM, -, D1.5, Gunnison, -, -, Details estimated by CBAC from photo.,Below Treeline,Soft Slab,-188414.24942011907,4672474.412134051
1012,819de8ee-d88d-4686-b4f8-db0b532124a3,2025-02-16, Known,-107.121976,38.884804, 1,<TL, NE,SS, AM, -, D1, Gunnison, -, -, Texted to the forecaster.  See video,Below Treeline,Soft Slab,-180557.542398911,4678356.785901055
1013,-,2025-02-16, Estimated,-106.9793594,38.9706466, 1,<TL, N,-, N, -, D2, Gunnison, -, -, Several hundred meters wide. Crown looked 1m. Ran into the trees a bit,Below Treeline,Unreported,-164681.53510824393,4690590.569025646
1014,a2fea074-f88c-4b04-afe3-20a49ec8a972,2025-02-15, Known,-107.7020225,37.9006329, 1,<TL, W,SS, AS, R1, D1, Northern San Juan, Road cut east side of Red Mountain Pass. , -, -,Below Treeline,Soft Slab,-245128.023415331,4539147.028174054
1015,ae32aa9c-e5e8-475c-99e1-b3f51284cdb2,2025-02-15, Estimated,-107.7176589,37.8875632, 1,TL, U,SS, AS, -, D1, Northern San Juan, Road cut , -, -,At Treeline,Soft Slab,-246868.65950117083,4537311.0826683175
1016,cdcc1889-ae00-4bf4-9a97-eae67f5349eb,2025-02-15, Estimated,-106.600439,38.7979506, 1,>TL, E,SS, N, R3, D2, Gunnison, -, -, -,Above Treeline,Soft Slab,-122500.30912905784,4665994.1061886
1017,20829084-5772-4986-9094-254572471c53,2025-02-15, Known,-107.7099034,37.9170858, 1,<TL, NE,SS, AS, R1, D1, Northern San Juan, -, -, -,Below Treeline,Soft Slab,-246005.3211903245,4541458.690857521
1018,f8a6d829-7f3b-43e9-b48d-0dc1cef86490,2025-02-15, Estimated,-107.2871907,39.0736308, 1,>TL, E,-, N, R2, D2.5, Aspen, Birthday Bowl on the flanks of Chair Mountain, -, Connected east and north-facing slopes,Above Treeline,Unreported,-198949.15867447376,4705287.012551771
1019,ec2fc08f-bce0-46ca-a8fa-08849d5876c9,2025-02-15, Estimated,-107.1884145,39.1510802, 1,TL, W,-, N, R2, D1.5, Aspen, A slab avalanche above Hawk Creek south of the town of Redstone, -, There may be a larger avalanche in the shaded portion of the photo but I can't say for sure,At Treeline,Unreported,-187953.44238797814,4716353.740335445
1020,69823592-6ad0-4386-828c-71b7e59554ca,2025-02-15, Estimated,-106.6162567,38.8258811, 1,TL, E,SS, N, R3, D2, Gunnison, -, -, -,At Treeline,Soft Slab,-124261.12743857954,4669968.063829303
1021,7ba9ccac-757f-4744-901f-5c24139bab61,2025-02-15, Estimated,-107.1834613,39.0349185, 1,TL, E,SS, N, R2, D2, Aspen, Di's, -, -,At Treeline,Soft Slab,-187402.05468618227,4699760.010453684
1023,1aadaaba-31c8-4ede-9676-e069e795e228,2025-02-15, Estimated,-106.9654934,38.8153867, 1,>TL, NE,HS, N, R3, D3, Gunnison, -, -, -,Above Treeline,Hard Slab,-163137.9790489037,4668474.734057661
1024,9fa63639-eb98-4301-b6ca-794be08424ff,2025-02-15, Estimated,-106.9982308,39.1682678, 1,>TL, E,SS, N, R2, D3, Aspen, Garrett Peak, -, Propagated onto some southeast aspects,Above Treeline,Soft Slab,-166782.2897467992,4718811.336653646
1025,14e1478c-2c7a-4b5a-ad66-bcd0415c91d1,2025-02-15, Estimated,-106.5718336,39.0878272, 1,>TL, S,SS, N, R2, D1.5, Sawatch, -, -, -,Above Treeline,Soft Slab,-119315.9705671219,4707314.615680638
1027,7790a59f-a3ae-45da-8ccc-ec8cd29a8122,2025-02-15, Estimated,-106.7408416,40.4577517, 2,<TL, N,SS, AS, R1, D1, Steamboat & Flat Tops, -, -, -,Below Treeline,Soft Slab,-138129.85506710986,4904954.142046704
1030,f6df5143-bea3-4986-a370-232ac8f5ece0,2025-02-15, Estimated,-106.4233438,38.8301759, 3,>TL, NE,SS, N, R1, D1.5, Sawatch, -, -, -,Above Treeline,Soft Slab,-102786.16164312643,4670579.2683043005
1031,bac66bd9-f47e-47af-9b23-a4c6403abb12,2025-02-15, Estimated,-106.3648308,38.6282235, 2,>TL, NE,SS, N, R1, D1, Sawatch, Mount Chapman, -, -,Above Treeline,Soft Slab,-96272.52427833882,4641878.972884147
1032,f5b8676b-fe6e-4610-960f-227ce0d24588,2025-02-15, Estimated,-107.8868722,37.8377012, 1,<TL, E,SS, N, R1, D1, Northern San Juan, -, I drove along Highway 145 on Sunday morning and observed a minimal amount of natural activity then I toured in Waterfall Canyon and only found one recent natural Storm Slab avalanche below treeline and several slab avalanche that failed during the storm. , -,Below Treeline,Soft Slab,-265705.39789262036,4530309.812920954
1035,3424b7d3-ed31-45af-8dbd-7ae93e70b3e8,2025-02-15, Estimated,-107.2135059,39.0506443, 1,<TL, NE,SS, N, R2, D2, Aspen, last northeast avalanche path at the bottom of Raspberry Creek, A large avalanche near the bottom of Raspberry Creek., -,Below Treeline,Soft Slab,-190746.6042592706,4702004.833674283
1036,13903c02-c91e-406b-82b1-8d9cc76da7b3,2025-02-15, Estimated,-106.8782523,39.1246461, 1,TL, NE,SS, N, R1, D2, Aspen, In Between Bowl, Several large natural avalanches off the east side of Highlands Ridge occurred on February 15 2025., lower down below the start zone,At Treeline,Soft Slab,-153426.34422065737,4712575.199079416
1038,75efdc81-c68a-4ecc-8296-9d1460701d95,2025-02-15, Estimated,-107.7136173,37.7103431, 1,<TL, N,SS, AS, R2, D1.5, Southern San Juan, -, -, -,Below Treeline,Soft Slab,-246418.75064718086,4512448.714772102
1043,d53b7783-f911-456a-97c4-0a7c971776dd,2025-02-15, Estimated,-107.1843085,39.1092384, 1,>TL, E,SS, N, R2, D2.5, Aspen, Carbonate Creek, Several small to large avalanches on east southeast and south-facing slopes up Carbonate Creek north of Marble., -,Above Treeline,Soft Slab,-187496.3645587822,4710373.452111207
1044,d108aa1a-eee1-48e3-843b-37c3abb87e55,2025-02-15, Estimated,-107.2750567,39.0435101, 1,>TL, E,SS, N, R2, D2.5, Aspen, Chair Mountain, Two large to very large avalanches in Rapid Creek, -,Above Treeline,Soft Slab,-197598.40797318792,4700986.379952155
1046,5abb1a85-70b5-4f11-8495-a60708e31d07,2025-02-15, Estimated,-106.7260717,37.4626892, 10,All, All,-, -, R1, D1, Southern San Juan, -, -, -,Across Zones,Unreported,-136485.67732004425,4477805.3257432105
1047,a911bf0a-cbfa-40d0-b441-4414786084f6,2025-02-15, Estimated,-107.736561,37.8543948, 1,TL, NE,SS, U, R1, D1.5, Northern San Juan, -, -, -,At Treeline,Soft Slab,-248972.83164809362,4532653.278483975
1048,99190c20-5a33-406d-9c50-e0a6afdc270f,2025-02-15, Estimated,-107.6984128,37.8366841, 1,TL, SE,SS, AS, R1, D1, Northern San Juan, Irene's/Niagra, One avalanche was triggered intentionally from ridgeline on a wind-loaded southeast slope. The second avalanche was triggered below treeline on an east-facing slope., -,At Treeline,Soft Slab,-244726.19344941527,4530167.04861322
1054,1d5af304-da13-47c5-a3ff-1c851362e4c8,2025-02-15, Estimated,-107.1457936,39.2573647, 1,>TL, NE,SS, N, R2, D2.5, Aspen, Hell Roaring Ridge above East Sopris Creek, -, -,Above Treeline,Soft Slab,-183208.90550282915,4731560.715150247
1055,7c9c2e85-2264-4944-98f4-ba1025968cbc,2025-02-15, Estimated,-106.8999897,39.0541363, 1,>TL, NE,SS, N, R3, D3, Aspen, two bowls north of Hunter Peak, Several large to very large avalanches around Hunter Peak far up Conundrum Creek, -,Above Treeline,Soft Slab,-155846.14051982862,4702503.377323883
1058,f6017f34-1fb2-43ec-ab28-63a4ebe55656,2025-02-15, Estimated,-105.77732,39.8144163, 1,<TL, E,-, AS, R1, D1, Front Range, -, -, -,Below Treeline,Unreported,-30871.121186791617,4811645.7964290595
1059,333cce47-dfc2-4ca0-9f16-5f99dc2f10a4,2025-02-15, Estimated,-107.7361417,37.8628265, -,<TL, NE,SS, U, R1, D1.5, Northern San Juan, Sams mid-way up , 2 smaller storm slab avalanches on below treeline terrain with slope angles over 35 degrees, -,Below Treeline,Soft Slab,-248926.15538560582,4533837.133006979
1063,aab47cda-8c89-436b-9e3d-b4765a24c57a,2025-02-15, Estimated,-106.8773597,39.1350135, 1,TL, NW,SS, N, R1, D2, Aspen, Maroon Bowl, -, -,At Treeline,Soft Slab,-153326.9804431764,4714056.964794509
1065,52798b2f-512a-417c-a558-bcb9a1a1e870,2025-02-15, Estimated,-107.1884429,39.0327769, 1,<TL, NW,SS, N, R3, D2, Aspen, Lower chute, No visibility throughout the day but we saw dozens of small to large storm slabs and every small window of visibility allowed us to see another dozen or so large to very large avalanches throughout Yule Creek., The avalanche went full path as wide as the chute is and looks like it connected to middle and Top chute but we didn't go that high to confirm.,Below Treeline,Soft Slab,-187956.60386151812,4699454.340748688
1066,3e4e73b2-bf35-4221-910f-fe4795e1fb27,2025-02-15, Estimated,-107.7312307,37.9070599, 2,TL, N,SS, N, R2, D2, Northern San Juan, Chattanooga area , 1 fresh avalanche in the Battleship. Clues that lead one to believe there was a natural cycle during the storm but covered up. Storm Slab avalanche mostly D1's a few D2. Crowns in cross-loaded areas. , -,At Treeline,Soft Slab,-248379.4653663196,4540049.971447673
1069,75878234-32e3-48b8-8163-edd9611cd8e5,2025-02-15, Estimated,-107.7347862,39.1408193, 1,<TL, N,SS, N, R3, D2, Grand Mesa, above Park Creek south of Vega Reservoir, Observed one recent avalanche on a wind-loaded north-facing slope and found some evidence of older avalanches on a few small steep slopes that seemingly had about 1 to 2 feet of snow covering the debris piles and crowns., -,Below Treeline,Soft Slab,-248775.26181583514,4714886.857664586
1070,9dae4da6-aa03-485f-897e-315a7c047fe6,2025-02-15, Estimated,-107.7618978,37.8370804, 2,>TL, E,SS, N, R2, D2, Northern San Juan, V5 ridgeline, Natural avalanches in the Ophir pass area likely released sometime on the 14th or 15th of February., Defined crown line appears to have broken across most of path and one across terrain features.,Above Treeline,Soft Slab,-251793.311322426,4530222.674662861
1072,1ef122cc-223e-4133-996a-95e8399d8db7,2025-02-15, Estimated,-107.690726,37.8646786, 1,TL, NE,SS, N, R2, D2, Northern San Juan, Minnesota Gulch off Ohio Peak, Large natural persistent slab avalanche triggered by storm loading., Dumped debris into gully terrain trap and connected across terrain features.,At Treeline,Soft Slab,-243870.50278758493,4534097.195771559
1073,18c94b20-8abc-4651-ab4f-a4e1bc633253,2025-02-15, Estimated,-107.6897745,37.790885, 4,TL, NE,SS, N, R1, D1, Northern San Juan, Bear Mountain and Sultan Mountain, -, While there was a large natural D1 cycle of loose storm snow sluffing from steep terrain these two avalanches had visible crown lines.,At Treeline,Soft Slab,-243764.58229209553,4523740.555452706
1075,c6d5497d-40b1-4d10-be18-69ce666efa61,2025-02-15, Estimated,-107.679364,37.8797937, 1,<TL, NE,SS, N, R1, D1, Northern San Juan, Georgia Gulch, I did not observe any avalanche activity this day just some minor pinwheels from rocks on south slopes. I did get a better look at natural avalanche activity that likely occure 2/14 and/or 2/15., -,Below Treeline,Soft Slab,-242605.6907331928,4536219.830136667
1083,35426253-2cb9-4146-acee-8eb986bc7012,2025-02-15, Estimated,-107.1178793,38.9957838, 1,>TL, NW,SS, N, R2, D2, Aspen, The Blob - west side, Several old large to very large avalanches near the Blob, -,Above Treeline,Soft Slab,-180101.499840977,4694175.803373627
1085,3b3e58d8-6994-44d9-9547-814d12c8ede6,2025-02-15, Estimated,-108.0299856,37.7277353, 1,>TL, NE,SS, U, R2, D1.5, Northern San Juan, -, -, -,Above Treeline,Soft Slab,-281636.7087063146,4514886.023545921
1086,d78cd394-99cd-4214-8e27-98337de17355,2025-02-15, Known,-105.616925,39.9476706, 1,<TL, N,SS, AS, R1, D1, Front Range, -, -, -,Below Treeline,Soft Slab,-13016.031461003113,4830899.910863053
1087,5f3cef06-9f0e-4469-ae78-f0660c5b5aa4,2025-02-15, Estimated,-106.984254,38.86892, 1,TL, E,SS, N, R2, D2, Gunnison, -, There has been a wide variety of recent avalanche activity up to D3 in size. Many crowns appear sharp and have run in the past 24 hours.  There are many slides that were hard to see because they ran very early and those suspicious textures/faint lines are not coded due to uncertainty.  Most natural avalanche activity was west through north through southeast slopes near and above treeline., There is one clear slab on the right side of the image.  The rest of this terrain shows signs of snow moving but it's hard to know if it was loose avalanches and/or a combination of smaller slabs.,At Treeline,Soft Slab,-165226.39948788073,4676094.726227623
1088,ab3cc71b-193e-452d-bd75-7e918876dc6d,2025-02-15, Known,-107.065615,38.859643, 1,<TL, NE,SS, AM, -, D2, Gunnison, -, I remotely triggered one large avalanche and a couple of small avalanches. These avalanches occurred on steep NE-facing slopes around 10000ft and released on the mid-pack drought layer. Slab depths averaged 70 to 90 cm.   The storm slabs that were reported yesterday above Kebler Pass Road were no longer visible., I remotely triggered one large avalanche and a couple of small avalanches. These avalanches occurred on steep NE-facing slopes around 10000ft and released on the mid-pack drought layer. Slab depths averaged 70 to 90 cm.   The storm slabs that were reported yesterday above Kebler Pass Road were no longer visible.,Below Treeline,Soft Slab,-174283.46457831026,4674773.813136627
1098,-,2025-02-15, Estimated,-106.9810496,38.9682575, 5,<TL, SW,-, N, -, D1.5, Gunnison, -, -, About 5 avalanches observed from Gothic Townsite up in the aspens on the ridge above Avery Peak trail,Below Treeline,Unreported,-164869.6873115826,4690249.886486263
1106,aceff8d7-1a42-415d-993e-0f2e6a731bdb,2025-02-15, Estimated,-106.9871096,38.9560557, 1,>TL, E,-, N, R2, D2.5, Gunnison, -, See photos of avalanches from Gothic and Snodgrass, See photos of avalanches from Gothic and Snodgrass,Above Treeline,Unreported,-165544.283425789,4688510.106369261
1109,4af4414a-dab7-4298-b37f-0c4606e9ecf7,2025-02-15, Estimated,-107.063005,38.9506, 1,>TL, NE,SS, N, R2, D2, Gunnison, -, Flat light limited avalanche obs through the corridor.  I have documented avalanches where crowns were visible but many slides ran early in the storm cycle and are now obscured by later snowfall.  Each Climax Chute had some amount of debris in the runout but crowns were hard to see on most features.  Schuylkill Ridge showed lots of texture and lumps but debris in aprons was surprisingly hard to see with the exception of the D3 in Thanksgiving Bowl (previously documented) due to snapped trees in the debris.  Several avalanches ran early in the storm on southwest aspects and impacted the Slate River Road but the slopes were small., The failure date is a best guess.,Above Treeline,Soft Slab,-173992.920707341,4687732.309139955
1117,2e9e9aad-9654-465c-8556-6a93abc97850,2025-02-14, Known,-105.8877398,39.6765714, 1,TL, N,HS, N, R2, D2, Front Range, Seven Sister 6, -, -,At Treeline,Hard Slab,-43162.997096285784,4791767.928145968
1118,db126cfb-8213-4084-9185-11d399e34134,2025-02-14, Estimated,-106.719299,37.5443892, 1,TL, N,SS, N, R4, D2, Southern San Juan, -, Avalanche from 02/14 storm cycle on ridgeline near peak 11049 visible from Park Creek Campground. The avalanche propagated across the entire ridge. , -,At Treeline,Soft Slab,-135731.7438047479,4489221.198376055
1120,6939ca8d-878a-49b6-a5dc-c95dc5afb1df,2025-02-14, Estimated,-107.7313301,37.6752277, -,>TL, NW,SS, N, R3, D2.5, Southern San Juan, -, One large natural above treeline off North Twilight. Multiple small releases or one large? In steep cliff zone below treeline on summit of Coal Bank, -,Above Treeline,Soft Slab,-248390.53052370317,4507529.468877083
1121,047bf5ef-892f-479b-9f46-82c0f1b5c4a6,2025-02-14, Estimated,-107.6836312,37.8795665, -,>TL, NE,SS, N, R2, D2, Northern San Juan, McMillan/Georgia, Natural activity on northeast terrain at and above treeline., -,Above Treeline,Soft Slab,-243080.7132643042,4536187.920875791
1126,6527e7f8-81ee-4678-a879-8c7e6c29f122,2025-02-14, Known,-107.6920423,37.8880785, 2,<TL, W,SS, AS, R1, D1, Northern San Juan, Steep slopes near the Cabins near Carbon. , I triggered 3 D1 avalanches below treeline. All three avalanches failed at the new/older interface. On a more west slope the avalanches failed on a curst and on a more north facing slope that avalanche failed on weak faceted snow. , Avalanches failed on a curst. ,Below Treeline,Soft Slab,-244017.03263331542,4537383.462400201
1132,7abd0ceb-8b48-4252-90ea-435881da6c81,2025-02-14, Estimated,-107.1221625,39.0684948, 1,TL, N,SS, U, R2, D2, Aspen, Sheep Mountain, -, This is the 3rd time this year this slope has avalanched. This may have been remotely triggered on February 14 or 15.,At Treeline,Soft Slab,-180578.3034839439,4704553.563816441
1134,7eb4ec0a-44c6-4cb3-810c-d8c158f0aa63,2025-02-14, Known,-106.753971,40.4797049, 4,<TL, E,SS, N, R1, D1, Steamboat & Flat Tops, -, -, -,Below Treeline,Soft Slab,-139591.41318953212,4908153.998668152
1135,4a8594da-7a67-4cc3-907d-280c247ac0b3,2025-02-14, Known,-107.0692136,38.8576304, 1,<TL, SE,SS, N, R3, D2, Gunnison, Windy Point, This was one of the more active days on the Kebler banks that I've seen. 2 large avalanches hit the road 1 of those crossed the road the other left big enough pile to bury a person and close one lane of snowmobile traffic until the Irwin snowcat came through. Dozens of small avalanches ran in the storm snow including a couple hundred linear feet that dumped into the inside lane in the banks just down valley of the winter trailhead. It appeared most of the slides ran early in the day. Much of the evidence was filled in by the the afternoon., Buried one lane of Kebler Pass snowmobile route cleared quickly by local snowcat operator.,Below Treeline,Soft Slab,-174684.05889787927,4674487.270404647
1139,91b939a3-c6e6-46b8-9a5b-5deb3c7b347f,2025-02-14, Estimated,-106.8033451,37.4924994, 1,TL, NE,SS, N, R3, D2, Southern San Juan, Gibbs Creek, -, -,At Treeline,Soft Slab,-145087.71285990835,4481969.220585873
1145,f323a5c9-3514-430a-88a7-47ca8d247fb4,2025-02-14, Estimated,-106.7467367,37.4709149, 3,<TL, N,SS, AS, R1, D1, Southern San Juan, Triggered from 30 feet away. , -, -,Below Treeline,Soft Slab,-138786.09459728666,4478954.1258896785
1149,d3bfdffc-2517-47df-8259-1e0a4218ee93,2025-02-14, Estimated,-106.849125,39.0598365, 1,TL, NE,SS, N, R1, D2, Aspen, Stammberger Face off Ski Hayden Peak, -, -,At Treeline,Soft Slab,-150183.90801647585,4703317.233273511
1152,5214d18f-e9e6-472c-b17e-fabfeb331eb8,2025-02-14, Known,-107.648762,37.7980995, 1,>TL, NW,SS, N, R2, D2, Northern San Juan, Ohio Path. Kendall Mtn. , -, -,Above Treeline,Soft Slab,-239199.09167593712,4524752.621653072
1158,a18844fb-34bd-4b60-adda-d835f9280599,2025-02-14, Estimated,-107.1936379,39.0536152, 1,TL, NE,SS, N, R3, D3, Aspen, Carbonate lookers right path, Two large to very large avalanches broke as wide as the avalanche paths are on the Carbonate avalanche path.. This path slid a few days ago but was notably smaller (https://avalanche.state.co.us/report/0cd894d9-4989-477e-8337-92ec09928531 ). The debris did not impact the quarry road but one of the runouts to the looker's right had debris make it nearly to the Crystal River., Debris ran stopped about 20 feet above the Crystal River,At Treeline,Soft Slab,-188534.9086161886,4702428.979670809
1162,9dbe6bb2-f6de-4c18-a130-60751e7be4b5,2025-02-14, Estimated,-107.1434002,38.9995949, 1,>TL, N,SS, N, R3, D3, Aspen, north face of Ant Peak, Evidence of a very large debris pile likely from the Valentines day cycle on the north side of Ant Peak. Debris made it across Yule Creek., -,Above Treeline,Soft Slab,-182942.47343356445,4694719.4798188675
1164,9f8a1b31-47c7-4fa2-88c0-6b8bb25a053d,2025-02-14, Estimated,-107.6550805,37.889742, 1,<TL, SE,SS, AS, R2, D1.5, Northern San Juan, Road cut on CR10, Second-hand parking lot conversations suggest a party triggered an avalanche on a road cut while skinning and had been buried up to their knees. While small in size D1.5 the location was above a terrain trap. Additional natural avalanche activity observed on embankments., Triggered from below. ,Below Treeline,Soft Slab,-239902.46387851267,4537617.12333623
1165,e0cc20fc-2359-4976-b1a1-e6a5d59d2542,2025-02-14, Known,-106.8808479,39.1174579, 1,>TL, E,SS, N, -, D2.5, Aspen, 5-Fingers avalanche path above Conundrum Creek, The Thumb and Index in Five Fingers ran to the lower apron sometime before midday today.  D2.5 or more with a 3000ft or more track. Got a brief fuzzy view during a lull in the storm., -,Above Treeline,Soft Slab,-153715.28509096112,4711547.951135136
1166,-,2025-02-14, Estimated,-106.983053,38.93636, 3,<TL, NE,SS, N, -, D1, Gunnison, -, -, Evidence of moving snow from early in the storm most likely small storm slabs D1 or D1.5s,Below Treeline,Soft Slab,-165092.7047794362,4685702.453854855
1169,51129ec1-0da0-4890-aeef-eabb9b22f01f,2025-02-14, Known,-107.0480075,38.8785861, 1,TL, E,-, N, -, D2, Gunnison, -, Small pockets here and there on ascent: early on road cut; east facing pitch below windy ridge (repeat offender) looked like it slid early in the cycle: just below windy ridge on the left a very small pocket on easterly tilt; the Skiers ahead of us triggered the  east facing stuff past windy ridge…. looked big; all of the East facing stuff on the west side of the bowl slid.  R1D1 remote trigger in little lady bowl; skiers right with easterly tilt.  On lap 2 skin cracking snow on edge or road cut where road and down slope meet., Small pockets here and there on ascent: early on road cut; east facing pitch below windy ridge (repeat offender) looked like it slid early in the cycle: just below windy ridge on the left a very small pocket on easterly tilt; the Skiers ahead of us triggered the  east facing stuff past windy ridge…. looked big; all of the East facing stuff on the west side of the bowl slid.  R1D1 remote trigger in little lady bowl; skiers right with easterly tilt.  On lap 2 skin cracking snow on edge or road cut where road and down slope meet.  CBAC Comments:  Characteristics coded using best estimates from description,At Treeline,Unreported,-172323.40664416866,4677471.226520526
1175,3e9727f5-1725-4569-815f-086b339c1143,2025-02-14, Known,-107.030603,38.89589, 1,TL, E,SS, N, -, D3, Gunnison, -, Three of the Climax Chutes had large avalanches.  The main chute in the middle had a very wide one across the top with a debris pile that came close to Mike's Mile and was a D2.5 or D3 the two to the lookers left had smaller crowns mid slope that didn't propagate as wide D2s., Three of the Climax Chutes had large avalanches.  The main chute in the middle had a very wide one across the top with a debris pile that came close to Mike's Mile and was a D2.5 or D3 the two to the lookers left had smaller crowns mid slope that didn't propagate as wide D2s.,At Treeline,Soft Slab,-170385.9465666568,4679935.858693388
1195,b18690db-3d61-4e1f-ab7f-45ceeb915b6c,2025-02-14, Estimated,-107.8167579,37.8420115, 1,TL, NE,SS, N, R2, D2, Northern San Juan, Nevada Ophir, -, -,At Treeline,Soft Slab,-257900.30971929413,4530914.8462549
1209,5c227068-05f5-4bf3-90e1-f427ea4a1ace,2025-02-14, Estimated,-107.6821426,37.872211, 1,TL, NE,SS, N, R2, D2, Northern San Juan, Fairview Gulch Plainview slide path., Natural in Fairview Gulch that likely occurred sometime during the storm early morning on the 14th., Likely released during the storm. Limited to new storm snow.,At Treeline,Soft Slab,-242915.0030703101,4535154.926214222
1215,bb826879-9289-4e23-a9d2-cd3c2cf6a822,2025-02-14, Estimated,-107.8393864,37.8472763, 3,<TL, NE,SS, N, R1, D1, Northern San Juan, -," Numerous small natural Storm Slab avalanches primarily on northeast and north-facing slopes below treeline. Most of these had crowns in the 6-8"""" range and likely failed on the mid-storm density change during peak storm intensity overnight. ", -,Below Treeline,Soft Slab,-260419.30281670947,4531653.9103592
1216,8e6569dd-70cd-41ef-8815-a9dc779c2eef,2025-02-13, Estimated,-107.1837723,39.1139179, 1,<TL, SW,-, N, R2, D2, Aspen, Peak 12595 South of Redstone, -, -,Below Treeline,Unreported,-187436.67504781848,4711042.097286482
1218,07f68917-8d64-4e8a-ba99-65469d263094,2025-02-13, Known,-106.2362573,39.4088183, 1,TL, E,SS, AS, R1, D1, Sawatch, Fremont Pass area, I misjudged a ski cut and the slab broke a little bit above me. Hip checked and then skied off of the slab., -,At Treeline,Soft Slab,-81959.78772883126,4753270.6085192105
1219,b756f478-2acd-4d0d-b5f3-cd44397c8a0d,2025-02-13, Estimated,-106.2327107,39.3309813, 1,TL, E,SS, N, R1, D1.5, Sawatch, Fremont Pass, -, likely triggered by cornice fall,At Treeline,Soft Slab,-81564.98202278232,4742107.257638065
1220,abae2c25-ae2c-47a6-8558-696228be2faf,2025-02-13, Estimated,-105.9351895,40.4800269, 1,>TL, N,HS, N, R4, D3, Front Range, -, 20250213 Seven Utes Mtn 11400' N - HS-N-R4-D3.  600' wide x 700' track., -,Above Treeline,Hard Slab,-48445.073538580415,4908200.940620385
1221,a64d73ca-69bd-4063-88ac-0c2b27acb13e,2025-02-13, Estimated,-105.679386,39.8942, 1,>TL, E,L, N, R1, D1, Front Range, -, -, -,Above Treeline,Loose,-19969.15817544117,4823169.332135517
1223,9d07d9f6-262c-44b2-9f80-93fbfda94be9,2025-02-12, Estimated,-107.193049,39.0453384, 1,TL, NE,SS, N, R2, D2, Aspen, Tsunami, Observed two new large avalanches along Raspberry Ridge that were not there at noon yesterday., The avalanche occurred sometime between noon on Feb 12 and 8AM on Feb 13,At Treeline,Soft Slab,-188469.35256806153,4701247.37185609
1225,83ad6245-1680-43ca-a373-55cc5670f9eb,2025-02-12, Known,-107.0643984,38.9296, 1,>TL, E,C, N, -, D1, Gunnison, -," Good visibility of Climax Schuylkill Peeler Peak and parts of Scarp Ridge and the Ruby Range. There were a couple of natural cornice falls that entrained loose snow (D1s) and a soft slab in Redwell Basin. I ski cut a small windslab about 12"""" thick on a crossdrifted slope in the Great Wide Open.", -,Above Treeline,Cornice,-174148.0332858127,4684738.986616674
1226,9c3f849e-edde-4dd9-a251-479b451b1ab0,2025-02-12, Known,-106.9770546,38.8764715, 1,TL, SE,SS, N, -, D1.5, Gunnison, Red Ridge, A couple of notable slabs in drifted terrain. Numerous loose avalanches running in the storm snow., A fresh slab (possibly two) on a drifted slope of Red Ridge.,At Treeline,Soft Slab,-164424.96594586258,4677170.080927616
1227,76977207-04aa-43cd-9674-aac79915fa85,2025-02-12, Estimated,-107.0878297,38.9513678, 1,>TL, NE,SS, N, R1, D1, Gunnison, near Daisy Pass, The natural activity from Tueday night's storm included numerous Loose Dry avalanches pouring out of cliffs. One of these triggered a small Storm Slab avalanche that didn't gouge. On north-facing slopes over 40 degrees we could push the new snow as a loose avalanche that would gouge into the faceted old snow once it gained momentum., triggered by Loose Dry out of cliffs,Above Treeline,Soft Slab,-176756.39367043678,4687841.767651623
1232,5f9a14af-fcf4-4968-a8d8-99677640cf0c,2025-02-12, Estimated,-106.7633091,40.5040756, 1,<TL, SE,SS, N, R1, D1, Steamboat & Flat Tops, -, SS-N-D1-R1-S. Southeast aspect below treeline. Failed at a density change 3-4in down within the storm snow on an isolated terrain feature., -,Below Treeline,Soft Slab,-140630.92572650884,4911707.460836337
1238,73f00b8d-91dd-43a7-99dd-2abfdc1324f1,2025-02-11, Known,-107.1938217,39.0524399, 1,TL, E,SS, N, R1, D2, Aspen, Mud Peak, Several small to large natural slab avalanches loose avalanches and cornice falls occurred overnight along Raspberry Ridge. A few cornice falls on east and southeast did not trigger slab avalanches on the slope below except for a cornice fall on Mud Peak, likely triggered by Cornice Fall,At Treeline,Soft Slab,-188555.36913859713,4702261.183656717
1242,d76ec8d7-9f0a-451a-b8f7-bffb68180e94,2025-02-11, Estimated,-106.8113964,39.0040456, 1,<TL, E,SS, N, -, D1, Aspen, -, -, -,Below Treeline,Soft Slab,-145983.97947613322,4695354.436439493
1244,8df3a84d-aa69-4d98-8553-6ddd262c0ae8,2025-02-10, Estimated,-105.7922139,39.7939699, 3,>TL, E,U, N, R1, D1.5, Front Range, Stanley Headwall, -, Too blown in to tell if they were slabs or not.,Above Treeline,Unreported,-32529.102550716354,4808694.797693358
1245,883e7ce6-5f3c-4788-94ed-cfb844ffa303,2025-02-10, Estimated,-106.2036362,39.3766188, 1,TL, NE,SS, N, R1, D1.5, Sawatch, -, -, -,At Treeline,Soft Slab,-78328.4234877144,4748651.047936928
1246,c3075971-878d-4f63-8b23-fcea81431ac4,2025-02-10, Known,-107.1113284,39.0843659, 3,TL, N,L, AS, R1, D1, Aspen, Steep open meadow on north side of Arkansas Mountain, Triggered a few small Loose Dry avalanches on very steep north-facing slopes that only had about 2 or 3 inches of new snow on very weak facets., -,At Treeline,Loose,-179372.2569887405,4706820.2170298835
1247,c4321615-5c73-46e7-9c72-3ceafbbfe2e5,2025-02-10, Known,-106.26133,39.49574, 1,TL, N,HS, AF, R3, D2, Vail & Summit County," Ptarmagin Hill - north side aka """"Avalanche Bowl""""", -, -,At Treeline,Hard Slab,-84750.86792564247,4765751.739493906
1248,9859f0c9-e35c-4ba7-9b47-8e52b90e82ce,2025-02-10, Known,-107.1738275,39.0167515, 1,TL, N,HS, AS, R1, D1.5, Aspen, Mount Justice - north face, A skier triggered and was caught in a small hard slab avalanche before skiing out of the moving debris. The avalanche occurred on a north-northwest-facing slope just below 11000 feet on Mount Justice south of Marble., -,At Treeline,Hard Slab,-186329.6249757787,4697167.338161852
1249,32e17e6c-3189-4c5e-b62b-5216745760b8,2025-02-09, Known,-106.9317978,39.0917683, 1,TL, N,SS, AS, R1, D1.5, Aspen, off the ridgeline of the small sub-peak southeast of Maroon Lake, Observed several Loose Wet avalanches from last week's warm-up and several older large avalanches that nearly made it from ridgetop to valley floor likely from the wind event in late January. Triggered a soft slab on a north-facing slope near treeline. This was the only open steep slope we got close to and triggered an avalanche immediately. The new slab still seems too thin soft and disconnected for larger remotely triggered avalanches but I am confident you could trigger an avalanche on most steep slopes facing north northeast or east above 11000 feet right now., -,At Treeline,Soft Slab,-159387.00201492957,4707877.576879718
1250,a316eab9-11a8-4238-93b1-aaceb0dfd8c9,2025-02-09, Estimated,-105.7945618,39.803174, 1,>TL, NE,SS, AS, R1, D1, Front Range, -, -, -,Above Treeline,Soft Slab,-32790.46958314976,4810023.10240268
1251,055f003c-b120-4c14-82ea-7c9326fffb3d,2025-02-09, Estimated,-106.7384541,40.4427924, 3,<TL, NE,L, N, R1, D1, Steamboat & Flat Tops, -, -, -,Below Treeline,Loose,-137864.0797828423,4902774.306580299
1252,f86c5a44-212b-4375-9f70-15aa35e9c02a,2025-02-09, Estimated,-106.4213848,38.6891655, 1,TL, N,HS, AM, R3, D1.5, Sawatch, Tincup Pass, -, -,At Treeline,Hard Slab,-102568.08676066263,4650531.082679395
1254,8a3e2340-80e3-40b2-b852-e9a818926cf9,2025-02-09, Estimated,-106.3845681,38.6274837, 1,>TL, E,-, N, R2, D2, Sawatch, -, -, -,Above Treeline,Unreported,-98469.67046397242,4641773.986938788
1255,34acf872-59a4-4f47-aadf-95fa1f2d21ff,2025-02-08, Estimated,-105.9125788,40.4874972, 1,>TL, E,HS, AS, R3, D2.5, Front Range, -, -, -,Above Treeline,Hard Slab,-45928.061928101095,4909290.0430372795
1256,e7856dee-02c9-446b-850a-03c97b08ec4e,2025-02-08, Estimated,-106.4071369,39.8285174, 1,>TL, E,SS, N, R1, D1, Vail & Summit County, -, -, -,Above Treeline,Soft Slab,-100982.0177877886,4813681.502929812
1257,9c46b9ca-5f84-40b7-953a-ca3e5a196285,2025-02-08, Estimated,-107.7676723,37.6723007, 1,<TL, E,L, AS, R1, D1, Southern San Juan, -, -, -,Below Treeline,Loose,-252436.12572201132,4507119.537353201
1260,756f26ec-8be3-4692-aed1-cc37c02fdc4f,2025-02-07, Known,-106.3228561,38.6365148, 1,TL, NE,HS, AM, R2, D2, Sawatch, near Hancock Pass, -, -,At Treeline,Hard Slab,-91599.92204813822,4643055.67637876
1261,6a5f77d7-8dd0-4147-a463-4a4b00c0e481,2025-02-06, Estimated,-105.6779975,39.8961449, 2,TL, E,HS, AS, -, D1.5, Front Range, -, Crater Lakes Couloirs , -,At Treeline,Hard Slab,-19814.591062475363,4823450.411894707
1262,a3a6808f-ebfe-4512-9ce4-73737b8a0ffe,2025-02-05, Estimated,-107.7114454,37.912781, -,TL, SE,WS, AS, R2, D1.5, Northern San Juan, -, -, -,At Treeline,Wet Slab,-246176.97584512806,4540853.80819499
1263,1cef213d-3af8-42c8-ab67-35543277ead5,2025-02-05, Estimated,-107.7958817,37.9159513, 3,>TL, NW,HS, N, R1, D1.5, Northern San Juan, -, Very strong southerly winds were observed transporting snow prior to the release of this avalanche. , -,Above Treeline,Hard Slab,-255576.38176559444,4541299.274788891
1264,34ba76e0-2035-4d20-ad56-4a7d699eb6d1,2025-02-05, Known,-107.1404073,39.0285614, 1,<TL, E,WL, AS, R2, D1, Aspen, Triangle Trees area, Saw an old slab avalanche on Treasure Mountain and several Loose Wet avalanches from the warm-up this week both naturals and human-triggered. , -,Below Treeline,Wet Loose,-182609.30532957014,4698852.691411441
1266,323b192a-2625-4f95-babb-e47db7a018bd,2025-02-04, Estimated,-106.13757,40.3300583, 1,>TL, NE,SS, N, R1, D1.5, Steamboat & Flat Tops, Parkview, -, -,Above Treeline,Soft Slab,-70973.96774506691,4886362.644515074
1268,861a07ec-af2c-42de-b517-a64c3988f33e,2025-02-04, Estimated,-107.4769148,38.012814, -,>TL, E,HS, N, R2, D2, Northern San Juan, near Red Mountain above Lake San Cristobal, Saw one recent slab avalanche on a southeast-facing slope near Read Mountain near 12000 feet. Winds scoured a large fetch and efficiently drifted a steep slope above a gully. We saw many recent Loose Wet avalanches. Most were small. A few gouged through facets in continuously steep north-facing forests producing large debris piles in the valley bottom along Henson Creek., -,Above Treeline,Hard Slab,-220069.14887768606,4554919.035844302
1271,f3f07be8-79aa-4533-885d-8a66ef378bee,2025-02-04, Estimated,-107.2011512,39.0654225, 1,<TL, N,WL, N, R2, D2, Aspen, -, A large Loose Wet avalanche on a north-facing chute around 9000 ft. above the Crystal River in Marble, -,Below Treeline,Wet Loose,-189371.28534636638,4704114.848383908
1274,4a2555b0-e873-440f-8abc-c8cb550ddbcb,2025-02-04, Estimated,-106.8554759,39.1171963, 5,<TL, W,WL, N, R1, D1, Aspen, -, -, -,Below Treeline,Wet Loose,-150890.8869705549,4711510.568516431
1275,a20b84db-8762-4cd4-8d3a-62780ba77d34,2025-02-04, Estimated,-107.1496085,39.0407361, 2,<TL, W,WL, N, -, D1, Aspen, western slopes of Whitehouse Mountain, Observed a couple of old Loose Wet avalanches from earlier this week., -,Below Treeline,Wet Loose,-183633.5782282562,4700590.401300832
1277,8228fa90-e0a0-4eda-8c64-36db9c1f1b78,2025-02-04, Estimated,-106.0717576,40.2098035, 1,<TL, E,HS, N, R2, D1.5, Front Range, -, -, -,Below Treeline,Hard Slab,-63647.76488918457,4868886.5549741555
1280,68a0ae50-2d05-4ee0-9b60-972cc90e195c,2025-02-03, Known,-107.16261,39.0458613, 1,<TL, W,WL, AS, R1, D1.5, Aspen, -, -, -,Below Treeline,Wet Loose,-185080.89858780467,4701322.017677965
1281,2bed8315-1f2f-47a0-bffe-994f7bcbf44c,2025-02-03, Estimated,-106.3051224,39.6834969, 2,<TL, W,WL, N, R1, D1, Vail & Summit County, -, Several wet avalanches, -,Below Treeline,Wet Loose,-89625.81559425875,4792765.661739109
1283,e440626f-aa7a-4f1b-960c-65d98ec84c8c,2025-02-03, Estimated,-107.8545528,37.9846897, 1,>TL, SW,WS, N, R1, D2, Northern San Juan, -, This avalanche occurred on the southwest face of Campbell Peak. The crown looks to have failed on the steep wall that faces due south. It also looks like this avalanche stepped down deeper into the snowpack in the lower third of the track. , -,Above Treeline,Wet Slab,-262107.61874187636,4550962.640964562
1284,e22a2b9c-f8a5-4897-9489-0f373aa4a677,2025-02-03, Estimated,-106.158284,39.428116, 1,TL, W,HS, AS, -, D1.5, Vail & Summit County, Mayflower Gulch, -, -,At Treeline,Hard Slab,-73279.83967735851,4756040.2191234315
1288,9aabf825-3b7e-4fdf-b989-fc90515ae9d7,2025-02-03, Known,-106.3063586,39.6397529, 1,<TL, NE,WL, N, R1, D1, Vail & Summit County, -, -, -,Below Treeline,Wet Loose,-89763.42874877712,4786465.302253677
1289,44e7bffb-7728-4cb1-85ea-c798f93ca146,2025-02-03, Estimated,-106.8290303,39.0206191, 1,>TL, E,U, N, R2, D2, Aspen, South Kellogg avalanche path, A large avalanche ran almost to the valley floor sometime during the warm-up the last few days, Likely a Wet Slab avalanche,Above Treeline,Unreported,-147946.97624483093,4697719.239798148
1290,4ae560a9-c73a-4bcb-8104-a28a26218600,2025-02-03, Known,-106.1402475,39.5158091, 1,<TL, W,WL, N, R1, D2, Vail & Summit County," The slide was in the ice climbing area locally known as """"the Shroud.""""", -, -,Below Treeline,Wet Loose,-71272.02568166613,4768635.706008497
1291,cd747305-d16b-412b-8126-7308dae6c025,2025-02-03, Estimated,-106.7526635,39.2741848, 3,<TL, N,WL, N, R3, D2, Aspen, Woody Creek, Several large Loose Wet avalanches and a couple of older slabs on north-facing slopes near treeline., -,Below Treeline,Wet Loose,-139445.8629553194,4733969.429961361
1295,3f79882c-0deb-4a8c-b602-f578be22c5bc,2025-02-03, Estimated,-106.9465788,38.9589745, 6,TL, SW,WL, N, R1, D1, Gunnison, -, -, -,At Treeline,Wet Loose,-161032.41540834476,4688926.252745245
1296,9676a627-34e3-4570-b124-9f7faa78b3ed,2025-02-03, Estimated,-106.8272523,39.1857794, 1,<TL, NW,U, -, -, D2, Aspen, Out of bounds near Aspen Mountain, -, -,Below Treeline,Unreported,-147749.05019020106,4721315.883371268
1297,f8c30c59-2f5e-404c-9016-a9cbd9c8703a,2025-02-03, Estimated,-108.0623788,39.0524226, 1,<TL, N,L, N, -, D1, Grand Mesa, Above the road near Skyway, -, -,Below Treeline,Loose,-285242.70323547965,4702258.713779804
1298,7deb1c04-e455-4ad7-bd35-a196cb49b487,2025-02-03, Known,-106.8380085,39.0013864, 1,TL, N,HS, AR, R2, D1.5, Aspen, The steep slope below the large rock outcrops just south of the new Castle Peak SNOTEL station, A backcountry tourer was caught in a small hard slab avalanche on a wind-loaded slope just below a rock outcrop near Pearl Pass on February 3 2025. They were carried a short distance down the slope and were uninjured., -,At Treeline,Hard Slab,-148946.4248970725,4694975.058320047
1299,81e9a733-f4ea-4a1b-a9d9-b97db96f701a,2025-02-03, Estimated,-106.829909,39.0901203, 1,<TL, SE,WL, N, R1, D1.5, Aspen, -, -, -,Below Treeline,Wet Loose,-148044.79268139196,4707642.16664897
1300,a5db84e6-14e1-43e5-9ce0-3c86c124c50b,2025-02-03, Estimated,-107.1937811,39.0527876, 1,<TL, E,WL, N, R1, D1, Aspen, Money shot, Several Loose Wet avalanches up to D2 in size on multiple aspects that all ran within the last 24 hours, -,Below Treeline,Wet Loose,-188550.84956727034,4702310.824028941
1304,6d792918-6287-47bc-a647-08fd64c12215,2025-02-02, Estimated,-107.8309204,37.8401368, 3,>TL, SW,WL, N, R1, D1.5, Northern San Juan, Flanks of Ophir Peak. , Decent cycle of natural Loose Wet avalanches on the afternoon of 2/2/2025. Mostly on southwest and west-facing slopes above treeline. Some of these loose avalanches may have stepped down and gouged out slabs in the lower portions of the paths. , -,Above Treeline,Wet Loose,-259476.87200765335,4530651.691747071
1307,5d1bcb38-e7cd-4a57-a548-d5685cc608f8,2025-02-02, Estimated,-107.6472493,37.9155685, 3,<TL, SW,L, N, R1, D1, Northern San Juan, Bonita Mine , Old avalanche activity was observed likely from the Sunday spike warming. The avalanches started in rocky terrain as Loose avalanches but broke with flanks into slabs running on dry weak buried facets. , -,Below Treeline,Loose,-239030.6986822131,4541245.485598567
1309,7aa04686-c7eb-4899-af61-2d3ac10d0af3,2025-02-02, Known,-106.3321806,38.4987828, 1,<TL, E,L, AW, R1, D1, Sawatch, -, -, -,Below Treeline,Loose,-92637.92064004153,4623526.466326817
1312,3dc65410-c6de-4bf9-a139-fcad2aa7d809,2025-02-02, Estimated,-107.5641606,37.9288646, 1,TL, SW,SS, N, R1, D1.5, Northern San Juan, Burns Gulch, A widespread wet cycle occurred in the vicinity of CR2 on Sunday caused by above-average temperatures. Small to large avalanches were observed on many aspects primarily near and below treeline. The Eureka/CR2 corridor often maintains a shallower snowpack sheltered low-elevation terrain and steep rocky geology; all things that often make this area one of the first to see natural instabilities due to warming and loading. This event is no exception and highlights the vast changes our snowpack is making despite limited snowfall in the past month., -,At Treeline,Soft Slab,-229781.3069075378,4543113.9541672245
1317,b5d2ac98-e8ab-4dd4-9c66-16d11a90c605,2025-02-02, Estimated,-107.5657736,37.872442, 1,TL, E,WL, N, -, D2, Northern San Juan, Boulder Gulch, -, -,At Treeline,Wet Loose,-229960.86524618778,4535187.36590311
1325,6175ac74-4d24-4a99-ad5b-c770ed68a0de,2025-02-02, Known,-107.7621474,37.755831, 3,<TL, NE,L, AR, R1, D1, Southern San Juan, Coal Bank Pass , -, -,Below Treeline,Loose,-251821.09666732853,4518824.519493053
1326,a020fc50-4274-4cf1-8b28-8146d984a073,2025-02-02, Estimated,-106.787901,39.0234975, 1,<TL, NE,L, AS, R1, D1, Aspen, -, -, -,Below Treeline,Loose,-143368.4835121483,4698130.003597915
1327,64b113bb-5294-4767-a0d6-20d8c28e4a26,2025-02-02, Estimated,-105.7921096,39.8078014, 1,TL, NE,SS, N, -, D1, Front Range, -, -, -,At Treeline,Soft Slab,-32517.491927826875,4810690.9808819555
1328,6175ac74-4d24-4a99-ad5b-c770ed68a0de,2025-02-02, Known,-107.8241882,37.707567, 1,<TL, NE,L, AR, R1, D1, Southern San Juan, Coal bank , -, One split border got buried to his knees but was anchored to a sapling and was able to self-arrest with no problem! ,Below Treeline,Loose,-258727.44693173497,4512059.730958074
1329,34f1c4a1-345b-4e88-bba5-f0b2d36f6732,2025-02-02, Known,-107.7628698,37.8351344, 1,<TL, NE,SS, AS, R1, D2, Northern San Juan, Paradise Ridge in Ophir Pass Zone. , -, -,Below Treeline,Soft Slab,-251901.5138674772,4529949.530211491
1330,645f2fff-f551-495d-b6fb-f6e5c6128349,2025-02-02, Known,-106.3867484,38.5726167, 2,TL, E,WL, AS, R1, D1, Sawatch, -, -, -,At Treeline,Wet Loose,-98712.38034975044,4633990.783381075
1331,8db7dd05-08a9-437a-bad9-d80d3dd9b302,2025-02-02, Estimated,-106.2619061,39.3954355, 1,TL, E,HS, N, R2, D2, Sawatch, -, Recent avalanches on the north end of Chicago Ridge, -,At Treeline,Hard Slab,-84814.99908428967,4751350.359474466
1335,755fdd29-7a66-4d8e-a316-6de3f69ff159,2025-02-02, Estimated,-106.8440742,39.154239, 1,<TL, SW,WL, N, R1, D1.5, Aspen, Midnight mine road, -, crossed the road,Below Treeline,Wet Loose,-149621.65553237553,4716805.360984598
1338,d2dfb850-9b92-4384-b3aa-d42f218e5d48,2025-02-02, Known,-107.0531208,38.9204926, 1,<TL, NE,L, AR, -, D1, Gunnison, -, One of our party trigged a small D1 facet sluff on a rollover and was carried about 20 feet. He stayed on top of it and was fine. The sluff had some characteristics of a wet loose avalanche as the surface layer was wet., -,Below Treeline,Loose,-172892.61659644134,4683441.103154954
1339,4a1d2a69-c05d-40fb-be9f-a6ad9bdba64f,2025-02-02, Estimated,-107.5634,37.874115, 1,<TL, W,WS, N, R1, D1.5, Northern San Juan, Stairway to Heaven Ice Climb , -, -,Below Treeline,Wet Slab,-229696.63730284016,4535422.310953733
1341,75ef7fa5-f957-483b-9a58-7073e92b5bdc,2025-02-02, Estimated,-106.2631061,39.4972111, 1,TL, N,SS, -, R2, D2, Vail & Summit County," Reported as """"Avalanche Bowl"""" near Vail Pass.", An observer reported that someone was caught and carried but not injured in this avalanche near Vail Pass., -,At Treeline,Soft Slab,-84948.58247324153,4765963.110754029
1342,9a42026a-ca39-4d56-8d09-46175aba56a7,2025-02-01, Known,-105.1544673,37.3374869, 1,TL, SE,HS, AS, R3, D1, Sangre de Cristo, -, Observed two natural D2 avalanches on E 11880ft along the ridgeline South of Teddys Pk. One remotely triggered D1 avalanche on ESE 11700ft Steep Mtn., Remotely triggered on a 22º slope 150 linear and 50 vertical ft. above. Noted rumbling collapse 20ft laterally(climbers left) from the bottom of the path and avoided the heavily wind-drifted small open slope.,At Treeline,Hard Slab,38464.52421642563,4460335.292043038
1343,5c928ac1-bb13-44d1-bf85-a82475235dc9,2025-02-01, Known,-107.0774868,38.9366584, 2,TL, NE,L, AS, R1, D1, Gunnison, -, Triggered a pair of small facet sluffs in very steep terrain that was sheltered from wind effects by surrounding trees. , -,At Treeline,Loose,-175605.0273091114,4685744.985370684
1345,3fb9eeff-1a6c-4f58-b45f-e67b805c8c5b,2025-02-01, Estimated,-107.7174252,37.919413, 2,>TL, E,WL, N, R1, D1, Northern San Juan, -, -, -,Above Treeline,Wet Loose,-246842.6441361721,4541785.708819735
1347,72f90b9c-174b-4f35-8b39-7fe18de7594d,2025-02-01, Estimated,-107.827428,37.8402827, 2,<TL, W,L, AS, R1, D1, Northern San Juan, -, -, -,Below Treeline,Loose,-259088.09981800747,4530672.171711311
1350,4ac5ff07-2f9a-4361-bd2a-a9ecc6a11d9c,2025-01-31, Estimated,-107.6186388,37.7696114, 1,>TL, SW,SS, AS, R1, D1, Northern San Juan, -, -, -,Above Treeline,Soft Slab,-235845.79239087214,4520756.827210266
1351,92f3f76d-071c-424e-9aa5-bb8bf8d5a68e,2025-01-31, Estimated,-106.2900701,39.6432975, 1,>TL, W,L, AS, R1, D1.5, Vail & Summit County, -, -, -,Above Treeline,Loose,-87950.20122299033,4786975.674173383
1352,d8df4129-837c-468a-ac23-09966dd6bc58,2025-01-31, Estimated,-105.0773674,38.8706977, 1,>TL, E,SS, N, R2, D1.5, Front Range, -, -, -,Above Treeline,Soft Slab,47047.2458246372,4676347.865309368
1354,dbe70d0a-2cc8-495b-9fde-742c3105f0da,2025-01-31, Known,-107.9219312,37.8325283, 1,<TL, N,SS, AS, R2, D1, Northern San Juan, North side of Blackface Mountain. , After the first person in our group finished transitioning he began to ascend the south facing side of the gully. After a few steps a very loud whomph occurred and we witnessed nearly the entire visible part of the gully north and south facing collapse and crack sending a visible ripple through the snow. One small slide released on a steep enough section of the north facing side. The crown was probably 1-1.5 feet deep. , -,Below Treeline,Soft Slab,-269608.147920342,4529583.744184134
1356,cd15774b-09af-47d6-87f1-5139f3418cb7,2025-01-30, Known,-107.2853755,39.1718049, 1,<TL, NE,L, AS, R1, D2, Aspen, Coal Creek, Triggered one very small hard slab on a wind-loaded slope just below ridgeline and several Loose Dry avalanches on steep northeast-facing slopes including a D2 Loose Dry avalanche that grew large enough to break a couple of small trees., -,Below Treeline,Loose,-198747.09153478616,4719317.16963221
1359,b0ac0130-6348-4b63-b293-58e126c3e4d3,2025-01-30, Estimated,-107.6332337,37.8885099, -,>TL, W,SS, AM, R1, D1.5, Northern San Juan, -, -, -,Above Treeline,Soft Slab,-237470.4892270512,4537444.05781791
1361,b789cc5d-ad74-4dae-91b2-a7dfda25bd53,2025-01-30, Estimated,-106.1306176,40.3262641, 1,>TL, SE,SS, N, R2, D2, Steamboat & Flat Tops, Parkview Mountain, -, -,Above Treeline,Soft Slab,-70200.0301172758,4885810.771585029
1362,7fbea055-c03b-470a-8114-0d848f9f7d74,2025-01-30, Estimated,-106.056074,40.2233354, 2,<TL, E,SS, N, R1, D1.5, Front Range, -, Several natural avalanches ran along ridgelines in the Troublesome Burn Scar., -,Below Treeline,Soft Slab,-61901.87452337892,4870851.522693493
1363,910f8608-7bb5-462b-b5a0-7fc7fed41278,2025-01-30, Known,-105.8564613,39.6480774, 1,>TL, SW,-, N, R2, D2.5, Vail & Summit County, Peak 12936 near Loveland Pass., -, -,Above Treeline,Unreported,-39681.0904035095,4787663.953457096
1365,946fda6c-b99b-4972-bfac-65496a6df997,2025-01-30, Estimated,-106.0808046,39.6398905, 1,<TL, E,SS, U, R2, D1.5, Vail & Summit County, -, -, -,Below Treeline,Soft Slab,-64654.872322389565,4786485.11420215
1366,2be1a2a2-f904-45fa-9c0b-528bcad2f2f3,2025-01-30, Estimated,-107.6705587,37.9246368, -,>TL, W,SS, N, R2, D2, Northern San Juan, Cement Fill Highway path and semi-popular ski run,  Very small Dry-Loose slides on easterly terrain at different elevations by mid-morning. #1 One fresh looking Wind Slab on a West/Southwest aspect in lower ATL terrain off the shoulder of Red Mountain #1. Looked like it stepped down at times to layers near or at the ground.  #2Cement fill: West-facing concave start zone just out of treeline. Estimate it ran about 2/3 of the path length/ ~800ft. Possible it was triggered by a human but leaning toward natutral. , -,Above Treeline,Soft Slab,-241625.48922090934,4542519.794786232
1369,2406139d-97eb-4993-8f44-23759c0489cc,2025-01-29, Estimated,-107.8952736,37.8240752, 1,>TL, NW,SS, N, R1, D1.5, Northern San Juan, Slab on the flanks of Sheep Mountain. , I observed a number of fresh natural avalanches while driving along Highway 145 mostly Wind Slab and Loose Dry avalanches. , -,Above Treeline,Soft Slab,-266640.63746257144,4528397.37673402
1374,4035157b-83fd-4d37-8df2-4292187481e2,2025-01-29, Known,-106.823541,39.0524852, 2,TL, E,L, AS, R1, D1, Aspen, Monument Peak, Saw a few older avalanches from the wind events last week most likely. Triggered several long-running Loose Dry avalanches on east-northeast-facing slopes near and above treeline., -,At Treeline,Loose,-147335.9101640202,4702267.651025161
1376,9a897b09-633d-4f45-90bb-92111807d719,2025-01-29, Known,-106.807588,39.1376419, 1,<TL, E,L, AS, R1, D1, Aspen, -, -, -,Below Treeline,Loose,-145560.03032739492,4714432.665094691
1377,497127d5-dbf0-452a-abc6-13179d29d69a,2025-01-29, Estimated,-106.2896419,39.6326, 3,<TL, N,L, AS, R1, D1, Vail & Summit County, -, -, -,Below Treeline,Loose,-87902.53421703311,4785435.466800028
1378,07507eb7-0387-47f4-8a06-f8f6e4a7b68c,2025-01-29, Estimated,-105.9620603,40.3701909, 1,>TL, N,SS, N, R1, D1, Front Range, Never Summers, -, -,Above Treeline,Soft Slab,-51436.317311787905,4892201.9160889005
1379,9b11587b-8976-4de1-add8-017280789824,2025-01-29, Estimated,-105.7259888,39.5974025, 1,<TL, NE,HS, U, R1, -, Front Range, -, I noticed two avalanches in the same area on northeast facing terrain below tree line. One was quite small (less than a D1) and either triggered by wind or the squirrel tracks I saw nearby. The other appeared to an old wind slab avalanche. , -,Below Treeline,Hard Slab,-25156.958140982395,4780369.485784956
1380,c24247d8-aa56-44a1-9fd4-42565c912e02,2025-01-29, Known,-106.2312152,39.3387387, 3,<TL, E,L, AS, R1, D1, Sawatch, -, -, -,Below Treeline,Loose,-81398.50372430128,4743219.258314864
1381,e8730221-855a-4ff2-9f0a-6be9de346505,2025-01-29, Estimated,-106.08649,39.3556621, 1,>TL, NE,HS, U, R4, D2, Sawatch, -, Slope just right of approach trail up to Lincoln Falls slid wall to wall top to bottom leaving a sizable (~1m+) crown and debris pile. , -,Above Treeline,Hard Slab,-65287.76815534733,4745645.610149524
1382,b3997076-ba78-422b-814a-c58b17df022f,2025-01-28, Estimated,-107.9200121,37.7160058, 1,>TL, NE,HS, N, R1, D1, Northern San Juan, Lower moraine convexity below Hermosa Peak. , We found a fresh natural avalanche on the lower flank of Hermosa Peak's north face. , -,Above Treeline,Hard Slab,-269394.51468556025,4513242.211088587
1383,de1fd63e-9e9b-4f3b-92ee-3cdfe84cabce,2025-01-28, Known,-106.7161503,40.5516421, 1,<TL, N,SS, AS, R2, D1, Steamboat & Flat Tops, -, -, -,Below Treeline,Soft Slab,-135381.23212408685,4918646.824622297
1384,d7cc2dca-38cb-481f-bda8-43ef816320bb,2025-01-28, Estimated,-105.9291585,39.7349582, 1,>TL, E,SS, N, R2, D2, Front Range, -, -, -,Above Treeline,Soft Slab,-47773.70568960561,4800182.680637709
1385,d7b57ffd-3b70-4371-9230-0c0156f1f68c,2025-01-28, Known,-107.0712758,38.9524721, 5,<TL, NE,L, AS, -, D1, Gunnison, -, On steep slopes near 40 degrees loose dry avalanches were often easy to trigger and were entraining most of the snowpack. We were traveling on benched terrain so sluffs couldn't run far and stayed small in size. Some slopes also had old wind effects that eliminated the potential for sluffs., -,Below Treeline,Loose,-174913.62195179248,4687999.200112894
1386,1a516206-42f9-4742-85be-1b4f60fa29e3,2025-01-28, Known,-107.0548234,38.9200833, 4,<TL, NE,L, AS, -, D1, Gunnison, -, Underestimated the dry loose problem and the depth that the avalanches would gouge into the snowpack. Ended up having one member of our party caught and swept off their feet because of the dry loose problem., -,Below Treeline,Loose,-173082.1491614673,4683382.778299985
1387,5c60924a-31bd-4c43-9bc1-30f77f21f3bc,2025-01-28, Estimated,-107.5669178,37.9303243, 4,-, NE,L, AS, R1, D1, Northern San Juan, -, The whole gauntlet inbetween Niagra and Eureka Mountain has slid (likely multiple times) this season. These avalanches will be recorded in a separate observation. On shallow slopes Dry Loose avanches were easy to trigger but small and slow moving., -,Unreported,Loose,-230088.23700755375,4543319.103009047
1388,fb16b543-7743-4a6c-b46b-bffd902b3a29,2025-01-28, Estimated,-106.1139048,39.5003364, 1,>TL, SW,SS, N, R1, D1, Vail & Summit County, -, -, -,Above Treeline,Soft Slab,-68339.56973154646,4766412.17649754
1389,9f7c79f9-5119-42d2-9ba5-336520ac7ea1,2025-01-28, Known,-107.7642617,37.9295225, 1,>TL, SW,HS, N, R1, D2, Northern San Juan, -, Reporting parties could not clearly see the start zone of this avalanche so details on avalanche problem type size etc. are unknown or estimated at this time. , -,Above Treeline,Hard Slab,-252056.45946671205,4543206.416098397
1390,fbf8807c-e209-4de5-8a48-cae174ede319,2025-01-27, Estimated,-105.8632226,39.6541778, 1,>TL, SW,SS, N, R1, D1.5, Vail & Summit County," """"The Swell"""" on Loveland Pass near Arapahoe Basin Ski Area.", -, -,Above Treeline,Soft Slab,-40433.754876608335,4788542.44714137
1391,e6d714ce-36f3-4fa8-93d2-4f2a913b2881,2025-01-27, Estimated,-105.8551494,39.6096359, 1,TL, SE,SS, N, R1, D1.5, Vail & Summit County, -, -, -,At Treeline,Soft Slab,-39535.05036353649,4782129.946366256
1392,61227cd4-47d7-44a8-ac8f-e812d2bc9deb,2025-01-27, Estimated,-105.901416,39.7776969, 1,>TL, SE,SS, N, R1, D1.5, Front Range, Back side of Jones Pass / William's Fork Area, -, -,Above Treeline,Soft Slab,-44685.424716272886,4806346.771444707
1393,1a8f3109-2250-464a-b79e-3f9aad093a4e,2025-01-27, Estimated,-107.8444949,37.882559, 1,>TL, N,HS, AS, R1, D1, Northern San Juan, -, -, -,Above Treeline,Hard Slab,-260987.97843542648,4536608.2125606
1396,76c06755-f84b-4567-8b89-84d0e5390122,2025-01-27, Estimated,-105.946939,39.7552029, 1,>TL, SE,SS, N, R1, D1.5, Front Range, -, -, -,Above Treeline,Soft Slab,-49753.02189565554,4803102.040145708
1398,d37bf6f2-aa1d-4099-8553-f502594015bf,2025-01-27, Known,-106.2315981,39.3538757, 1,>TL, SE,SS, AS, R1, D2, Sawatch, -, -, -,Above Treeline,Soft Slab,-81441.12795732632,4745389.461375624
1399,ea9f080a-691b-4b3b-b4f8-1578d33fd1d3,2025-01-26, Known,-106.7271398,40.53047, 1,<TL, SE,-, U, R1, D1, Steamboat & Flat Tops, -, -, -,Below Treeline,Unreported,-136604.5776681602,4915557.464230089
1400,873a85dd-3e61-4469-87df-caef621e030b,2025-01-26, Estimated,-105.656455,40.3055166, 1,<TL, NE,L, N, R1, D1, Front Range, -, -, -,Below Treeline,Loose,-17416.490932060835,4882793.564671674
1401,9d31f8d3-13e1-4dbd-8a61-a5723e019880,2025-01-26, Estimated,-105.8746148,39.6643366, 1,>TL, S,SS, AS, R1, D1, Vail & Summit County, -, -, -,Above Treeline,Soft Slab,-41701.928779623806,4790005.547869505
1402,958243f4-c588-45a8-b603-c4929c365b7a,2025-01-26, Known,-106.9105435,39.020774, 1,TL, N,SS, AS, R1, D1.5, Aspen, Ashcroft area, -, -,At Treeline,Soft Slab,-157020.9841617619,4697741.344466414
1403,1e3ff451-dd1f-4e4c-923e-21b474e68fd6,2025-01-26, Known,-106.2966517,39.6801243, 1,TL, SE,SS, U, R1, D1, Vail & Summit County, -, -, -,At Treeline,Soft Slab,-88682.86158359582,4792279.769953706
1404,958243f4-c588-45a8-b603-c4929c365b7a,2025-01-26, Known,-106.7955289,38.9473143, 1,>TL, SE,SS, AS, R1, D1.5, Aspen, Ashcroft area, -, -,Above Treeline,Soft Slab,-144217.61745596878,4687263.909211765
1405,fb8f4b52-8535-4411-bc15-2605ebf6bdcd,2025-01-26, Known,-105.6733241,39.9119412, 1,TL, SE,SS, AS, R1, D1, Front Range, -, -, -,At Treeline,Soft Slab,-19294.350554202545,4825733.613893832
1406,3e619a48-9cfb-4802-9d36-f70e7304d59e,2025-01-26, Estimated,-106.4092156,38.8278452, 1,>TL, E,SS, N, R1, D1, Sawatch, -, A few old small and shallow wind slabs on Northeast aspect above treeline with one more recent one that looked to be triggered by loose snow from above. Also there is obvious debris from a few old and large persistent slab avalanches from early January., -,Above Treeline,Soft Slab,-101213.41761330009,4670247.575540732
1409,b1adc013-1713-48ca-95a9-fd64e3b4666d,2025-01-26, Estimated,-105.8906057,39.6564941, 1,>TL, E,WS, N, R1, D1, Vail & Summit County, -, -, -,Above Treeline,Wet Slab,-43482.0276249501,4788876.0285108015
1410,003dd006-3d09-4090-8045-8d89f40c7bdf,2025-01-26, Estimated,-105.8917435,40.5108886, 1,<TL, W,SS, AS, R1, D1, Front Range, -, West aspect 10500ft location: 40.51108092977201 -105.89072378937213  This slide occurred well below treeline. , -,Below Treeline,Soft Slab,-43608.68694157471,4912701.088777037
1411,c7cb2320-5f39-450f-9cdd-a0f43c5eab03,2025-01-26, Estimated,-105.8520497,39.6303703, 1,>TL, SE,HS, N, R2, D2, Vail & Summit County, Lenawee mountain, -, -,Above Treeline,Hard Slab,-39189.993337924614,4785114.468722425
1412,11790a83-afa7-45fd-addb-0f0d06af5e1c,2025-01-26, Estimated,-105.8733564,40.5241411, 1,TL, NE,-, U, -, -, Front Range, -, -, -,At Treeline,Unreported,-41561.84433241053,4914634.163776963
1415,f33d5c7d-0086-4eec-8554-428d1c6797bc,2025-01-25, Known,-105.7790511,39.8140558, 1,<TL, SE,HS, AR, R2, D1.5, Front Range, -," Observers noted the avalanche was on a """"Cross loaded SE aspect. 11100 ft elevation. 40-45 degree slope angle. Snowboarder triggered avalanche. Small tree impact prevented any burial possibility hard slab broke about 30ft above rider. Signs of wind loading but avalanche broke to the ground indicating persistent weak layer. Crown appeared to show multiple layers."""" ", -,Below Treeline,Hard Slab,-31063.826357303595,4811593.758334986
1417,c81fb8fe-36ae-4c02-8440-0f57aa5c06ec,2025-01-25, Estimated,-105.9075916,39.6606089, 1,>TL, E,-, N, R1, D1, Vail & Summit County, -, -, -,Above Treeline,Unreported,-45372.889363616036,4789468.648200089
1419,ece3ed79-96ca-491e-8c16-72b9ebda23fc,2025-01-25, Estimated,-106.8807402,39.1202127, 1,>TL, E,SS, N, R1, D2, Aspen, Thumb - 5 Fingers, -, -,Above Treeline,Soft Slab,-153703.29598180257,4711941.620325873
1420,e9a8677b-8ed2-4a88-8bce-071c8b405b54,2025-01-25, Estimated,-106.8404797,39.0885705, 1,-, SE,SS, U, R2, D1.5, Aspen, -, -, -,Unreported,Soft Slab,-149221.5176227203,4707420.788956207
1421,ef1195fb-a4fe-4663-864d-287d0fd1e0e9,2025-01-25, Estimated,-106.5689206,39.1314065, 1,TL, E,-, N, R1, D1, Aspen, Steep slope just below Linkin Lake, We saw a number of old D1 slab avalanches on mostly northeast and east aspects and one D2 slab avalanche on an east aspect. Due to the wind the avalanches were hard to pick out with certainty but may be from mid-January., -,At Treeline,Unreported,-118991.6968904406,4713541.407611798
1422,4b9f84d0-8b10-475d-ba9c-d337a5e421aa,2025-01-25, Known,-106.7859877,39.0138415, 1,>TL, NE,HS, AS, R2, D1, Aspen, Italian Basin, Small skier triggered Wind Slab avalanche, -,Above Treeline,Hard Slab,-143155.49593041345,4696752.104897968
1424,4b84bcc4-2033-4f60-bdd1-12a3b8c59464,2025-01-25, Estimated,-105.6664828,40.3228919, 1,TL, NE,SS, U, R3, D1, Front Range, -, -, -,At Treeline,Soft Slab,-18532.780521837612,4885320.30552325
1427,a7827e4f-edbe-4020-80b6-dfe2310081f1,2025-01-25, Known,-107.2537335,39.0058218, 2,TL, NW,L, AS, R1, D1.5, Aspen, -, -, -,At Treeline,Loose,-195224.72020710516,4695607.848259251
1428,9a1f027c-971e-4c8a-b1d1-950d3f7fa108,2025-01-25, Known,-106.144862,39.4359437, 2,>TL, NE,SS, N, R1, D1.5, Vail & Summit County, -," Two recent avalanches in steep and rocky terrain. This observation also includes an avalanche spotted on """"Half Dome"""" from Copper on January 24.", -,Above Treeline,Soft Slab,-71785.70947193191,4757163.872931949
1429,edabb581-8659-40f3-a86d-e5363cddb0f6,2025-01-25, Known,-106.6961836,40.3540623, 1,<TL, SE,SS, AM, R2, D2, Steamboat & Flat Tops, -, Snowmobiler remotely triggered a Persistent Slab avalanche on Walton Peak from the top of the ridge., -,Below Treeline,Soft Slab,-133158.54924726457,4889854.792610826
1430,fa451f4c-45dc-452e-ab82-4b6f8cbec721,2025-01-25, Estimated,-105.9030957,40.5142828, 1,>TL, NE,-, -, R1, D1, Front Range, -, -, -,Above Treeline,Unreported,-44872.40806495784,4913196.146845504
1431,e512e5f4-acdc-40c4-a565-1549036a2604,2025-01-25, Estimated,-106.8168283,39.1386912, 1,TL, E,SS, AS, R1, D1, Aspen, Loushins, -, -,At Treeline,Soft Slab,-146588.65581817235,4714582.654709667
1433,70fae02d-f964-490e-82bc-bda92bb6601c,2025-01-23, Estimated,-106.7169612,40.5512183, 1,U, NE,U, N, R2, D1, Steamboat & Flat Tops, -, -, -,Below Treeline,Unreported,-135471.50109917144,4918584.975523528
1434,a137ed75-f745-4b64-829d-e226a51eb355,2025-01-23, Estimated,-107.1645199,39.0062041, 3,<TL, E,L, AS, R1, D1, Aspen, -, Triggered several Loose Dry avalanches on steep east and northeast-facing terrain , -,Below Treeline,Loose,-185293.50768327044,4695662.39213309
1436,410b280f-c065-4b78-a6f3-3a46eae6ec80,2025-01-22, Known,-107.0397284,38.8938288, 5,<TL, NE,L, AS, R1, D1, Gunnison, -, Triggered a small wind slab by dropping a cornice chunk on the slope. East aspect at 11400ft. The slab was about 40ft wide and 8 to 10 inches thick. We also triggered several small loose dry avalanches up to 10500ft. Those sluffs were only reactive on old bed surfaces from the Thanksgiving or holiday cycles. , -,Below Treeline,Loose,-171401.78144794222,4679642.245731292
1437,3ec9f11e-5749-4734-ae22-8ffc0f80a83f,2025-01-22, Estimated,-106.9209645,38.9472059, 1,<TL, NE,-, N, R1, D1, Gunnison, -, We did get a handful of collapses in low-angle terrain radiating up to 40 feet. Most occurred above 10000 feet in sheltered areas. The small amount of stiffness in the Holiday slab was collapsing on the December drought layer. I'm not convinced many features have this structure in steep terrain but the possibility of a slab in sheltered terrain lingers., -,Below Treeline,Unreported,-158181.04457531832,4687248.456392953
1438,7f168076-d636-43fb-bf26-52f4b91d0e36,2025-01-22, Estimated,-106.8816273,39.1175462, 1,>TL, E,SS, N, R1, D1.5, Aspen, Thumb of the 5-Fingers, A 2-3 day old D1.5 in the thumb of five fingers. It went from the ridge proper to the upper apron. Broke cleanly at the ridge but didn't entrain much or pop anything else out on the way down, -,Above Treeline,Soft Slab,-153802.047502086,4711560.569229533
1439,c963c0c7-9510-4ada-b82c-0aba66de37f9,2025-01-22, Estimated,-105.78113,39.82642, 1,<TL, NE,SS, AS, R1, D1, Front Range, -, -, -,Below Treeline,Soft Slab,-31295.248446712758,4813378.684942201
1441,1aaef320-54b3-4104-aa0e-dcb1a4f4e607,2025-01-21, Estimated,-105.6652706,40.3047272, 1,>TL, SE,SS, N, R1, D1, Front Range, Elevator shaft, -, -,Above Treeline,Soft Slab,-18397.839035098932,4882678.784558386
1442,58d90e63-b0d0-458d-9995-934bf5bd799c,2025-01-21, Estimated,-107.6751542,37.9620192, 2,TL, NW,SS, U, R1, D1, Northern San Juan, Albany Gulch , -, No idea when triggered. ,At Treeline,Soft Slab,-242137.05794085018,4547774.574096135
1443,7bc2b1b7-a66d-44d3-b035-71922898cfa1,2025-01-21, Known,-105.6952821,39.9224871, 1,>TL, E,HS, AM, R2, D2, Front Range, -, -, -,Above Treeline,Hard Slab,-21738.70393304045,4827258.21691556
1445,a6bd7260-6efd-4d7d-8a55-ec4dbf8c7ee2,2025-01-21, Known,-105.6533715,40.3110041, 1,<TL, E,HS, AI, R2, D1, Front Range, -, -, -,Below Treeline,Hard Slab,-17073.237282200716,4883591.493943901
1446,d08768d2-fefe-4bcd-9995-e6789e69153c,2025-01-20, Estimated,-105.8509621,39.7188392, 1,>TL, SE,HS, U, R2, D2, Front Range, -, Saw a crown on a SE aspect near 12200 ft in a cross getting to the trailhead. And another avalanche that had released from near ridgeline on and E aspect. This one looked to have ran on an old bed surface. One avalanche coded here https://avalanche.state.co.us/report/f4b8a48c-676b-4cf9-ba33-ab5914f517b6 , -,Above Treeline,Hard Slab,-39068.92225973811,4797858.880062436
1447,4741ce34-6809-48b8-9d97-6a2d1a938b6e,2025-01-20, Estimated,-105.9111524,39.8432029, 1,>TL, N,-, -, R1, D1, Front Range, Mt. Nystrom, -, -,Above Treeline,Unreported,-45769.27580643284,4815802.024136083
1448,eaf1805d-7e37-408a-a346-a98557269080,2025-01-20, Estimated,-105.8449757,39.5872062, 1,>TL, NE,HS, N, R2, D2, Vail & Summit County, Deer Creek, -, -,Above Treeline,Hard Slab,-38402.51926005362,4778902.4157251455
1449,1a484163-2ecc-477a-a4d5-f2a99da7b5d7,2025-01-20, Estimated,-106.147672,39.6447692, 1,TL, E,HS, N, R2, D2, Vail & Summit County, -, -, -,At Treeline,Hard Slab,-72098.51724106149,4787187.585761083
1450,9aaf74e4-b1a9-4654-a9c3-07c1b44502a3,2025-01-20, Estimated,-107.6803383,37.9316617, 1,>TL, E,HS, N, R2, D2, Northern San Juan, -, HS-N-R2-D2-O, -,Above Treeline,Hard Slab,-242714.14931307157,4543507.0671961475
1451,3306fb1a-89c7-419b-b70d-6b6099ed6adc,2025-01-20, Estimated,-107.8413755,37.8471098, 1,TL, E,SS, AS, R1, D1, Northern San Juan, -, -, -,At Treeline,Soft Slab,-260640.7284158464,4531630.5365439225
1454,04ab766d-7592-403a-852d-b46878d39efe,2025-01-20, Estimated,-107.6495757,37.9002206, 1,<TL, E,SS, AS, R1, D1, Northern San Juan, -, -, -,Below Treeline,Soft Slab,-239289.67234559488,4539089.1059602015
1458,82c9de1d-b8ec-4a75-960c-ffec2619b060,2025-01-19, Estimated,-107.8412178,37.8454585, 1,>TL, NE,SS, N, R1, D1, Northern San Juan, -, I observed a minimal amount of natural avalanche activity in this area: one recent Wind Slab avalanche several long running Loose Dry avalanches and one old Persistent Slab avalanche with an unknown trigger. , -,Above Treeline,Soft Slab,-260623.17333214742,4531398.7245231345
1459,fa1f3a01-2c57-4fc1-93fc-b1742740d0b9,2025-01-19, Estimated,-105.6559245,40.3934705, 1,TL, E,-, N, R1, D1, Front Range, -, -, -,At Treeline,Unreported,-17357.435942195178,4895590.691275159
1460,5ca0033f-4c8c-4adf-96fc-2ebb870e0631,2025-01-19, Estimated,-105.8296068,39.7190015, 1,>TL, SW,-, N, R2, D2, Front Range, Mt. Parnassus, -, -,Above Treeline,Unreported,-36691.66113799977,4797882.275362991
1462,58059726-8133-4f8d-8287-d4906a78f5c1,2025-01-18, Estimated,-105.9820607,39.9412322, 1,TL, NE,U, N, R2, D2, Front Range, Ptarmigan Peak Byers Peak Wilderness, -, -,At Treeline,Unreported,-53662.75165545002,4829968.74883568
1464,08f933d0-4902-4715-9fe2-ee1936d6ec6e,2025-01-18, Estimated,-107.0490432,38.848393, 4,TL, NE,L, AS, R1, D1.5, Gunnison, Mt. Axtell: 2nd Bowl," Intentionally triggered a handful of dry loose avalanches some were shallow and harmless involving the top 8"""" of recent snow. On slopes that avalanched during the holiday cycle they would gouge into old snow up to 20"""" deep and would have been more dangerous to get involved in especially in this long steep terrain full of trees rocks etc."," On slopes that avalanched during the holiday cycle facet sluffs would gouge into old snow up to 20"""" deep and would have been more dangerous to get involved in especially in this long steep terrain full of trees rocks etc.",At Treeline,Loose,-172438.70024078255,4673172.205914398
1465,2c17b668-e0fc-4c8e-b865-c5b2adc3a105,2025-01-18, Estimated,-107.0450751,38.8975721, 2,<TL, NE,L, N, -, D1, Gunnison, Near Gunsight Pass Rd, Tour around the Wolverine basin primarily on northerly aspects. Plenty of steep slopes along the road to skin up to Wolverine basin. Widespread cracking with sometimes sporadic collapsing. When walking on small rollovers/convex slopes there was easy propagating big cracks and collapsing. Some slopes would sluff the top storm slab of 6-10 inches. Occasionally gouging deeper into faceted snow beneath. Some slopes showed recent small slides. Skied open low-angle meadows to avoid steep slopes back out., -,Below Treeline,Loose,-171996.97336936707,4680175.476142297
1466,0ec2178d-228f-4ed4-934c-a0b45a78ae64,2025-01-18, Estimated,-107.0967651,38.8316252, 1,<TL, E,SS, AS, R3, D2, Gunnison, -, Small R1 / D1 avalanche near the east bowl of the anthracites. Broke to the ground., Small R1 / D1 avalanche near the east bowl of the anthracites. Broke to the ground. CBAC comments: Edited size to D1.5. It appears a ski track crossed the slab on the steep slope so the avalanche may not have been a remote trigger.,Below Treeline,Soft Slab,-177751.07784846995,4670785.53045289
1467,82127e22-3354-4a15-b67b-42c1bae0f83a,2025-01-18, Estimated,-105.8598961,39.7181692, 2,>TL, S,-, N, R2, D2, Front Range, -, -, -,Above Treeline,Unreported,-40063.45059048471,4797762.301158932
1468,56645e9a-aedc-4c87-8bd1-74ee99fb60cf,2025-01-18, Estimated,-108.0689317,37.3931832, 1,>TL, S,U, N, R1, D1, Southern San Juan, Burwell Peak, I saw a handful of avalanches that released naturally in surface wind slabs. Crown lines were old and dates are best guess estimations., -,Above Treeline,Unreported,-285972.1687266972,4468103.21031432
1470,4dd846af-d640-49ff-8084-69b986141b71,2025-01-18, Estimated,-106.4071515,39.8135727, 1,TL, E,SS, U, R2, D2, Vail & Summit County, North of Elliott's Ridge, -, -,At Treeline,Soft Slab,-100983.64305235466,4811524.02338977
1472,68477941-7dec-43cb-9bfe-6ea503e4c84a,2025-01-17, Estimated,-107.6493534,37.9108348, 1,TL, E,SS, AS, R1, D1, Northern San Juan, East-facing road cut near Corkscrew Pass. Estimated slopes angle just over 35 degrees., -, -,At Treeline,Soft Slab,-239264.92602279087,4540580.352470155
1473,3fe03f6b-a97f-4866-a9d6-01647e1eb431,2025-01-16, Estimated,-106.4184375,39.8348753, 1,TL, W,-, N, R2, D2, Vail & Summit County, -, -, -,At Treeline,Unreported,-102239.99482544704,4814599.499454852
1474,f7f8e7ba-fd65-4183-b41c-63b34bb334dd,2025-01-16, Estimated,-107.131199,38.8966561, 4,<TL, SE,WL, N, -, D1, Gunnison, Ruby Dyke area, There were a few wet loosies that ran yesterday and numerous small wet loose avalanches ran today on southerly aspects typically from very steep rocky terrain. One triggered a shallow soft slab slab on Richmond., -,Below Treeline,Wet Loose,-181584.2420624966,4680044.989978142
1475,730b1c94-116d-444b-b5c3-2ea5fb9d4064,2025-01-16, Estimated,-107.2127401,39.0313942, 4,>TL, SW,WL, N, R1, D1, Aspen, Daly Peak in Marble, A large avalanche likely from and some small slab activity from earlier this week. Several more Loose Wet avalanches on southeast through west-facing slopes observed from Wednesday and Thursday's sunshine., -,Above Treeline,Wet Loose,-190661.35579322051,4699256.993495565
1476,0fb823a9-10f2-4a51-91f1-ff624d8d358d,2025-01-16, Estimated,-106.0994598,39.3924366, 1,>TL, S,-, N, -, -, Vail & Summit County, -, -, -,Above Treeline,Unreported,-66731.55968703843,4750920.109206819
1478,6fc5732d-58b9-4999-83b6-6d2f51b9ba08,2025-01-16, Estimated,-107.7068445,37.9150081, 1,<TL, E,SS, AS, R1, D1, Northern San Juan, -, -, -,Below Treeline,Soft Slab,-245664.8059999371,4541166.741430891
1479,2fdc87a9-592b-4e34-bf4e-3f8eba6771d7,2025-01-16, Estimated,-106.1512951,39.4238757, 2,TL, SW,SS, U, R1, D1, Vail & Summit County, Mayflower Hill,  , -,At Treeline,Soft Slab,-72501.83888815438,4755431.58397383
1481,8229448a-a8e8-48c7-961c-1e39c82bc6c9,2025-01-16, Estimated,-106.1407677,39.3896749, 1,>TL, SW,SS, N, R1, D1.5, Vail & Summit County, -, -, -,Above Treeline,Soft Slab,-71329.93408077718,4750523.906359144
1482,e6773319-afcd-4ed5-a32b-dc0a54d02ba5,2025-01-16, Estimated,-105.8811935,40.4850562, 5,>TL, S,L, N, R1, D1, Front Range, Nokhu Crags, -, -,Above Treeline,Loose,-42434.26631370442,4908934.153799738
1483,e5cceb09-cccf-4197-8225-fbec5f544d58,2025-01-16, Estimated,-106.2197133,39.3255007, 2,>TL, S,-, N, R1, D1, Sawatch, Treasurevault Mountain, I saw some avalanches while driving over Fremont Pass to Frisco., -,Above Treeline,Unreported,-80118.11807314622,4741321.704567104
1487,1e8ad255-8a8b-4997-888b-55a21534afa8,2025-01-16, Estimated,-107.05476,38.8833795, 5,TL, E,L, N, R1, D1, Gunnison, Redwell Basin, Nothing today. Small wet loose activity from the past two days on south side of Schuylkill Ridge and some recent dry loose activity (facet sluffs) on easterly aspects that was probably triggered by solar warming yesterday as well. There was a small hard slab avalanche in Red Lady Bowl on one of the mid-track rollers that was likely triggered by a skier or rider sometime this week., Facet sluffs on repeat offender paths involving most of the snowpack (which isn't much).,At Treeline,Loose,-173075.09150574973,4678153.900323039
1488,8d747288-2df3-4c30-9fdc-df4a4202e46b,2025-01-16, Estimated,-106.1518234,39.3417733, 1,>TL, SW,-, N, R2, D2.5, Sawatch, Mt. Democrat, -, -,Above Treeline,Unreported,-72560.64897513989,4743654.293225539
1491,590cd67c-7ebc-49bd-bfca-c3d1171112e4,2025-01-16, Estimated,-106.1504227,39.3704424, 1,>TL, NE,HS, N, R2, D2.5, Vail & Summit County, -, -, -,Above Treeline,Hard Slab,-72404.72376438585,4747765.184887722
1493,4020148a-3203-4954-84fd-5662f13e8bb1,2025-01-15, Known,-107.2442588,38.9316331, 2,TL, SW,WL, N, R1, D1.5, Gunnison, Whitehouse Mountain and south of Ragged Mountain, A fairly widespread shed cycle occurred with dozens of D1 to D1.5 Loose Wet avalanches running mostly on south and southwest-facing slopes just below cliff bands at all elevation bands in the Ragged Mountains throughout the day starting around 11:00 A.M., -,At Treeline,Wet Loose,-194170.0014276857,4685028.74392995
1494,e1e79523-4efd-49b8-b565-9a9c626e23f7,2025-01-15, Estimated,-107.1132402,39.0854372, -,>TL, SW,-, -, -, D1, Aspen, Meadow Basin, Wide spread loose dry avalanches in the alpine today on most southerly slopes connected to rocks or cliff bands., Loose dry avalanche which stepped down into a small slab avalanche. ,Above Treeline,Unreported,-179585.07759123988,4706973.234748399
1495,734ef33d-7ee8-4fbc-83ce-927cdbc6099c,2025-01-15, Estimated,-106.2006456,39.5527198, 1,TL, W,HS, AS, R1, D2, Vail & Summit County, -, Avalanche #1 remotely triggered by skier  HS-R1-D2  11000' W/NW  Avalanche #2 sympathetically triggered by Avalanche #1  HS-R2-D2.5 12000' W/SW, -,At Treeline,Hard Slab,-77995.51141854767,4773942.035038079
1496,cfb4944e-0517-4063-ad84-9716e0272454,2025-01-15, Estimated,-105.9049213,40.5051274, 1,<TL, S,WL, N, R1, D1, Front Range, -, Backside of South Diamond north side of Highway 14 just west of Cameron Pass southern aspect approx 9900 feet.  These were smaller slides and roller-balls showing trending characteristics of south aspects in the area., -,Below Treeline,Wet Loose,-45075.63292735031,4911860.851799687
1497,52061c3a-1a07-4407-ba4d-12ce0fbad912,2025-01-15, Estimated,-107.1929229,39.0313547, 10,>TL, S,WL, N, R1, D1, Aspen, -, -, -,Above Treeline,Wet Loose,-188455.3151802725,4699251.355875379
1499,338a134f-3604-402d-941b-fd96705725c3,2025-01-15, Estimated,-107.8207223,37.897817, 1,>TL, E,SS, AS, R2, D1.5, Northern San Juan, -, -, -,Above Treeline,Soft Slab,-258341.62470859403,4538751.441279767
1504,1fa2048c-ef24-428d-b628-6589a60f9929,2025-01-15, Estimated,-105.9173645,39.5330617, 1,>TL, SE,-, -, -, U, Vail & Summit County, -, -, Coded as size unknown due to lack of visual confirmation.,Above Treeline,Unreported,-46460.80361519042,4771115.6076899115
1505,eec319f3-427e-42f4-8049-e8f7db3f0305,2025-01-15, Estimated,-106.3222209,38.5126786, 1,<TL, W,SS, AS, R2, D1.5, Sawatch, -, -, -,Below Treeline,Soft Slab,-91529.21190758773,4625495.060779303
1506,3a8c958c-abab-4039-b797-8bdc8c3fd995,2025-01-14, Estimated,-105.8621784,39.6551249, 1,>TL, W,-, U, R2, D2, Vail & Summit County, -, -, -,Above Treeline,Unreported,-40317.51506432323,4788678.842151099
1507,336f39b1-d237-4be3-9c0b-8049ce987afd,2025-01-14, Known,-107.6476194,37.9138024, 1,>TL, S,SS, AS, R1, D1, Northern San Juan, -, -, -,Above Treeline,Soft Slab,-239071.89802575542,4540997.32548918
1508,c7734492-e578-4e4d-9493-5d879afaee1f,2025-01-14, Known,-107.6428263,37.9160864, 1,>TL, S,SS, AS, R1, D1, Northern San Juan, -, -, -,Above Treeline,Soft Slab,-238538.33257443353,4541318.258449833
1509,69b1b289-72b6-4101-987e-70ea20d70d5f,2025-01-14, Estimated,-106.9486758,39.1540765, 1,>TL, NW,SS, N, R2, D2, Aspen, West Willow Creek, -, -,Above Treeline,Soft Slab,-161265.8523805393,4716782.127500191
1510,3771f74e-cdbc-4553-b24f-6c5c03829cb4,2025-01-14, Estimated,-106.1327922,39.4048547, 2,>TL, NW,SS, N, R2, D2, Vail & Summit County, -, -, -,Above Treeline,Soft Slab,-70442.10548195436,4752701.8473344445
1511,66542b35-c30d-4b92-be6a-c50cc3ec6714,2025-01-14, Estimated,-106.2691275,39.3489261, 1,>TL, S,HS, N, R2, D1.5, Sawatch, -, -, -,Above Treeline,Hard Slab,-85618.88165510361,4744679.781366523
1512,17aa7e35-7312-4739-924d-56b1272384de,2025-01-13, Known,-106.7157274,40.5440006, 3,<TL, S,-, N, R1, D1, Steamboat & Flat Tops, -, -, -,Below Treeline,Unreported,-135334.15511143088,4917531.689598794
1513,bea3b415-77e6-4606-b1c4-d165c1aa85c7,2025-01-13, Estimated,-106.0184679,39.4136536, -,TL, NE,SS, N, R2, D1, Vail & Summit County, Indiana creek drainage., I saw a significant avalanche on a relatively small slope at 11100' facing East and in the trees.  This may have been a natural or I may have remotely triggered it from a long way away.  I checked out the crown.  The weak layer was about 10cm thick of 1mm fist hard facets. ECTP21 PST 25/100 end.  Higher up I noticed another small avalanche on a NE-facing slope closer to the ridge.  In the distance I could what looked like debris from an avalanche on Baldy (SW ~12300).  It was hard to get a sense of the size or character of that one., -,At Treeline,Soft Slab,-57715.58262065857,4753964.499392407
1514,0a44282b-7fbe-4571-a1cb-ace210aaa8bd,2025-01-13, Known,-106.1354631,39.42861, 1,TL, NE,HS, AS, R1, D1, Vail & Summit County, -, -, -,At Treeline,Hard Slab,-70739.42870991454,4756111.128271144
1515,88de4daf-4baa-4f6e-9cfe-a4ccb5f64f30,2025-01-13, Known,-105.9346976,40.4786497, 1,TL, -,-, AS, R2, D2, Front Range, -, -, -,At Treeline,Unreported,-48390.31548105909,4908000.170606097
1516,8c6032a7-748f-4ffc-a459-5a4f8aea3a17,2025-01-13, Estimated,-107.715953,37.8726047, 1,<TL, NW,SS, AS, R1, D1, Northern San Juan, Entrance to Cemetary , -, -,Below Treeline,Soft Slab,-246678.75958182744,4535210.214178446
1518,8d4a651c-3ecc-45bd-8e2d-eed197ccdfc8,2025-01-13, Estimated,-106.190166,39.2962153, 1,>TL, S,-, N, R2, D2, Sawatch, -, -, -,Above Treeline,Unreported,-76828.92768283075,4737125.179629788
1520,8660c55a-3488-444f-b7cd-3ee9d46930f1,2025-01-13, Known,-107.1312215,39.1027987, 1,>TL, S,SS, AS, R2, D2, Aspen, -, -, -,Above Treeline,Soft Slab,-181586.74675103943,4709453.368351883
1523,f173a1e9-5b22-4f84-b662-6b9dc512f8b5,2025-01-13, Known,-105.888133,39.5148877, 1,TL, S,HS, AS, R3, D2, Vail & Summit County, -, Ascending south facing ridge when we were approx 100’ from SSE rollover of the path to the east we heard a whumph and saw the slope crack and avalanche, Preciously wind loaded area max slope angle 34 deg min 25. Ran where the path turned slightly more SE ,At Treeline,Hard Slab,-43206.767920065424,4768503.280746517
1524,5b4e2bd8-e172-41d8-9907-0619ac10bc11,2025-01-12, Known,-105.6718824,39.9075142, 1,TL, NE,HS, AS, R2, D1, Front Range, Slide occurred on a North East facing slope dropping into the small valley connecting the upper and lower Arapahoe lakes , Skier in party triggered small avalanche descending slope near 30 degrees. The avalanche broke directly below the skier. The skier was the first to go down the other skier was waiting above. Skier remained on crust left behind as avalanche fell below and was able to back out safely. No one caught in it. Broke across the entire face sliding for 10-15 feet before stopping. , Slope angle shading on GAIA GPS displayed an angle between 25-30 degrees. ,At Treeline,Hard Slab,-19133.861244326345,4825093.680456523
1525,40c67287-4538-4f7b-bcdd-45005b436f40,2025-01-12, Estimated,-106.9393735,38.8866615, 1,>TL, SW,HS, N, -, D2, Gunnison, Hunters Hill, -, New since we observed this slope on 1/10. Likely ran late 1/11 or early 1/12,Above Treeline,Hard Slab,-160230.3250813323,4678621.348018792
1526,52e5b65c-aa90-46dc-99ec-6d24e834a7d5,2025-01-12, Estimated,-106.2102401,39.2782793, 1,>TL, NE,-, AM, R1, D1, Sawatch, -," There were three distinct sides on NE-facing slopes. We were in the flatter sections below the slide at least 100ft below where the slide stopped. None of our tracks were in the slide path. The first slide was shallow 1-3ft deep where it broke but it broke about 800 ft wide and ran at most 200-300 ft. The second slide was in the narrow gulch where the small circular one broke first and then the larger one broke loose about 150ft wide with a depth of 2-8ft at the break and ran about 500ft. Again none of our tracks were in the slide path since we were riding in the """"safer"""" areas nearby.", -,Above Treeline,Unreported,-79063.56627296221,4734555.869189888
1529,32bdc78b-c512-418c-bd6f-fdbd8bc96ea5,2025-01-12, Estimated,-106.2933027,39.6731151, 1,TL, SW,HS, N, R2, D2, Vail & Summit County, -, I observed another avalanche just north of Birthday Chute on the same aspect and with similar slope characteristics. They likely failed days ago around the same time., -,At Treeline,Hard Slab,-88310.05260892934,4791270.028298979
1530,2f4f525b-fd0a-45bf-80f2-0d76c5c1791b,2025-01-12, Estimated,-107.7259714,37.9506099, 1,>TL, NE,U, U, R1, D2, Northern San Juan, Chicago Peak near Imogene Creek, -, -,Above Treeline,Unreported,-247794.0027683906,4546170.502701481
1531,8671a0b7-0878-40af-b9c3-3a99518916ad,2025-01-12, Estimated,-106.1852351,39.4446393, 1,>TL, SE,HS, N, R3, D2, Vail & Summit County, -, SE aspect >TL out of the Southeast ridge of Jacque Peak , -,Above Treeline,Hard Slab,-76280.02240567721,4758412.26162514
1532,31b985d5-6ebd-41aa-86e4-5391b267277c,2025-01-12, Estimated,-107.9309173,37.8215118, 1,TL, S,SS, U, R1, D2, Northern San Juan, -, -, -,At Treeline,Soft Slab,-270608.4759965603,4528037.638243682
1534,5b4eb3f8-b77b-49a8-9ec0-749c576fbfd9,2025-01-12, Estimated,-106.1954121,39.5285141, 1,TL, W,-, -, R1, D1, Vail & Summit County, -, -, -,At Treeline,Unreported,-77412.9208634803,4770461.871973603
1535,f94aa2e2-a299-40f6-ae7b-3d2e824565d3,2025-01-12, Known,-107.4067439,38.659307, 1,TL, E,SS, AS, R3, D2, Gunnison, Bald Mountain, -, -,At Treeline,Soft Slab,-212257.76002118038,4646291.058753818
1538,c5733616-ac01-429e-b95f-91809e47960d,2025-01-12, Estimated,-106.600641,40.3757657, 1,<TL, E,SS, -, R1, D1, Steamboat & Flat Tops, -, We saw two avalanches that ran below the ridgeline of Baker Mountain (one is pictured below). It is hard to know when the pictured avalanche ran. The smaller avalanche not pictured had a more distinct crown and flanks leading us to suspect it ran during or after the 1/11-12 storm., -,Below Treeline,Soft Slab,-122522.79566619919,4893013.323599684
1540,d5012b14-3ff0-4ac1-95d4-b0b6404527fd,2025-01-12, Estimated,-105.9273234,40.4769104, 1,TL, N,SS, U, R2, D1.5, Front Range, -, -, -,At Treeline,Soft Slab,-47569.42329205068,4907746.619111828
1541,4ab00fab-6bd1-41b5-ac19-d0f04a078a66,2025-01-12, Estimated,-107.6290954,37.8765646, 1,>TL, W,U, N, R2, D2, Northern San Juan, -, -, -,Above Treeline,Unreported,-237009.8157783006,4535766.32627629
1542,a38f6126-2ad4-4b50-b41e-bc60b6e78420,2025-01-12, Estimated,-106.2016008,39.2468242, 1,>TL, SW,L, N, R1, D1, Sawatch, -, -, -,Above Treeline,Loose,-78101.84379615267,4730051.564522655
1544,d9669b4b-3bfc-412a-913c-47779b5f2210,2025-01-12, Estimated,-106.2695528,39.3759399, 1,>TL, S,SS, AS, R1, D1, Sawatch, -, -, -,Above Treeline,Soft Slab,-85666.2258345374,4748553.671424316
1546,8063622f-60b9-4bbf-b9e1-366b20907cee,2025-01-12, Estimated,-106.2111184,39.2515933, 1,>TL, S,SS, N, R2, D1.5, Sawatch, north of Ball Mountain, -, -,Above Treeline,Soft Slab,-79161.33818172789,4730734.3586677415
1547,40d6ae44-e463-455d-97d4-cbae587c4529,2025-01-12, Estimated,-107.7427486,37.8602789, 1,>TL, E,HS, AR, R2, D1, Northern San Juan, -, AR-r-HS-D1 Rider 2 remotely triggered avalanche and one shooting crack ran about 200' downhill. 1-1.5' crown 75' wide 200' vertical foot run, -,Above Treeline,Hard Slab,-249661.63212932734,4533479.422323019
1548,f12bd4a4-595e-401b-970a-614ea464b476,2025-01-12, Estimated,-107.7487246,37.8338785, 1,TL, W,SS, AS, R2, D2, Northern San Juan, -, -, -,At Treeline,Soft Slab,-250326.87740630837,4529773.2534336485
1549,74524ecc-58ed-456c-a76c-d34c0c93d3af,2025-01-11, Estimated,-106.8766612,39.1265289, 1,>TL, E,SS, N, R2, D2.5, Aspen, South Highland Bowl, A large avalanche occurred naturally in the last day or two on south Highland Bowl in a path that slid earlier this season., Path already slid earlier this season,Above Treeline,Soft Slab,-153249.22377885718,4712844.282850508
1550,f20a4eb5-7f86-45aa-bd0b-e8aa7b8e7d40,2025-01-11, Known,-106.3705231,39.4870689, -,<TL, E,SS, N, R2, D1, Vail & Summit County, -, -, -,Below Treeline,Soft Slab,-96906.18821578214,4764505.946155445
1551,cefe37ea-fdfc-4ea8-9453-e379bf06c403,2025-01-11, Estimated,-107.9086779,37.8472166, 2,TL, NE,L, N, R2, D1.5, Northern San Juan, -, Loose-dry avalanche activity off the Northeast face of San Bernardo Mountain. , -,At Treeline,Loose,-268132.79731301224,4531645.529471567
1552,34ead3db-8b93-407c-b6cb-dd6e809f18d3,2025-01-11, Estimated,-105.9942196,40.2745235, 1,TL, E,HS, U, R1, D1.5, Front Range, Gravel Mountain, We saw evidence of an old avalanche that was probably over a week old. , -,At Treeline,Hard Slab,-55016.27421205511,4878288.129655435
1555,e56305b9-3f4e-491a-8a8a-1ff5131f5e58,2025-01-11, Estimated,-107.2882765,40.1209089, 1,<TL, N,-, N, R2, D1.5, Steamboat & Flat Tops, -, -, -,Below Treeline,Unreported,-199070.0293775769,4855987.98351351
1558,37cd9a01-6edc-4735-82d5-faa98f18e461,2025-01-11, Estimated,-106.5000522,39.697731, 1,<TL, E,SS, U, R1, D1, Vail & Summit County, -, The avalanche we investigated near Red and White Mountain was previously coded in this observation: https://avalanche.state.co.us/report/590c2604-7248-4075-ad65-2632a8ddb584, A small bank slide above the road cut on FS Road 734.,Below Treeline,Soft Slab,-111325.30167069289,4794816.637596733
1560,376ac753-fdba-4182-8b92-c37793486e5f,2025-01-11, Estimated,-105.9085258,39.7012804, 1,>TL, S,-, -, R2, D1.5, Front Range, -, -, -,Above Treeline,Unreported,-45476.88403191503,4795328.133156662
1561,10ad59a1-3615-4ec1-8d3c-9f6c02dd36da,2025-01-11, Estimated,-107.0457705,38.9609844, 1,>TL, NE,SS, N, R1, D1.5, Gunnison, Wolverine Bowl, I saw many tiny debris piles throughout the Ruby Range at upper elevations. Most slides were covered by some amount of new snow. I suspect most were small sluffs or wind slabs. A couple D1.5's and a D2 on Gothic are coded here. Far in the distance outside the CBAC forecast area on a southwest slope of Mount Belleview (not the one at Schofield Pass) had a D2-looking slide from the wind event on 1/9 or 1/10 - hard to tell if it was a big Wind Slab or Persistent Slab as it was drifted over and debris was out of view. , -,Above Treeline,Soft Slab,-172074.38494326375,4689212.823228561
1565,07726629-f194-4fc5-be51-6df8ab70ebf8,2025-01-11, Estimated,-107.0998182,38.8339846, 2,TL, S,SS, N, -, D1, Gunnison, Anthracites, -, -,At Treeline,Soft Slab,-178090.9473858119,4671121.325691659
1568,665ee630-0a1d-4f10-9c5d-d797d2361759,2025-01-11, Estimated,-107.7092463,37.8753106, 1,>TL, SW,SS, N, R1, D1.5, Northern San Juan, -, -, -,Above Treeline,Soft Slab,-245932.1731529242,4535590.21640342
1570,c3dd6f58-4fae-4f37-b892-a0fb547f2cc0,2025-01-11, Estimated,-108.0914433,37.4201297, 1,>TL, SE,-, -, -, D2, Southern San Juan, Burwell Peak, -, -,Above Treeline,Unreported,-288478.14857563947,4471863.506138427
1573,b2b38ac1-0d6b-4e63-86db-9dfa5212b10c,2025-01-11, Known,-107.0340587,38.8825325, 1,TL, E,SS, AS, R1, D1, Gunnison, -, Small storm slab on east facing aspect at 11500. R.5/D.5 Skier cut as expected., -,At Treeline,Soft Slab,-170770.633330992,4678033.267599101
1574,f8e35b8a-e5b4-4a3a-8b7e-4375d393a3ab,2025-01-11, Estimated,-106.6979411,40.3551432, 1,<TL, NE,SS, N, R2, D1, Steamboat & Flat Tops, Walton Peak, -, -,Below Treeline,Soft Slab,-133354.19325233265,4890012.073493274
1579,36a2a9c0-e857-4df3-bb62-ddd067d253ca,2025-01-11, Estimated,-107.1748229,39.1130518, 3,>TL, S,SS, N, R1, D1.5, Aspen, Elk Mountain Ridgeline above Carbonate Creek, Small avalanches on south-facing slopes above Carbonate Creek north of Marble. At least one was likely triggered by a cornice fall., -,Above Treeline,Soft Slab,-186440.4323969137,4710918.338470027
1580,149c5f63-0845-4d02-9842-89fdc6af31ee,2025-01-11, Known,-105.6629558,40.2998942, 1,<TL, N,SS, AS, R1, D1, Front Range, -, -, -,Below Treeline,Soft Slab,-18140.156677810905,4881976.08754451
1581,e0fe9f3a-5ad0-419c-b9d4-525a3b11f060,2025-01-11, Estimated,-107.6971369,37.8959587, -,<TL, NE,L, N, R1, D1, Northern San Juan, -, -, -,Below Treeline,Loose,-244584.1609111125,4538490.389541655
1584,7607a159-144d-4839-9fab-fac197b05866,2025-01-11, Estimated,-107.7258635,37.9727708, -,<TL, NW,SS, N, R2, D1.5, Northern San Juan, -, -, -,Below Treeline,Soft Slab,-247781.9913953344,4549286.407261998
1585,0e4a8ab7-582e-45cb-ab32-850a80d300b8,2025-01-11, Known,-105.8273038,39.7350809, 1,TL, E,HS, AS, R2, D2, Front Range, -, -, -,At Treeline,Hard Slab,-36435.2923507032,4800200.371821129
1586,0d869e37-07e6-4597-835a-a1902bea1e9f,2025-01-11, Known,-105.879222,39.7702563, 1,>TL, E,SS, AS, R1, D1, Front Range, -, -, -,Above Treeline,Soft Slab,-42214.79993760728,4805273.35595254
1587,5137fd2f-1f2d-4772-a7a1-e9de673afd8b,2025-01-11, Known,-106.7725741,40.5032122, 3,<TL, -,SS, AM, -, D1, Steamboat & Flat Tops, -, -, -,Below Treeline,Soft Slab,-141662.30080870783,4911581.547304927
1589,fcf801ec-32b2-45ab-b6f2-ff572d9d2b9b,2025-01-11, Estimated,-107.7100136,37.8381877, -,TL, SW,SS, N, R2, D2, Northern San Juan, -, -, -,At Treeline,Soft Slab,-246017.58859820827,4530378.100748611
1591,f93fe17c-b602-4672-b311-6f05c8982c5a,2025-01-10, Known,-107.6797589,37.8451951, 1,>TL, W,SS, N, R1, D1, Northern San Juan, -, -, -,Above Treeline,Soft Slab,-242649.65080010556,4531361.748512137
1592,f64b0c45-3a00-470a-8b28-dd820d2d72eb,2025-01-10, Estimated,-106.8828854,38.9600603, 1,>TL, SE,HS, N, R2, D2.5, Gunnison, Teocalli, At least a handful of persistent slabs ran in the past 36 hours from wind drifting. Two looked very fresh: a D2.5 hard slab on the S to SE side of Teo and and a D2 on a SW facing slope near Twin Lakes. There were several other large avalanches near Hunter Hill Star Peak etc that also looked like they probably ran with the wind event though harder to say for sure., Could have failed 1/9 or early 1/10.,Above Treeline,Hard Slab,-153942.09855345276,4689081.064519584
1593,46b59bd7-f431-40df-885b-0322daa78f8e,2025-01-10, Known,-107.6470209,37.9084295, 1,>TL, E,SS, AS, R1, D1, Northern San Juan, -, -, -,Above Treeline,Soft Slab,-239005.27331051565,4540242.399823421
1594,2177a17b-55a8-4705-b03e-ea8ac0eff642,2025-01-10, Estimated,-107.0995364,38.9650517, 1,<TL, SE,HS, N, -, D1, Gunnison, -, Touring up Baxter Basin we experienced no signs of instability. However the wind/gusts were high and we saw the aftermath of four natural slides. While ascending the SW aspect of Cascade we noted a crown on Richmond's NE ridge. From Cascade's ridge a slide was visible across the gulch on Purple. After descending Cascade two small wind slab avalanches on SE/E aspects in Baxter Basin (~10800-10200) had occurred while we climbed the ridge/descended., -,Below Treeline,Hard Slab,-178059.57755330636,4689792.761793405
1595,9561b216-3e0a-4973-b5e4-3169c8664d77,2025-01-10, Estimated,-107.0480165,38.9925584, 1,>TL, SW,HS, N, -, D1, Aspen, Baldy, -, -,Above Treeline,Hard Slab,-172324.40851958553,4693715.703633913
1596,bcb66d07-5e9b-40cb-9b91-5f3500d8891f,2025-01-10, Estimated,-106.8393514,39.0039938, 1,>TL, E,SS, N, -, D2, Aspen, Candle Peak," """"Lots of recent and old activity up Castle Creek. D2.5 off of Sheep Peak. Peak to creek. ESE to SE aspect. Big enough that it ran down the Sheep 2 and Sheep Shoulder paths. Most debris in sheep 2 less in shoulder. Varioous older D1 and D2s in Hidden Valley. Fresh D1s on Candle Peak S-SE 1/10. Fresh D2 E aspect Candle Peak from 1/10. Recent D1 and D2 above Friends Hut SSW aspect with active wind-loading. It's an active moment in time out there.""""", -,Above Treeline,Soft Slab,-149095.91584125816,4695347.046189922
1598,17186c46-be54-4d27-8dc1-7fbec3612c1f,2025-01-10, Estimated,-106.7854994,38.9137477, 2,TL, S,HS, N, R1, D1.5, Gunnison, -, -, -,At Treeline,Hard Slab,-143101.13862305888,4682480.004668481
1599,c891b345-95f7-4822-9358-54b32b2cd1f4,2025-01-10, Estimated,-107.0627796,38.9516396, 1,<TL, E,-, N, -, D1.5, Gunnison, Schuylkill Ridge: Great Wide Open, Brief afternoon views of Schuylkill Ridge revealed a recent D1.5 persistent slab on a crossloaded east aspect that likely ran during the big wind event on 1/9 or 1/10., -,Below Treeline,Unreported,-173967.82929411583,4687880.516080158
1600,95bdc4f5-56e3-487c-ba89-d5042a41cb9a,2025-01-10, Estimated,-106.1959111,39.3673863, 1,>TL, NE,-, -, -, -, Sawatch, -, -, -,Above Treeline,Unreported,-77468.46928938769,4747326.886583242
1601,a9756418-0cb7-450e-9ba2-a6346ca88e41,2025-01-10, Estimated,-106.1759842,39.3519737, 2,>TL, E,-, N, R1, D2, Sawatch, -, -, -,Above Treeline,Unreported,-75250.21692829866,4745116.744176166
1603,43f83506-0f6b-45d1-a4f6-cdf831c84093,2025-01-10, Estimated,-106.2176294,39.5293441, 1,TL, W,-, AS, -, D1, Vail & Summit County, -, West facing 11500 ASr judging from the tracks.  Probably within the past 24 hrs.  , -,At Treeline,Unreported,-79886.13938628373,4770581.184578507
1604,71d779b3-1e38-4de5-9a8f-9dd286f36cf6,2025-01-10, Estimated,-106.2382654,39.6606107, 2,>TL, W,-, -, -, D1, Vail & Summit County, -, -, -,Above Treeline,Unreported,-82183.3283982931,4789468.90744658
1605,98e6d95c-2d18-49e2-9c4e-6b39ddd843fd,2025-01-10, Known,-106.2552555,39.3376454, 1,>TL, SE,SS, AS, R1, D1, Sawatch, -, The main avalanche I was investigating is coded in a previous observation: https://avalanche.state.co.us/report/471d6925-c10f-4ff2-b13d-594c43d3d65e This avalanche broke wide across the entire ridgeline and even wrapped around terrain features to the north. There were a couple more avalanches I observed above the main one and in the bowl to the north.  I also triggered a small fresh Wind Slab avalanche that had reformed on the bed surface as I was mucking around. It would have been harmless if I was closer to it but it caught me by surprise., -,Above Treeline,Soft Slab,-84074.65767882024,4743062.529417427
1613,f77e1184-5f4b-402c-b9fb-98a6453b74f3,2025-01-10, Estimated,-106.9656466,39.1421147, 1,>TL, E,SS, N, R2, D2.5, Aspen, South of Baldy Mountain above a tributary of Willow Creek, A large to very large avalanche on an east-southeast-facing slope was observed from a distance. The avalanche likely occurred within the last week., -,Above Treeline,Soft Slab,-163155.03319489214,4715072.034191414
1618,0cab5c63-c08b-4e3f-984d-2c76ce346666,2025-01-10, Estimated,-107.0981925,38.962136, 3,TL, SE,SS, N, -, D1, Gunnison, Various SE aspects in Baxter and nearby areas, CBAC note: Reduced slide count from 5 to 3 to avoid duplicate coding from other Baxter Basin ob: https://cbavalanchecenter.org/view-observations/#/view/observations/d6339c9f-eec9-42cd-bac3-47cd391d531c, -,At Treeline,Soft Slab,-177909.97528962803,4689377.021442932
1619,d81a6cb0-d03e-44cb-9c74-25a524f6a492,2025-01-10, Known,-107.7035315,37.8738583, 2,>TL, W,SS, AS, R1, D1, Northern San Juan, Cemetary, Small reactive wind slabs above treeline on southwest and west slopes. These wind slabs were mostly shallow but deep 50cm cracks were observed on isolated terrain features. A handful of small natural avalanches were also observed., -,Above Treeline,Soft Slab,-245296.00452693805,4535386.261354763
1620,509a2aa4-5c1e-4f99-8220-e7c571c2376e,2025-01-10, Estimated,-107.7662394,37.9347426, 1,TL, NW,HS, N, R2, D2, Northern San Juan, Northwest face of Ajax Peak outside Telluride. , Texted to forecaster: a fresh natural avalanche on northwest face of Ajax Peak outside Telluride. , -,At Treeline,Hard Slab,-252276.61602365426,4543940.083804444
1623,9bbcbfbe-052e-4873-b78f-a7559cb07006,2025-01-10, Known,-106.9994786,39.1692201, 2,>TL, SE,SS, N, R2, D2.5, Aspen, Garrett Peak southeast-facing slope, An avalanche occurred on Garrett Peak above East Snowmass Creek between 9:20 and 9:30 AM on January 10 2025., -,Above Treeline,Soft Slab,-166921.19420741132,4718947.520482725
1625,45fa97b0-948b-4c13-9b19-8fb3b2eb6c02,2025-01-09, Estimated,-106.9194526,38.9539709, 1,>TL, SW,HS, N, -, D2, Gunnison, Perry Creek: Peak 12770, Unnamed ~12770, Recent slide on S-SW slopes just below 12770' that rises above Perry Creek east of Whiterock. Looks to be natural that ran ~1200' likely from the N-NE winds yesterday. You can see a crown just below the cliffs and on the left side of the ridge.,Above Treeline,Hard Slab,-158012.74063718785,4688212.877683658
1627,4b741990-7044-46c9-bcef-b485d8a0297d,2025-01-09, Estimated,-106.1450919,39.262066, 1,>TL, E,HS, N, R2, D1.5, Sawatch, -, -, -,Above Treeline,Hard Slab,-71811.3018228648,4732233.904019342
1632,d8a7bcc6-19d9-4882-addb-05fddc0cfb9a,2025-01-09, Estimated,-106.9855692,37.9691317, 4,>TL, E,SS, N, R2, D1.5, Northern San Juan, San Luis Pass, Multiple small shallow Wind Slab avalanches on east-facing above treeline slopes, -,Above Treeline,Soft Slab,-165372.80688217113,4548774.671261153
1633,25899d8e-4ad9-49e6-90c1-290e8ea1bdea,2025-01-09, Known,-105.8868858,39.7896917, 1,>TL, E,SS, N, R1, D1, Front Range, -, -, -,Above Treeline,Soft Slab,-43067.930251147736,4808077.443270567
1635,9423d6ce-2651-40a5-8f2c-0487f2b360e8,2025-01-09, Known,-105.7921495,39.7999096, -,>TL, SE,SS, N, R2, D2, Front Range, Russell Peak southeast face , -, -,Above Treeline,Soft Slab,-32521.93357550896,4809551.974684367
1639,1e3db4ff-d158-4f35-a3f1-f22c6b212655,2025-01-09, Estimated,-106.8247654,39.0257971, 1,>TL, E,SS, N, R1, D1.5, Aspen, North Kellogg avalanche path, -, -,Above Treeline,Soft Slab,-147472.20974854712,4698458.181511868
1643,9d818daf-f8e2-49ef-ad4a-c9555a35ab15,2025-01-09, Estimated,-106.2507859,39.3318423, 1,>TL, SE,HS, N, R3, D2.5, Sawatch, Southeast slopes of Buckeye Peak, -, -,Above Treeline,Hard Slab,-83577.1040827693,4742230.673342471
1646,a729f29f-8925-403c-b279-bc2a200c2469,2025-01-09, Estimated,-107.1893984,39.0402332, 1,<TL, E,SS, AU, R2, D2, Aspen, Money Shot, Observed a human-triggered avalanche on an east-northeast-facing slope below treeline likely from the evening of January 9 or morning of January 10 2025., The avalanche was not here around noon on January 19. Possibly remote trigger from the tracks on the left.,Below Treeline,Soft Slab,-188062.96963497106,4700518.615789601
1648,a94220db-f4ce-4d07-b8ce-4c15146edb69,2025-01-08, Estimated,-107.7191171,37.897654, 1,<TL, E,SS, AS, R2, D1.5, Northern San Juan, -, -, The fourth skier to skin across the slope triggered the avalanche. It released above them.  ,Below Treeline,Soft Slab,-247030.9855826467,4538728.542970868
1649,bd69d21e-736f-4ad2-9591-c831f73cc1d8,2025-01-08, Estimated,-106.2586443,39.3634791, 1,>TL, NE,HS, N, U, D2, Sawatch, Chicago Ridge, -, -,Above Treeline,Hard Slab,-84451.89716921996,4746766.5537820095
1650,34611177-ec5a-4567-8489-40b62a8af59a,2025-01-08, Known,-107.1836159,39.0322177, 1,<TL, NE,SS, AS, R1, D1.5, Aspen, -, -, -,Below Treeline,Soft Slab,-187419.26467946012,4699374.527895499
1651,16ec6e6b-2eeb-4b93-a36b-9121034dd39a,2025-01-08, Known,-107.0657733,38.8692742, 2,<TL, E,-, AS, -, D1.5, Gunnison, -, We remotely triggered two persistent slab avalanches on East aspects around 11000ft from the ridge. Slab depth-averaged 60 to 70cm, -,Below Treeline,Unreported,-174301.0864537037,4676145.162722921
1652,a00f05c0-f615-4795-bbf6-e32a117a7ab5,2025-01-08, Estimated,-105.8758561,39.7717285, 1,>TL, NE,SS, AS, R1, D1, Front Range, Jones Pass - Stoner Bowl, -, -,Above Treeline,Soft Slab,-41840.10966354435,4805485.7330772355
1653,a6fb65bd-c312-4143-9952-a8eb8ebbe08f,2025-01-08, Known,-107.1880304,39.0400435, 2,<TL, E,SS, AS, R2, D2, Aspen, -, -, -,Below Treeline,Soft Slab,-187910.68457156562,4700491.537554974
1654,13c18876-bf96-440f-867b-ac99df6d5d46,2025-01-08, Estimated,-106.1774193,39.3669557, 1,TL, W,SS, -, R2, D2, Vail & Summit County, Fremont Pass, I saw a fresh-looking avalanche near Fremont Pass. , -,At Treeline,Soft Slab,-75409.97152953583,4747265.132550167
1655,d7b49b8d-95c5-4979-914e-9a3984216b92,2025-01-08, Estimated,-105.8865646,40.3827042, 1,TL, E,SS, N, R2, D2, Front Range, Mineral Point , Lots of Loose Dry avalanches in extreme terrain around Bake Mountain Mount Nimbus and Mount Stratus. , Avalanche looks shallow but hard to say from a distance. ,At Treeline,Soft Slab,-43032.174430705745,4894023.311024631
1658,a11de362-02b7-4795-b4f6-4131b3698596,2025-01-08, Estimated,-106.8564477,39.0574828, 1,>TL, W,SS, N, R2, D2.5, Aspen, Hayden Peak - West Face, Both recent and old avalanches on the west face of Hayden Peak., -,Above Treeline,Soft Slab,-150999.067251707,4702981.171642431
1659,37c70683-1209-4182-a39d-ea1dc8411c42,2025-01-08, Estimated,-106.4981224,39.6987328, 1,<TL, NE,SS, U, R2, D2, Vail & Summit County, -, Reports from the party that called in the avalanche said this was triggered by snow bikers in the area but this has not been confirmed., -,Below Treeline,Soft Slab,-111110.47731735978,4794961.00191724
1660,764b8fcd-ac1c-45d7-9641-ee00cd44216f,2025-01-08, Estimated,-107.1112563,39.0843337, 1,TL, E,SS, AS, R2, D2, Aspen, East face of Arkansas Mountain near Marble, -, -,At Treeline,Soft Slab,-179364.23085345258,4706815.61782174
1661,e4e89b96-048e-4ae4-a2ff-8a72ddab5044,2025-01-08, Known,-107.8131141,37.8860557, 1,>TL, E,SS, AS, R3, D1, Northern San Juan, East-facing slope above treeline into a gully feature., As we traversed a 20-degree slope we remotely triggered an avalanche from 900 feet away crossing various terrain features and rocky outcrops. We had felt and heard several rumbling collapses along the way., The avalanche was remotely triggered from a long distance away and across terrain features and rock outcroppings.,Above Treeline,Soft Slab,-257494.68375874177,4537099.340121117
1662,480e42ac-b6d5-4203-97ae-e854d10098b3,2025-01-07, Known,-106.7688193,38.9300198, 1,<TL, NW,SS, AM, R3, D1.5, Gunnison, Cement Creek valley floor," We saw numerous recent natural avalanches that were """"repeaters"""" sliding in paths that released previously in the Thanksgiving avalanche cycle. We saw the crown of one large avalanche over a ridge on an east-facing slope off Hunter Hill that we think did not avalanche previously and so the crown was much deeper than other avalanches in the area.", Triggered from Cement Creek Road on a bank below the road.,Below Treeline,Soft Slab,-141244.31838467816,4684798.815806351
1663,f3159c51-abe4-4f4e-be60-aea15deb7a6e,2025-01-07, Estimated,-107.0498254,38.8501734, 1,<TL, N,SS, AR, -, D1.5, Gunnison, Mt. Axtell first bowl, Today Axtel 1st bowl center big hallway went. It failed about 200 feet below the headwall which I think the headwall flushed but lower down it went. Right as the slope mellows out about 30 degrees. My partner and I were leap frogging. They hit the headwall and skied down about 200 feet. Then I took it down to the gully and pulled off to the side. They went next and got taken out by a slide. They went for about a 100-foot ride and then were able to ride out of it. D1. They were fine but it was scary. I didn't get any pics., -,Below Treeline,Soft Slab,-172525.77434648204,4673425.655704461
1664,df02b2b6-b2ee-43dc-82f8-d1d1643d1e0d,2025-01-07, Known,-107.0288364,38.9043678, 1,<TL, NE,SS, AS, R1, D1, Gunnison, -, Remotely triggered one avalanche on a small slope from about 100 feet away. I traveled very conservatively so I wouldn't run the risk of unexpectedly triggering a larger slope., -,Below Treeline,Soft Slab,-170189.2895542216,4681143.5911752395
1665,08940df8-91ef-4541-be5a-f82c1d0e08c2,2025-01-07, Estimated,-106.928325,40.8422845, 1,TL, E,HS, N, R2, D1.5, Steamboat & Flat Tops, Hans Peak, -, -,At Treeline,Hard Slab,-159000.41168730307,4961156.341936054
1666,35f7be84-ee18-48e8-a118-8ce7435541d8,2025-01-07, Known,-107.694716,37.9014889, 1,TL, NW,HS, AS, R2, D2, Northern San Juan," Red Mountain 3. Area locally known as """"Bollywood."""" ", -, -,At Treeline,Hard Slab,-244314.6675558502,4539267.284894518
1667,5c95ede8-d56c-4f06-be52-ca96d32e32a6,2025-01-07, Known,-107.69698,37.90452, 1,TL, NW,HS, AS, R2, D2, Northern San Juan, -, This was a hard slab avalanche small relative to the path but large enough to bury injure or kill a person. The avalanche broke into the old snow layers (HS-ASu-R2D2-O). The faceted snow layer formed during dry weather in December. Strong winds drifted snow onto the lee side of the subridge forming a strong and hard layer of snow (Pencil hard on the Hand Hardness Index). As the avalanche ran it stepped down to a deeper faceted snow layer in places. The avalanche was about 800 feet (250 m) wide and the crown face ran along a wind-drifted subridge of Red Mountain Number 3. The crown face was 3 to 4 feet (75 to 95 cm) high and almost 6 feet (175 cm) at the tallest point. The avalanche ran into a gully below the drifted ridge traveling 400 vertical feet., -,At Treeline,Hard Slab,-244566.69488300566,4539693.125843589
1668,d3f8dbaa-1be4-403e-9be4-e80f47ad14c7,2025-01-07, Estimated,-105.7817041,39.8269509, 1,TL, NE,SS, AS, R3, D2, Front Range, -, This avalanche occurred just NE of the Broome Hut in First Creek. We believe another group at the hut remotely triggered the avalanche based on how close their skin track was to the avalanche. (The group’s tracks were found in conservative terrain.), -,At Treeline,Soft Slab,-31359.156966377497,4813455.334232879
1669,3f5e184b-7295-4c5e-a558-7edfe8723871,2025-01-06, Estimated,-107.845192,39.4078402, 1,<TL, NE,-, N, R1, D1, Grand Mesa, -, I saw one loose dry D1 avalanche on a northeast face in a steep gully. It released at a cliff band likely Monday afternoon. , -,Below Treeline,Unreported,-261065.5792524591,4753130.25194474
1670,87b34a09-ccc0-4ef7-93fc-c41678178b6f,2025-01-06, Known,-107.1877956,39.0329801, 1,TL, E,SS, AS, R1, D1.5, Aspen, Marble Bowl, Small skier triggered avalanche in Marble Bowl, -,At Treeline,Soft Slab,-187884.54675512822,4699483.343001827
1671,7b388d23-05f0-4841-a48a-a78ac937e00e,2025-01-06, Estimated,-106.062519,39.3616552, 1,TL, NE,HS, N, R1, D1.5, Front Range, -, -, -,At Treeline,Hard Slab,-62619.328641540254,4746504.998517583
1674,c624f405-bffa-4b61-8248-d80f5d26b2c1,2025-01-06, Known,-107.0540764,38.9206568, 1,<TL, NE,-, AS, -, D2, Gunnison, Schuylkill Ridge, We remotely triggered one large persistent slab by stomping on a steep northeast facing slope from ridgeline (while holding onto a tree for safety). The crown was about 2 feet deep. We also conducted a crown profile of the large birthday bowl avalanche around New Year's. The slab is 60cm thick over very weak 2-3 mm chained facets: no signs of rounding just a garbage setup., Remotely triggered from about 40 feet away. This slope also ran during the Thanksgiving cycle. ,Below Treeline,Unreported,-172998.9935018431,4683464.501591804
1676,d801daa2-e893-44d4-85ba-2aa391f6aff2,2025-01-06, Estimated,-106.4087868,38.8158763, 2,<TL, -,SS, U, R2, D1, Sawatch, Cottonwood Pass area, -, -,Below Treeline,Soft Slab,-101165.6838156484,4668544.398114675
1678,bed4c1ae-2daf-45c9-8837-7ab74d593ae0,2025-01-06, Estimated,-107.6785798,37.8785134, 1,<TL, NE,SS, AS, R1, D1, Northern San Juan, -, <TL NE aspect SS-ASu-R1/D1 30-50cm x 10m x 25m triggered by the second skier near the bottom of the run. , <TL NE aspect SS-ASu-R1/D1 30-50cm x 10m x 25m triggered by the second skier near the bottom of the run. ,Below Treeline,Soft Slab,-242518.39398851086,4536040.018815362
1681,0a8bace9-61cd-4fe2-9626-7fab55ceca30,2025-01-06, Estimated,-107.7347164,37.8833808, 2,<TL, NE,SS, AS, R1, D1, Northern San Juan, -, -, -,Below Treeline,Soft Slab,-248767.49171537763,4536723.636027824
1682,a2df908f-2204-4f68-bb4e-aceb21f74caf,2025-01-06, Estimated,-107.0941464,38.8565809, 1,<TL, W,SS, AR, R2, D1.5, Gunnison, Kebler Pass, -, -,Below Treeline,Soft Slab,-177459.56549793037,4674337.851707396
1683,b26c2e3e-fe37-46d0-a289-187b228fb818,2025-01-06, Known,-106.3071534,39.6291742, 1,<TL, E,-, AS, R2, D2, Vail & Summit County, -, -, -,Below Treeline,Unreported,-89851.9054800602,4784942.276849551
1685,bfee8766-16cc-426a-823a-69ee469d26d7,2025-01-05, Known,-107.6199564,37.7661592, 1,>TL, NW,HS, AM, -, D1, Northern San Juan, -, Snowmobiling down a West 30 degree gully with a small panel of steeper NW terrain connected 10 ft above. Panel was 35 degrees. Panel released above and moved slowly down hill. stopping 30 feet below in flat meadow. Crown was 2-3ft deep. Avalanche Propagated 40-50ft across and ran 25-30ft. , -,Above Treeline,Hard Slab,-235992.46695194178,4520272.72062596
1686,1503e6f2-92fc-42a3-97d5-b2332daf6cd6,2025-01-05, Estimated,-107.6960286,37.9208682, 1,<TL, NW,SS, AI, R2, D1.5, Northern San Juan, -, 1 snowshoer caught partially buried - critical, -,Below Treeline,Soft Slab,-244460.7855194665,4541990.1987120565
1687,0a3f8417-b1fe-4013-a392-39cf1145ec74,2025-01-05, Estimated,-107.69322,37.91608, 1,<TL, NW,SS, AI, R2, D1.5, Northern San Juan, -, -, -,Below Treeline,Soft Slab,-244148.13359762353,4541317.35914904
1688,14617e59-952d-4e5a-b314-375539142703,2025-01-05, Estimated,-107.7423911,37.8380588, 1,<TL, E,SS, N, R1, D1, Northern San Juan, Small avalanche on a steep gully wall, Small natural D1 avalanches observed in recently drifted snow. Saw the debris of the avalanche remotely triggered yesterday failed on weak December facets., -,Below Treeline,Soft Slab,-249621.83541136858,4530360.007588282
1689,eb390b66-916f-4339-9263-53334cf76ce8,2025-01-05, Known,-106.7672837,40.5350669, 3,<TL, N,SS, AS, R1, D1, Steamboat & Flat Tops, -, -, -,Below Treeline,Soft Slab,-141073.3761746145,4916228.144528807
1690,f462f7ed-0f76-44bd-b8a4-35ff76718ba4,2025-01-05, Estimated,-105.7101374,39.6014756, 2,<TL, NE,-, -, -, D1, Front Range, -, -, -,Below Treeline,Unreported,-23392.38836462227,4780955.594811052
1691,3242e65c-14f7-4764-b6de-907285f91ee5,2025-01-05, Estimated,-107.7299332,37.8669223, 1,<TL, E,SS, AS, R1, D1, Northern San Juan, Sams trees. , -, -,Below Treeline,Soft Slab,-248235.02832701497,4534412.253908857
1692,c22a51db-efe6-4ec0-aa02-4e57c8b79c55,2025-01-05, Estimated,-107.7370222,37.8569545, 1,TL, E,SS, AR, R1, D1, Northern San Juan, Near Ophir Pass. , -, It looks to have been confined to the most recent storm snow. ,At Treeline,Soft Slab,-249024.17219724882,4533012.659239018
1693,974fd346-2019-4499-9c38-307a6bc5ab1b,2025-01-05, Estimated,-106.1285104,39.5078738, 1,TL, W,HS, U, R2, D2, Vail & Summit County, -, Recent avalanche in Poop Chute (near Copper Junction). I can't tell if it started up in the normal ATL start zone or if it released mid-track in the photo. The debris looks deep. , -,At Treeline,Hard Slab,-69965.45768627549,4767495.288475932
1694,9caee747-edc7-43f2-87a6-07ac5f8f134f,2025-01-05, Known,-106.2424374,39.6194799, 1,TL, E,SS, AS, R2, D2, Vail & Summit County, -, -, -,At Treeline,Soft Slab,-82647.75331388213,4783546.785444181
1695,168cd98c-b953-462d-a0b6-7c5474b5aa11,2025-01-05, Known,-106.9968915,38.9463969, 1,<TL, NE,SS, AS, R2, D2, Gunnison, -, Remote triggered (from about 15m) while skiing down slope near Abby Ln. Skied near to this steeper section in the hopes of remotely triggering this slope as 2 skiers had put a traversing skin track right through the center of this steep area yesterday evening and we didn't want others to follow this unsafe travel route , -,Below Treeline,Soft Slab,-166633.19955278025,4687133.131218889
1698,f3d7e34f-3890-434e-a5a4-e2f5dc40c478,2025-01-05, Known,-105.8673152,39.7802453, 1,<TL, E,SS, AS, R2, D2, Front Range, -, -, -,Below Treeline,Soft Slab,-40889.34102462854,4806714.442348167
1699,6cc4e7a0-5c0d-49d2-b148-d243d59ef753,2025-01-05, Estimated,-107.7239907,37.8669022, 1,<TL, E,SS, AS, R1, D1, Northern San Juan, Sam's trees, -, Avalanche slid on old bed surface confined to new storm snow,Below Treeline,Soft Slab,-247573.5122529761,4534409.431443777
1700,48ce43a2-ec12-4c60-a1ce-0dcf81091258,2025-01-05, Estimated,-106.2561424,39.4934382, 1,TL, E,-, -, R2, D2, Vail & Summit County, The far north end of Wingle Ridge., -, -,At Treeline,Unreported,-84173.38693520457,4765421.02026458
1706,459158cf-96c9-4cc4-a4b6-05025bc5deaa,2025-01-05, Estimated,-107.5393772,38.1361437, 1,>TL, NW,SS, N, R1, D1.5, Northern San Juan, Pinnacle Ridge, Limited natural avalanche activity observed apart from one natural Persistent Slab avalanche of Pinnacle Ridge. This avalanche looked old and is estimated to have occurred sometime in early to mid January., -,Above Treeline,Soft Slab,-227022.43143941212,4572286.58557986
1707,3bb7d325-0a7a-47d6-84f4-e200d7dd291e,2025-01-05, Known,-106.8076101,39.1372617, 1,<TL, E,SS, U, R2, D2, Aspen, McFarland's Bowl CD gully, Several large avalanches in McFarland's Bowl most likely remotely triggered, -,Below Treeline,Soft Slab,-145562.49048814242,4714378.318894336
1709,441eae8d-1a72-4981-890e-25a7182d73f1,2025-01-05, Known,-107.2015564,39.0355699, 1,TL, SE,SS, AS, -, D1, Aspen, near the Raspberry Creek Trail, I triggered two small Wind Slab avalanches on a south and southeast-facing slope and saw several recent avalanches that likely happened in the last few days on east and northeast-facing slopes all on slopes that avalanches earlier this season., -,At Treeline,Soft Slab,-189416.39200403515,4699852.986365396
1711,a75c5ab1-8134-4f73-8f33-6491bd89b865,2025-01-04, Estimated,-106.929944,38.0524743, 1,>TL, E,HS, AS, R2, D2, Northern San Juan, Baldy Chato, We intentionally remote triggered two avalanches from low-angle ground connected to steep wind-drifted slopes below. One broke around 1 to 2 feet deep (D1.5) and the other broke up to 2 to 4 feet deep (D2)., We tried to release this slope on our way up the ridge but it didn't go. We transitioned and headed back down on our same track and with a little extra jumping at a weak spot at the edge of the slab got it to pop.,Above Treeline,Hard Slab,-159180.63794289762,4560500.863358628
1713,d9cb34e9-e55f-4117-817c-1117ac2e1bd7,2025-01-04, Known,-105.9403572,39.6817312, -,<TL, SE,SS, U, R2, D1.5, Vail & Summit County, Southeast BTL on the skin track up to the basin southeast of Coon Hill., -, Unsure if natural or skier/remote triggered. Ran sometime between when I left the truck and my return.,Below Treeline,Soft Slab,-49020.339271150966,4792511.273674555
1714,87a3173b-164b-49ab-9abe-d3cc490fb84e,2025-01-04, Known,-107.032615,38.9364054, 1,<TL, E,SS, AS, -, D1, Gunnison, Coneys, -, -,Below Treeline,Soft Slab,-170609.92138213333,4685708.924791001
1715,6f2262ef-9603-4fa6-aefa-fecbf20c3b67,2025-01-04, Estimated,-106.1196413,39.5434603, 1,>TL, NE,SS, AS, R3, D2.5, Vail & Summit County, -, -, -,Above Treeline,Soft Slab,-68978.15399048191,4772610.610311526
1718,3ecc367c-f22b-4f92-95d7-339a598c6787,2025-01-04, Estimated,-107.7088924,37.9149363, 1,>TL, NE,SS, N, R1, D1, Northern San Juan, T7, -, -,Above Treeline,Soft Slab,-245892.77718513217,4541156.652553766
1720,6a7f29e7-b38e-43d5-b7ed-b38cbc530004,2025-01-04, Known,-105.7111165,39.5949872, 1,TL, NE,SS, AS, R2, D1.5, Front Range, -, -, -,At Treeline,Soft Slab,-23501.381278058107,4780021.946491077
1723,2a4dc04d-38e5-4284-bba7-0d068b6a0572,2025-01-03, Estimated,-107.1451558,39.0392746, 1,>TL, NE,SS, N, R1, D2, Aspen, north side of Treasure Mountain, A recent avalanche on a wind-loaded northeast-facing slope above treeline that likely occurred within the last two days. An older avalanche on a south-southeast-facing slope  near Sheep Mountain on a path that slid during the Thanksgiving avalanche cycle., -,Above Treeline,Soft Slab,-183137.9059316003,4700381.783668733
1724,6081ed96-d263-43ac-b055-db3ecb87aa5a,2025-01-03, Estimated,-106.0754132,39.4299211, 1,TL, E,HS, AS, R3, D2.5, Vail & Summit County, We were on the East face of Helen north of the avalanche site on lower angle terrain. , Our avalanche course remotely triggered a large avalanche from safe ground on Mount Helen. , Our group was on the East facing aspect of Mount Helen near tree line in ~25* terrain when we experienced a huge collapse when getting ready to transition. We then looked over to see the avalanche occurring South of us in steeper terrain. Due to time constraints and in consideration of our groups’s safety we were only able to view the avalanche from a distance and so can not verify the full relative size or vertical run. Another skier in the area went to investigate the avalanche and shared the video and several pictures with me. ,At Treeline,Hard Slab,-64054.704419728376,4756299.327051312
1725,ef0bacff-51ff-44e5-80ee-1f51b28eee1c,2025-01-03, Estimated,-105.8489745,39.7177869, 1,>TL, E,HS, AS, R2, D2.5, Front Range, -, -, -,Above Treeline,Hard Slab,-38847.66363983664,4797707.193948635
1726,161ad18a-7913-4c4b-b9b4-a8fc1b159e90,2025-01-03, Estimated,-105.946686,39.4670848, 1,>TL, NE,HS, AS, R4, D3, Vail & Summit County, -, NE Aspect ~11800'. Remote trigger from ~1000' away in the valley BTL., Crown depth from 3' to 15' at deepest. 2 smaller sympathetic avalanches also released on N aspects.,Above Treeline,Hard Slab,-49724.858064483946,4761635.388867273
1727,d7639223-71ed-41de-a982-0d3d89309dd9,2025-01-03, Known,-107.1143323,38.9066179, 1,>TL, E,SS, AM, -, D2.5, Gunnison, Mt. Owen Shoulder, -, -,Above Treeline,Soft Slab,-179706.64960713414,4681464.160878805
1729,e6dd6110-cc00-4cf0-8f5b-6b3f63080fac,2025-01-03, Known,-105.7937931,39.7090004, -,>TL, SW,HS, N, R2, D2, Front Range, Bard Mountain just west of the Bard Shoulder highway path., -, -,Above Treeline,Hard Slab,-32704.89829057767,4796440.735493147
1730,e50851c2-4174-4ffc-8a1f-b106f154d252,2025-01-03, Estimated,-106.475306,39.1872118, 1,>TL, NE,SS, N, R2, D2, Sawatch, North Massive , -, -,Above Treeline,Soft Slab,-108570.56728762494,4721520.7761284765
1731,03c1dfdb-fbfd-4bd1-9274-cbfbe79a008b,2025-01-03, Estimated,-105.9763136,39.4659215, 1,>TL, E,-, -, R2, D2, Vail & Summit County, Bald Mountain near Breckenridge., -, -,Above Treeline,Unreported,-53022.98740991062,4761468.315657147
1733,e2cea7a7-900c-4e19-bc36-223a0e1bd283,2025-01-03, Estimated,-106.4276065,38.8333395, 3,-, E,-, -, -, -, Sawatch, -, -, -,Unreported,Unreported,-103260.68323653011,4671029.512460145
1735,25e53bd0-c276-4b43-a17b-e47985207e10,2025-01-03, Estimated,-106.2138862,39.4977385, -,>TL, E,SS, AM, R2, D2, Vail & Summit County, -, -, -,Above Treeline,Soft Slab,-79469.44826834498,4766038.889979027
1736,8ca2fd38-ce04-42b6-95b9-2520f10f4831,2025-01-03, Known,-107.201152,38.8452497, 1,<TL, NE,SS, AM, -, D2, Gunnison, East Beckwith, -," """"A snowmobile in my group rode right under it. I'd say it was remote.""""",Below Treeline,Soft Slab,-189371.3744019585,4672724.755379845
1737,43f9b0e9-42a6-411e-af84-d05b26a11a62,2025-01-03, Known,-107.1904548,39.0338051, 1,<TL, E,SS, AS, R1, D1.5, Aspen, -, -, -,Below Treeline,Soft Slab,-188180.56754504438,4699601.09415492
1739,eace2a77-952c-44fd-969c-445c13480bb1,2025-01-03, Estimated,-106.1215961,39.5098771, 1,>TL, SW,-, N, R1, D1, Vail & Summit County, -, -, -,Above Treeline,Unreported,-69195.76133108593,4767783.179309949
1740,48f13811-9164-4f8b-9556-d6e9e9e077a1,2025-01-03, Estimated,-105.9845352,39.4566539, 1,>TL, S,SS, AS, R3, D2, Vail & Summit County, Illinois Gulch, It was my first day of backcountry touring for the season due to some extended travel.  I have been reading the CAIC reports and had full awareness of the large number or remotely triggered avalanches that have been occuring.  I intentionally chose a different route up for this reason--typically I skin the north side of Illinois Gulch but today I skinned the meadow/glade area to the south of the drainage.  While skinning up through the meadow ( I was on a 5 degree slope at the time of the trigger) I felt a large collapse and moments later saw the avalanche just north of where I was skinning.  I didn't get my phone out fast enough to video the avalanche The first photo is from the point where I was skinning when I triggered it.  I skinned up 200' higher to get better photos of the slide. There were no ski tracks anywhere else in the Illinois drainage so i feel sure that no other parties were involved. Using CalTopo I measured 1100-1200 feet from my location to the crownline.  This incident was not a close call because of my distance from the avalanche and I was not in the run out zone.  It's yet another example of how touchy the snowpack is right now., All measurements are estimates. I did not travel into the avalance zone to take accurate measurements,Above Treeline,Soft Slab,-53938.21173541664,4760137.402971893
1741,1063db5a-cdb7-4123-bf43-65fbd314423d,2025-01-03, Estimated,-106.4955307,39.0869771, 1,TL, E,SS, N, R2, D2, Sawatch, -, -, -,At Treeline,Soft Slab,-110821.97059307214,4707193.18843212
1744,f71779f9-c280-4d92-8dff-5d6b1ddcaf91,2025-01-03, Estimated,-106.2271542,39.3374464, -,<TL, E,SS, N, R2, D1.5, Sawatch," Near """"Roadside Attraction"""" on Fremont Pass", -, Couldn't see the debris so don't quite know how far it ran.,Below Treeline,Soft Slab,-80946.4352721896,4743034.00224282
1746,bde2c824-52a8-4c34-a46d-27c614f7ccbb,2025-01-03, Estimated,-106.0799232,39.3947863, 1,>TL, E,-, AS, R2, D2, Vail & Summit County, -, -, -,Above Treeline,Unreported,-64556.7553232056,4751257.21758408
1747,6aea8e13-a8e0-4785-8f2f-1be61a25d904,2025-01-03, Estimated,-106.5627285,39.0858182, 1,>TL, S,U, N, R2, D2, Sawatch, -, -, -,Above Treeline,Unreported,-118302.3954715006,4707027.654944196
1748,d14bc5c0-6065-4d4c-aece-f682c39ca4c1,2025-01-03, Known,-106.3255801,38.4966636, 1,TL, E,-, N, R2, D1.5, Sawatch, -, A small avalanche released on an east-facing slope at ridgetop as we stood on the ridge. This was from wind loading. It was a small slope but broke into deeper layers.  There were a handful of avalanches we saw around Mt Elbert and Mt Massive as we drove south but it was too dark for good pictures or an accurate accounting., -,At Treeline,Unreported,-91903.15634105995,4623226.276503271
1749,cc6f4984-5f1d-4f69-a208-8cf3f86d4776,2025-01-02, Known,-107.0099589,38.9575636, 1,>TL, E,SS, N, -, D2, Gunnison, Gothic East Face, -, -,Above Treeline,Soft Slab,-168087.85586677154,4688725.092261617
1751,695d2714-9fcd-45e8-98ee-cecb85915345,2025-01-02, Known,-106.1064092,39.3972102, 1,>TL, E,-, N, R3, D2, Vail & Summit County, -, -, -,Above Treeline,Unreported,-67505.16335635584,4751604.983330815
1752,0e2d1e54-5859-43af-9837-5e5c081e2bea,2025-01-02, Known,-107.0061805,38.9796522, 1,<TL, E,SS, AS, -, D1, Gunnison, -, -, Remotely triggered from about 30m away. We were on Gothic road.,Below Treeline,Soft Slab,-167667.24630275753,4691874.859972202
1753,b4a93663-563f-449f-a090-ef993395a98c,2025-01-02, Estimated,-106.1773172,39.3474725, 1,>TL, NE,HS, N, R2, D2, Sawatch, -, -, -,Above Treeline,Hard Slab,-75398.6058095265,4744471.371956137
1754,56b30882-b450-4816-81f1-6794b08f3edd,2025-01-02, Estimated,-105.6782424,39.8951033, 2,TL, N,HS, N, R2, D2, Front Range, -, -, -,At Treeline,Hard Slab,-19841.85320577108,4823299.877357324
1756,84c20df4-e76c-4925-9594-008e97e93812,2025-01-02, Known,-105.779496,39.7995577, 1,TL, NE,SS, AS, R2, D1.5, Front Range, -, A man was caught in a D1.5 avalanche triggered in the Plunge Chute on Berthoud Pass. The plunge Chute is on an NE aspect around TL., -,At Treeline,Soft Slab,-31113.352398756775,4809501.188797135
1757,521a2f3f-4598-4a0f-bce5-acfbf36e5ee7,2025-01-02, Estimated,-105.7772446,39.8165916, 1,TL, SE,SS, U, R2, D1.5, Front Range, -, SS avalanche on an SE aspect on the N side of Current Creek., -,At Treeline,Soft Slab,-30862.727697184906,4811959.806334129
1758,f8cf2c50-9476-495a-85af-6e45241d41a7,2025-01-02, Estimated,-106.2353399,39.3342823, 1,>TL, NE,C, N, R1, D1, Sawatch, -, -, Cornice fall,Above Treeline,Cornice,-81857.66322797706,4742580.431163919
1759,b910f561-b972-4e37-a21a-80e5edf07b0f,2025-01-02, Estimated,-106.4159455,39.0902336, 1,>TL, SE,HS, N, R3, D3, Sawatch, -, -, -,Above Treeline,Hard Slab,-101962.58665439089,4707658.350924816
1760,a1168123-4749-430a-ab2c-e6854c40b00d,2025-01-02, Estimated,-106.1816278,39.3451004, -,>TL, NW,HS, N, R2, D2, Sawatch, Mt Arkansas, -, -,Above Treeline,Hard Slab,-75878.4596065393,4744131.2823013
1763,22612fdc-0709-4b2b-8099-80ae3bc2d01a,2025-01-02, Estimated,-106.8270482,38.8765157, 1,TL, E,SS, N, -, D1.5, Gunnison, Anthracite Range, A handful of large natural avalanches that appeared to fail with yesterday's snow/wind along with some older avalanches that ran during the weekend or Monday's wind event. These were mostly on wind drifted slopes the Cement Creek area saw fewer natural avalanches below treeline. Avalanche activity continues to fit the patterns that we have been observing with a slight uptick in southeast aspects above treeline where we suspect these recent avalanches broke from wind drifting onto the small-grained facets above the stout Christmas crust., -,At Treeline,Soft Slab,-147726.32988212982,4677176.375470193
1765,d7c46b2a-1aad-40d4-b9c7-bc847d08965e,2025-01-02, Estimated,-105.9336596,40.4780143, 1,>TL, NE,SS, N, R2, D2, Front Range, -, -, -,Above Treeline,Soft Slab,-48274.765849614814,4907907.542563641
1766,6a30ee28-c3ec-4d27-8372-85c1411811d7,2025-01-02, Estimated,-107.2164086,38.8473577, 1,>TL, NE,U, N, R1, D2, Gunnison, East Beckwith, There was one fairly fresh D2 persistent slab near the summit of East Beckwith; I'm guessing it ran on 1/2. There were a handful of older crowns (up to D1.5) probably from last weekend that are mostly drifted in now and hard to document now., -,Above Treeline,Unreported,-191069.73134519445,4673024.828172054
1768,066883aa-ff9b-4d33-97de-351a1bbbbbb6,2025-01-02, Estimated,-107.1059148,39.0729694, 1,TL, E,SS, U, R2, D2, Aspen, East-face of Arkansas Mountain, A human-triggered avalanche on the north side of Sheep that may have caught someone yesterday (coded and images in this ob:  https://avalanche.state.co.us/report/90915f23-9304-41ac-bee0-3116367d11c2) and an older large avalanche on the east-facing slopes of Arkansas Mountain above Silver Creek that could have been natural or remotely triggered by snowmobilers that were in the area around the same time based on how buried their tracks were and how buried the crown was., Possibly remotely triggered by nearby snowmobilers whose tracks appear about as buried as the crown of the avalanche.,At Treeline,Soft Slab,-178769.61779338156,4705192.558015813
1769,7202fbf8-bd7d-44b1-af5b-9d18d5654828,2025-01-02, Known,-107.0311052,38.9498598, 1,<TL, NE,SS, AS, R1, D1, Gunnison, Coney's, Skier triggered soft slab on a convex rollover. Occurred on the bottom 1/3 of coneys no other signs of instability or cracking., Skier triggered soft slab on a convex rollover. Occurred on the bottom 1/3 of coneys no other signs of instability or cracking.,Below Treeline,Soft Slab,-170441.85121493274,4687626.786449861
1771,5e65995f-07d5-4949-bd9f-b99a1bfc6c5d,2025-01-02, Estimated,-106.4103123,39.3692317, 1,>TL, NE,HS, N, R3, D3, Sawatch, Homestake Peak. , -, Observed from Ski Copper Parking area. ,Above Treeline,Hard Slab,-101335.50169885371,4747591.546974947
1772,67b83223-1c5a-4a40-aeba-c08ea417403b,2025-01-02, Estimated,-107.0375105,38.8411729, 1,>TL, E,SS, AS, -, D2, Gunnison, Axtel - 6th Bowl, Remotely triggered avalanches on northeast and east features near the summit of Axtel and one older avalanche from earlier this week in the Anthracite Range., We remotely triggered this from the ridge directly above while looking down into the bowl.,Above Treeline,Soft Slab,-171154.88594931108,4672144.4502773015
1774,612791d7-529d-4715-b2ea-8449bd880f96,2025-01-02, Known,-106.2240812,39.2550289, 4,<TL, NW,SS, AS, R1, D1, Sawatch, Little Ellen Ridge. , -,  Tailings piles in wind drifted,Below Treeline,Soft Slab,-80604.35047698318,4731226.264039217
1776,adc1765c-f21e-4bcc-8be7-d6bb7f8ff715,2025-01-01, Estimated,-107.0456727,38.7974955, 1,TL, E,SS, U, R3, D2.5, Gunnison, Carbon Peak east bowl, Probably ran New Year’s Eve or earlier. Maybe early New Year’s Day. Hard to tell if the dusting from New Year’s Eve was in the track or not. Could have been remotely triggered by skin track on ridge or natural. Not sure on D size of avalanche. Big east bowl on carbon. Crown was at least 150-200 yards long. Could not see extent of crown directly below skin track. Maybe 1.5-2 feet deep at crown. Looked like it entrained more snow further down avi track. Ran to flat area in bottom of bowl. To the ground most of the way down. Deposition field looked big. Not sure how deep. Persistent slab or wind slab below ridge line., -,At Treeline,Soft Slab,-172063.49789706446,4665929.367465008
1777,6fbfb0ee-f517-4d25-ba94-281869aaca4f,2025-01-01, Estimated,-107.0718648,38.8610343, 2,<TL, NE,SS, AS, -, D1.5, Gunnison, Elk Creek, We remotely triggered all avalanches from the ridge above. We didn't stomp on the snowpack or try to get near the steep breakovers. Collapsing was continuous throughout the tour and often connected to the steep terrain below. Even in this short vertical terrain generally only 400 feet avalanches gain enough volume to hurt or bury a person., -,Below Treeline,Soft Slab,-174979.18913187122,4674971.903429004
1778,5709ad3c-b309-4a5c-8ccc-40e557908cce,2025-01-01, Estimated,-107.6772594,37.8776715, 1,<TL, NE,SS, AS, R1, D1.5, Northern San Juan, Georgia Gulch, -, -,Below Treeline,Soft Slab,-242371.407732868,4535921.780158529
1781,e902b39c-278a-4649-8fb9-c557e239b501,2025-01-01, Estimated,-107.0449112,38.8641569, 1,<TL, SE,SS, -, R2, D1.5, Gunnison, Kebler Road, -, -,Below Treeline,Soft Slab,-171978.72810482586,4675416.506707117
1782,b32ac6ab-2dda-48f2-b2ea-ea0079edd566,2025-01-01, Known,-106.1931741,39.5568341, 1,TL, NE,SS, AS, R2, D2, Vail & Summit County, -, -, -,At Treeline,Soft Slab,-77163.78784308558,4774533.688254355
1784,c73994bc-281b-4360-a157-913030bb6ddb,2025-01-01, Estimated,-106.9422613,39.1156353, 1,>TL, E,SS, N, -, D2, Aspen, East face of Sievers Mountain, A large avalanche likely on Sievers Mountain on the east face above West Maroon Creek seen from a distance, -,Above Treeline,Soft Slab,-160551.793506845,4711287.504651817
1785,025955c7-c158-48ab-a167-4ba9ac732645,2025-01-01, Known,-106.1643214,39.4285956, 1,<TL, NE,SS, AS, R1, D1, Vail & Summit County, -, Remotely trigger a small slope from ~20m at the Mayflower Gulch car park when stepping off the plow berm., -,Below Treeline,Soft Slab,-73951.91997107466,4756109.061276672
1786,440d275b-6abc-4cfb-a9be-e05896954219,2024-12-31, Estimated,-105.6963352,39.8737366, 1,>TL, NE,HS, U, R3, D2.5, Front Range, Observed from trailhead parking lot., From the parking lot we were able to see a large crown above Heart Lake and just below the Continental Divide. The crown is estimated to be 6-7 feet at the largest point. Avalanche cleared out the slope to ground and most likely ran all the way down to Heart Lake and possibly over it. I estimate it to be an R4 D3 from the crown size. This was one of the larger avalanches I've seen in that area in 20 years of riding in this zone and is indicative of the avalanche problem for all of James Peak Wilderness right now- lots of wind loading on a thin weak base. Big steep slopes coming down from the Continental Divide are reaching their tipping point and are capable of producing large deadly avalanches. Unfortunately by the time we got to treeline there was no visibility to safely make further observations., If the avalanche was indeed an R4 that would put it at about 1200' wide.,Above Treeline,Hard Slab,-21855.93448879499,4820212.419101982
1787,8de929b1-470e-4593-8e82-a1a507e4a8c8,2024-12-31, Known,-107.1066825,39.210465, 2,TL, E,SS, AS, R2, D2.5, Aspen, -, Remotely triggered a few avalanches on small terrain features that broke about as big as possible for those small slopes. Around 11000 feet we remotely triggered a large avalanche from the ridgeline that sympathetically triggered two more large avalanches spanning over a thousand feet across the slope., -,At Treeline,Soft Slab,-178855.07776646386,4724847.5396181
1790,61a80c2f-83da-4e9c-9ab5-42e15dba86f5,2024-12-31, Estimated,-106.1623722,39.4212502, -,TL, NE,SS, AS, R2, D1, Vail & Summit County, -, Remotely trigger this small test slope from ~30m away. Cracking and collapsing extended another ~40m on to lower angle slopes. The December drought layer was the culprit. , -,At Treeline,Soft Slab,-73734.93601961985,4755054.749258378
1791,384026b0-b728-469b-9b39-0d6baa3425bf,2024-12-31, Estimated,-106.2254747,39.5393478, 1,<TL, E,SS, AS, R2, D1.5, Vail & Summit County, Skiers left side of Black Lake cliffs., All 5 avalanches were remotely triggered on an East Aspect near 11100 feet in the Black Lake Cliffs zone on Vail Pass. The first avalanche was triggered while skinning up a low angle slope connected to a very small steeper slope. The second avalanche a small slab above cliffs was triggered from above the cliffs while skinning. The final 3 and largest slides were triggered remotely when a skier in our party skied a pillow line and landed causing the a collapse that shot 100s of yards in either direction and triggered avalanches on adjacent steeper slopes., Released sympathetically to 2 larger D2 avalanches.,Below Treeline,Soft Slab,-80759.47418740374,4772019.330820919
1795,f4bd69c9-0710-4df7-99ed-1d2686292acb,2024-12-31, Known,-105.9030681,39.6955423, 1,>TL, SE,HS, AS, R4, D3, Front Range, -, -, -,Above Treeline,Hard Slab,-44869.335647011416,4794501.242480616
1796,b166a00f-c010-46af-991c-e757ab1fba8e,2024-12-31, Known,-106.516515,39.604225, 1,>TL, N,SS, AS, R1, D1.5, Vail & Summit County, -, -, -,Above Treeline,Soft Slab,-113157.93218372433,4781351.246320612
1797,7b4892d9-3f65-4c09-bc9a-a095aad3a9a2,2024-12-31, Estimated,-105.9416,39.6861791, 1,>TL, E,HS, AR, R2, D2.5, Vail & Summit County, -, -, -,Above Treeline,Hard Slab,-49158.68713430836,4793152.1044060355
1798,7fb98f26-997e-4999-a16c-35320ffe6d03,2024-12-31, Estimated,-106.2550081,39.5239317, 1,TL, E,SS, AR, R2, D2, Vail & Summit County, -, -, -,At Treeline,Soft Slab,-84047.11723679645,4769803.177271103
1799,36d6bb41-2825-4fe0-a123-0b49378b26ab,2024-12-31, Estimated,-106.8785335,39.1200254, 3,>TL, NE,SS, N, R1, D1.5, Aspen, K chutes," """"there was a flurry of avalanche activity on Highlands Ridge in the last two days. Multiple Crowns in South Highlands Bowl with debris making it to the lower apron above the creek. at least D2. Slightly older slide on Thumb and Index in Five Fingers that rolled just below the upper apron (picture) Smaller slides in K1 K2 and K3. D1 to D1.5s""""", -,Above Treeline,Soft Slab,-153457.64726146986,4711914.854101898
1801,29f4ac1c-06fe-4079-ae18-27e7bbf9327c,2024-12-31, Estimated,-106.1516265,39.501419, 1,>TL, SE,SS, N, R2, D2, Vail & Summit County, -, -, -,Above Treeline,Soft Slab,-72538.73016740354,4766567.737054207
1803,7ce688f0-f813-4522-8082-e7d38b13dd66,2024-12-31, Estimated,-106.510057,39.5508671, 1,>TL, E,-, -, -, -, Vail & Summit County, -, -, -,Above Treeline,Unreported,-112439.0309121812,4773675.620727826
1804,4bfeab1b-ab0a-41cb-986f-dacdc6073cbb,2024-12-31, Estimated,-106.4158958,39.836142, 1,<TL, NE,SS, AM, R2, D1.5, Vail & Summit County, Elliott Ridge in the Gore Range., -, -,Below Treeline,Soft Slab,-101957.05407569841,4814782.404384127
1805,9c00da96-2234-48a4-8fa7-e5fdacc59ab5,2024-12-31, Known,-106.2956372,39.6009922, 1,TL, NE,-, AS, -, -, Vail & Summit County," """"NBA""""", -, -,At Treeline,Unreported,-88569.92796018561,4780886.032928407
1807,f05e1f56-289b-4368-9147-5182930adcdf,2024-12-31, Estimated,-106.2398472,39.3468317, -,>TL, NE,U, N, R3, D2.5, Sawatch, Almost the entire bowl just to the north of question mark bowl slid. Lots of cracking extended into flatter terrain on N side of slide. , -, Crown high varied dramatically based on wind loading patterns. At its biggest the crown was maybe 10-15'. We couldn't see the debris. ,Above Treeline,Unreported,-82359.41356882852,4744379.498859767
1808,310ae249-87a3-4ddb-9f25-6e1fca8d950a,2024-12-31, Estimated,-105.7835353,39.8119873, 1,>TL, E,-, N, R3, D2.5, Front Range, -, -, -,Above Treeline,Unreported,-31563.005217917755,4811295.176141859
1811,27f12608-ce9a-4a42-b6f0-5f198cb6ed15,2024-12-31, Estimated,-107.0404713,38.8879302, 1,>TL, E,SS, AS, R2, D2, Gunnison, Coon Basin Bowl, The avalanche was triggered from around 11800 feet and released around 11900 feet on an east-facing slope., -,Above Treeline,Soft Slab,-171484.48069765125,4678802.0518702455
1812,12064649-e5bc-44fb-9002-eda79838d1ef,2024-12-31, Estimated,-105.6941393,39.613107, 1,>TL, SE,-, AS, R2, D1.5, Front Range, -, -, -,Above Treeline,Unreported,-21611.488018962496,4782629.515844272
1815,76498e71-7368-4dc5-97f4-696f28eb046d,2024-12-31, Estimated,-107.504378,39.833616, 1,<TL, E,SS, AK, R2, D1, Steamboat & Flat Tops, -, The avalanches we saw were old. We talked with the groomer doing trail maintenance who said he triggered the road cut a few days back with his snow cat. , -,Below Treeline,Soft Slab,-223126.33831723992,4814417.666417487
1816,d782a26c-87e7-44d9-b7cf-37fd37ed8470,2024-12-31, Estimated,-106.6248819,40.3865679, 1,<TL, NE,SS, AM, R1, D1, Steamboat & Flat Tops, -, -, -,Below Treeline,Soft Slab,-125221.28031057007,4894585.767424548
1817,dfd0a243-6e07-428e-bb48-a34f1f046b56,2024-12-31, Estimated,-106.8087219,39.1386444, 1,<TL, E,SS, U, R1, D1.5, Aspen, McFarlane's, -, -,Below Treeline,Soft Slab,-145686.25549800487,4714575.964950439
1818,19d89bc4-96bf-48db-a656-883b6053bdb6,2024-12-31, Estimated,-106.1120639,39.5090097, 1,>TL, E,HS, AS, R3, D2.5, Vail & Summit County, -, -, -,Above Treeline,Hard Slab,-68134.64168094464,4767658.525704949
1820,249144ee-3b25-4625-bf2c-5e09999ff57c,2024-12-31, Estimated,-106.412651,38.8238315, 1,>TL, SE,SS, U, R2, D2, Sawatch, Cottonwood Pass, -, Buried the road grade south of the Pass,Above Treeline,Soft Slab,-101595.84459197117,4669676.392873651
1821,f78399d3-564f-4f30-9465-b0b4923826db,2024-12-31, Estimated,-107.0638192,38.954704, 1,<TL, NE,SS, AS, R2, D2, Gunnison, Pittsburg Cabins, 1 x D2 old snow interface 20” deep (est) 400 wide x 600 long. Poorly supported slope approximately 38 degrees 1 x D.5. Lower rollers., -,Below Treeline,Soft Slab,-174083.55703674437,4688317.394306123
1823,47136e15-6e60-4570-b4c4-1c49e4445a6b,2024-12-31, Estimated,-106.9719322,38.9045236, 1,TL, W,SS, U, -, D2, Gunnison, Mt. Crested Butte: Banana, -, Could have been remote trigger explosive or natural today or yesterday.,At Treeline,Soft Slab,-163854.74298622282,4681165.787529693
1825,31f87516-4d9e-4841-a265-d07855d2138f,2024-12-31, Estimated,-105.8573097,39.6455015, 2,<TL, N,SS, N, R1, D1, Vail & Summit County, -, -, -,Below Treeline,Soft Slab,-39775.53385949693,4787293.032080617
1826,d8a9a7b8-1f87-44c7-9c12-c0385a2be0e2,2024-12-31, Estimated,-106.1861328,39.2813783, 1,>TL, SE,HS, N, R2, D2, Sawatch, -, -, -,Above Treeline,Hard Slab,-76379.95391256319,4734999.749816841
1827,53e4856b-f516-4038-ac3c-28c85ee61ef8,2024-12-31, Estimated,-105.9056828,39.5651662, 3,>TL, SE,HS, N, R1, D1.5, Vail & Summit County, -, -, -,Above Treeline,Hard Slab,-45160.40271958892,4775731.986777779
1829,54111a64-ef59-4eec-8ceb-9f5bb927fc09,2024-12-31, Estimated,-106.7377193,40.4747325, 1,<TL, N,L, AS, R1, D1, Steamboat & Flat Tops, -, -, -,Below Treeline,Loose,-137782.28222100632,4907429.138766036
1832,8e0fd6b9-b7e8-4d0e-84dc-35e7eae84164,2024-12-31, Estimated,-106.7390198,40.8677535, 2,TL, E,U, N, R2, D2, Steamboat & Flat Tops, -, Several old avalanches in the area on northwest through east., -,At Treeline,Unreported,-137927.05321878323,4964890.383493608
1835,3c6a21a7-d3e2-46de-bcab-f7d46d75468e,2024-12-31, Known,-107.1821922,39.0364045, 1,<TL, NE,SS, AS, R2, D1, Aspen, Triangle Trees," """"Skier triggered this mornings rolls and gully walls are still touchy.""""", -,Below Treeline,Soft Slab,-187260.7791204162,4699972.112122885
1836,aa0cfcb8-0a50-4a83-9a24-7260b8f53a74,2024-12-31, Estimated,-106.0744903,39.4349175, -,TL, NE,SS, N, R1, D1.5, Vail & Summit County, Steep NE facing terrain on shoulder of Mount Helen, -, We dug a snow pit below the slide area (near bridge <TL) and got a PST END 40/100 but were not sure if it was the same failure plane since the PST failed on FC and the avalanche observed appeared to be a Storm Slab.,At Treeline,Soft Slab,-63951.96766167381,4757016.556316086
1837,451f332d-4f78-4d65-a1cf-b824848cfa02,2024-12-31, Estimated,-106.142522,39.616653, 1,>TL, SE,-, N, R3, D2.5, Vail & Summit County, -, -, -,Above Treeline,Unreported,-71525.2218634753,4783139.891191851
1838,d2511401-7919-472c-8863-9cde083b5167,2024-12-30, Known,-107.2918839,39.1581697, 1,<TL, NE,SS, AS, R1, D2, Aspen, Hayes Creek, Several avalanches in Bears Gulch occurred in the last 48 hours. They were likely remotely triggered but could have been naturals all within the same avalanche paths that slid on November 27 (see this observation:  https://avalanche.state.co.us/report/22dab7a5-4f6b-4c57-8b6c-79469fa9f8b7) highlighting how slopes that previously slid may be some of the more dangerous slopes now that we have a new slab. Triggered several avalanches on the north-facing slopes west of Hayes Peak above Hayes Creek some from hundreds of feet away below the slope and some only from a few feet away along the ridgeline., -,Below Treeline,Soft Slab,-199471.60330866507,4717367.37043026
1841,7c7aaa19-6603-44a6-b98d-917033d764c7,2024-12-30, Estimated,-105.879931,39.6613893, -,>TL, SE,HS, N, R1, D2, Vail & Summit County, Idiot's Cornice on Loveland Pass, -, -,Above Treeline,Hard Slab,-42293.72545657879,4789581.046594835
1845,358da836-e168-4717-9a82-66c7b7bbbdeb,2024-12-30, Estimated,-106.9630332,38.9235, 3,<TL, NE,SS, N, -, D1, Gunnison, Snodgrass TH area, -, Ran sometime between 12/28 to 12/30 probably during the wind event.,Below Treeline,Soft Slab,-162864.1108376538,4683869.665154669
1846,09dccd8c-972e-4d2c-be67-a833c0fc9486,2024-12-30, Estimated,-105.6921059,39.9139314, 1,<TL, N,SS, N, R2, D2, Front Range, The Railroad grade below the Trestle. , -, -,Below Treeline,Soft Slab,-21385.130966383214,4826021.315646158
1847,c7fd9a44-0cff-4ccf-9885-f5d9c95bc98f,2024-12-30, Estimated,-106.2253525,39.3400638, 1,<TL, E,SS, N, R3, D2, Sawatch, Roadside Attraction, This avalanche looked fresh on Monday. , -,Below Treeline,Soft Slab,-80745.87094562798,4743409.219975244
1849,5174b6da-c430-4d36-9174-f837f8351c40,2024-12-30, Estimated,-107.0553539,40.761022, 2,<TL, NE,-, -, R1, D1.5, Steamboat & Flat Tops, -, We saw multiple avalanches below the ridgelines of Sand Mountain and Meaden Peak on North through northeast through east aspects. They appeared to be natural mostly D1.5 to D2 on the destructive force scale and small relative to path. It was hard to gauge when they may have run but most appeared to have fairly intact edges so likely towards the tail end of the late December storm cycle and possibly during the 1/4- 1/6 storm., -,Below Treeline,Unreported,-173141.20415133156,4949252.002026829
1851,c23fe73b-43d0-4fdd-ac58-faaff90597ba,2024-12-30, Estimated,-106.1649816,39.392262, 2,>TL, NE,HS, N, R2, D1, Vail & Summit County, -, Multiple avalanches off the shoulder of Bartlett Mountain, -,Above Treeline,Hard Slab,-74025.41309889608,4750895.060030596
1852,8de0e94c-b9f3-44d8-bab0-d3002949dc54,2024-12-30, Estimated,-107.0531401,38.8503247, 1,TL, N,SS, N, -, D2, Gunnison, Mt Axtell. The Quill, -, There were just a few inches of snow on the bed surface of the Quill. This avalanche started on the skiers right side of the bowl then propagated across the bowl lower in the terrain.,At Treeline,Soft Slab,-172894.76506261277,4673447.194391351
1855,570248a4-aa4b-427d-8cf4-67afcb495280,2024-12-30, Estimated,-106.9624239,38.9121756, 2,TL, E,SS, N, -, D1.5, Gunnison, Evan's Basin, -, -,At Treeline,Soft Slab,-162796.2838719138,4682256.005250113
1859,19cf811f-c3ad-40cf-b754-685bf7a2636d,2024-12-30, Estimated,-106.1850588,39.4470477, 1,TL, SE,SS, N, R2, D1.5, Vail & Summit County, -, Avalanche off the a sub ridge of Jacque Peak as seen from Highway 91, -,At Treeline,Soft Slab,-76260.39677945008,4758758.052706865
1863,d0277314-54e6-4b9e-beff-2c2b1e273410,2024-12-30, Estimated,-105.8185136,39.785183, 1,>TL, NE,SS, N, R2, D1.5, Front Range, -, Slab avalanche on the NS slope of Stanley Mountain East side of Berthoud Pass, -,Above Treeline,Soft Slab,-35456.7717627328,4807426.869029168
1867,1d4dd940-28d7-40bb-b94c-bae467e97c75,2024-12-30, Estimated,-105.9340588,39.6826554, 2,>TL, W,-, N, -, D1, Vail & Summit County, -, -, -,Above Treeline,Unreported,-48319.204590339024,4792644.424269442
1869,95e30579-2f01-41e7-8f1a-74e1ca35de56,2024-12-30, Estimated,-107.2552664,40.0219719, 3,<TL, N,SS, N, R1, D1.5, Steamboat & Flat Tops, -, -, -,Below Treeline,Soft Slab,-195395.3618545416,4841652.232616402
1874,f59e6245-8dc9-43b3-bfe1-aa1577cbc190,2024-12-30, Estimated,-106.1317535,39.4137021, 2,>TL, W,-, N, R1, D1, Vail & Summit County, -, Multiple avalanche in the Mayflower Gulch cirque., -,Above Treeline,Unreported,-70326.47792686822,4753971.459642123
1878,7eb44003-58e2-48da-8d08-bd8e612eca34,2024-12-30, Estimated,-107.0898732,38.832404, 1,<TL, E,-, N, -, D2, Gunnison, Anthracites: Friendly Finish, -, -,Below Treeline,Unreported,-176983.87504987296,4670896.369820803
1885,c2a2739a-bc34-4b9c-89bf-ac2d64fb0c30,2024-12-30, Estimated,-106.1701773,39.4205066, 1,<TL, W,SS, -, R2, D1, Vail & Summit County, -, Possible skier triggered persistent slab on a west facing slope blow treeline near Clinton Reservoir. , -,Below Treeline,Soft Slab,-74603.79577721126,4754948.023885034
1891,3643a5a1-ae83-4dc8-9fce-549322db7c9d,2024-12-30, Estimated,-107.713646,37.8413142, 1,<TL, NW,SS, AS, R2, D1.5, Northern San Juan, -, -, -,Below Treeline,Soft Slab,-246421.94551656596,4530816.964399029
1892,bbcd8410-3ed9-4403-9a68-ff4d03d0e798,2024-12-30, Estimated,-107.71205,37.9116445, 1,<TL, N,SS, AS, R2, D2, Northern San Juan, -, -, -,Below Treeline,Soft Slab,-246244.27960926126,4540694.12051859
1893,c47d65e9-7af6-4c66-95c6-0ccc337f74f0,2024-12-30, Estimated,-106.294744,39.4899773, 1,<TL, SE,-, N, -, -, Vail & Summit County, -, -, -,Below Treeline,Unreported,-88470.49739100877,4764923.7840297315
1894,4f5e7060-58e6-4983-9638-a3c399ef891f,2024-12-29, Estimated,-106.9794954,38.9757795, 1,TL, SW,SS, N, R1, D1, Gunnison, -, -, -,At Treeline,Soft Slab,-164696.67455899078,4691322.553045238
1896,d33238f7-940f-4371-b275-7a5214701727,2024-12-29, Estimated,-106.919012,38.8716396, 1,<TL, E,SS, U, R1, D1, Gunnison, -, -, -,Below Treeline,Soft Slab,-157963.6932695447,4676481.991595818
1897,0175278b-27ea-4f64-934c-6a7ec3fc39ec,2024-12-29, Estimated,-107.7825813,37.8493311, 1,>TL, N,SS, N, U, D2, Northern San Juan, -, -, -,Above Treeline,Soft Slab,-254095.78801024915,4531942.374293785
1898,4371291d-efd1-45b3-8ccf-a67164df0143,2024-12-29, Known,-106.1553717,39.4241497, 1,<TL, SW,SS, AS, R1, D1, Vail & Summit County, Small test slope above a gully. Wind exposed., One natural and one human triggered slide on small steep wind-loaded southwest facing test slopes below treeline. In both cases the fresh drifted snow failed on a thin melt freeze crust. Wind slab depth varied from 10-60cm. , -,Below Treeline,Soft Slab,-72955.64392432194,4755470.911674086
1899,9aa873cf-4b57-4a14-a81a-e978bf97fe10,2024-12-29, Known,-106.5661844,39.0783471, 1,TL, E,SS, AS, R2, D1.5, Sawatch, Easterly ridge facing into Graham Gulch. , An avalanche was triggered remotely on an Easterly(105º) aspect at 11815ft from approximately 70-80ft away. The slab communicated a collapse from a lower-angle Northeasterly slope over a ridge onto the steeper Easterly slope., -,At Treeline,Soft Slab,-118687.10449973204,4705960.573241628
1900,dff61dc4-f6b4-43d7-9e3e-4a881a104b8e,2024-12-29, Known,-106.2609886,39.4907132, 1,>TL, SE,SS, AS, R1, D1, Vail & Summit County, -, -, The slides in Pic #2 occurred about 1pm as 2 skiers were skiing down the ridge to ski the lines looker left side of photo.   Skiers were about 20 feet from the crowns.,Above Treeline,Soft Slab,-84712.86345148661,4765029.510550909
1901,3987527b-11ee-442e-a721-5ec69010c83b,2024-12-29, Estimated,-107.0509381,38.8838294, 1,TL, E,SS, N, R2, D1.5, Gunnison, -, -, -,At Treeline,Soft Slab,-172649.63954388688,4678217.97725558
1902,73366437-32b7-4d21-9e61-d0ee5154d4d9,2024-12-29, Estimated,-106.2156139,39.5311507, 1,TL, E,SS, U, R1, D2, Vail & Summit County, Vail Pass , -, Repeat offender. ,At Treeline,Soft Slab,-79661.77495258789,4770840.88852716
1903,af164861-fe50-4340-bb57-4ea66873f97e,2024-12-29, Known,-107.0957158,38.9635121, 1,<TL, E,SS, AS, -, D1.5, Gunnison, -, Good vis today! Many natural avalanches up to D2 in size ran during the past few days. The natural cycle paused today but human triggering (almost all remote) continued. The terrain where we highlighted facet sluffs last week was most active in the last few days: west north and east aspects near and below treeline. Areas like Climax Chutes and Schuylkill Ridge saw extensive activity. Above treeline terrain was quieter but there were a handful of large avalanches. I only saw a few avalanches on southerly aspects; they were on SE aspects above treeline on Bichmond and Augusta., -,Below Treeline,Soft Slab,-177634.27030677986,4689573.232997462
1907,dc34dc07-57e3-4bee-8d75-5b8cc41f05de,2024-12-29, Known,-106.9912465,38.942018, 1,<TL, NE,-, N, -, D1.5, Gunnison, -, -, -,Below Treeline,Unreported,-166004.8010272516,4686508.930010742
1908,4844b05f-bffa-469f-bece-03de1addfc01,2024-12-29, Known,-107.1700766,39.0261029, 1,<TL, NE,SS, AS, R2, D1.5, Aspen, -, -, -,Below Treeline,Soft Slab,-185912.07669776224,4698501.823306297
1909,ee2592e9-0795-4235-8132-4e3fc1e3f2e6,2024-12-29, Known,-107.1718339,39.0219336, 1,TL, NE,SS, AS, R2, D1.5, Aspen, -, -, -,At Treeline,Soft Slab,-186107.69843893265,4697906.824218108
1910,0690ae68-2a26-4da1-ab96-e049fadfba5e,2024-12-29, Estimated,-107.7255097,37.8443352, 1,TL, E,SS, N, R1, D1, Northern San Juan, Battleship. Africa bowl. , 1 Natural D1 avalanche on E facing BTL battleship likely from 12/27 (Africa aka lookers right most slide path not pictured)  3 D1 E facing BTL on Irenes slide path on sides. 1 likely remote triggered D1 NTL NE 12/28 Irenes (pictured), -,At Treeline,Soft Slab,-247742.60655949122,4531241.036941624
1911,2224b0fc-e512-4b86-9940-53593e92c285,2024-12-29, Known,-107.6796669,37.9700038, 1,TL, NW,SS, AS, R1, D1.5, Northern San Juan, Richmond Basin., Remote trigger skinning up mostly low angle ridgeline 11800 NW in Richmond Basin. D1.5 12” deep new/old interface. Slow moving but could knock you over. 30’ wide ran 80-100’. Plenty of collapses NTL none BTL, -,At Treeline,Soft Slab,-242639.40940695317,4548897.305012838
1912,668610bc-6d4b-4da9-a380-d20c7a693311,2024-12-29, Estimated,-107.6241416,37.8900553, 1,>TL, SW,SS, N, R1, D1.5, Northern San Juan, Minihaha basin, -, -,Above Treeline,Soft Slab,-236458.36128480887,4537661.131128362
1914,f184c3f2-99c6-4ac3-8d3e-e80b88c9906e,2024-12-29, Known,-106.2102568,39.3460205, 1,TL, W,SS, AS, R2, D1.5, Sawatch, -, I intentionally remotely triggered three smallish avalanches. I also triggered one large avalanche in a prominent path by skiing down the lower-angle bridge., -,At Treeline,Soft Slab,-79065.42530845958,4744263.196307738
1916,65a843da-f6fa-4377-a17d-b6a631a00201,2024-12-29, Estimated,-106.2567788,39.3142992, 1,>TL, E,SS, U, R3, D2, Sawatch, Chalk Creek area, -, -,Above Treeline,Soft Slab,-84244.2306591454,4739716.348402515
1920,d107b576-46d2-439c-8ac9-76826bced406,2024-12-29, Estimated,-107.1746912,39.024551, -,TL, E,SS, N, -, D2, Aspen, Raspberry Ridge. Area locally known as DJ's Bowl. , -, -,At Treeline,Soft Slab,-186425.77161997548,4698280.348162407
1921,6fe950ab-4959-4060-a080-214df6725708,2024-12-29, Estimated,-106.7312186,40.5346594, 3,<TL, N,SS, N, R2, D2, Steamboat & Flat Tops, -, -, -,Below Treeline,Soft Slab,-137058.62760720792,4916168.689062747
1923,0b4032ee-8b1b-420e-81ee-275c941b1a89,2024-12-29, Estimated,-106.9884282,38.9490213, 1,>TL, E,SS, N, R2, D2, Gunnison, -, -, -,Above Treeline,Soft Slab,-165691.06930634848,4687507.25148322
1924,9dbaec35-4fae-461c-9e8f-de336ddc3840,2024-12-29, Estimated,-107.0561574,38.9678354, 1,<TL, E,SS, N, -, D2, Gunnison, Purple Ridge, Extensive natural avalanche cycle over the past two days on shady aspects in the Slate corridor from Happy Chutes Climax Chutes Schuylkill Ridge and Purple Ridge. Most activity occurred near and below treeline. The alpine was quiet but given the stiff old surfaces up high before the storm it made some sense. There are dozens and dozens of other small D1s throughout the zone NOT coded here and many textured-looking slopes that likely ran early in the storm cycle but are hard to identify so not coded as well., This avalanche failed on 28th or early 29th. Coding reflects the large avalanche off the ridge.,Below Treeline,Soft Slab,-173230.64936218498,4690189.69678171
1926,3fabaee5-2286-4b4c-87e4-7da1402418ad,2024-12-29, Estimated,-107.7337505,37.8665971, 2,<TL, E,SS, AR, R1, D1.5, Northern San Juan, Sams trees , -, -,Below Treeline,Soft Slab,-248659.96821921985,4534366.589046739
1928,35517820-cc07-4d7c-891a-faf504175d88,2024-12-29, Estimated,-107.7036448,37.8840402, 1,>TL, NE,SS, U, R2, D2, Northern San Juan, -, D2 E aspect BTL D2 NE aspect ATL D2+ N aspect NTL D1 N aspect BTL, -,Above Treeline,Soft Slab,-245308.6170252458,4536816.251026722
1929,d185d816-d369-4b6d-9a1a-49ff6fcb2f85,2024-12-29, Estimated,-107.6771154,37.8847913, 2,<TL, N,SS, AS, R2, D2, Northern San Juan, -, Multiple SS-N-D2-O/G BTL from last storm cycle; 30-60cm crowns low in the paths depositing generally 1-2 meters of debris in the creek. x2 SS-ASc-D2-I 50cm x 10m x 100-200m from mid-path stopping on benches., -,Below Treeline,Soft Slab,-242355.37772619413,4536921.7466248935
1933,b9d840a1-aca0-4f15-ac5d-77b6ca6ee00f,2024-12-29, Estimated,-107.7383948,37.9055504, 1,>TL, E,SS, AS, R2, D2, Northern San Juan, Remotely triggered slide on easterly aspect. Skier #4's tracks are the ones closest to the slide, -, -,Above Treeline,Soft Slab,-249176.96933031082,4539837.891349134
1934,9a3a8202-b5c7-4faa-91d6-82047b33a233,2024-12-29, Estimated,-107.7079154,37.8781537, 2,>TL, N,SS, AM, R2, D2, Northern San Juan, US basin. , Remote trigger on a snowmobile from 300’ away. D2 with sympathetic releases of D1-D2. Soft slab ran 200-300 vertical and longer crown was maybe 600 feet, -,Above Treeline,Soft Slab,-245784.01804262766,4535989.501431777
1940,503e9216-9fd8-4ff5-b30b-b42b50989e79,2024-12-29, Known,-106.1502232,39.4279781, 1,TL, NE,-, U, R2, D1, Vail & Summit County, -, -, -,At Treeline,Unreported,-72382.51552597259,4756020.42493967
1941,4720b93f-f50f-48bd-94a2-c4f164091878,2024-12-29, Estimated,-106.3466468,39.7040876, 1,TL, W,SS, N, R2, D1.5, Vail & Summit County, -, -, -,At Treeline,Soft Slab,-94248.29065775465,4795732.690826199
1946,411ba7ff-5eb9-4acb-a911-cfaa85f7bb87,2024-12-29, Estimated,-107.7165188,37.9146196, 1,TL, E,SS, AS, R1, D1.5, Northern San Juan, -, -, -,At Treeline,Soft Slab,-246741.74414971864,4541112.152012296
1947,2ce7ca73-1ad2-4b05-a4cc-b9f11aa4411e,2024-12-29, Estimated,-107.6348695,37.8858637, 2,TL, N,SS, U, R2, D1.5, Northern San Juan, -, -, -,At Treeline,Soft Slab,-237652.58565008914,4537072.372229914
1949,3ed268d6-5a71-41e2-9f1a-b8b83a9dac8c,2024-12-29, Estimated,-106.5437438,39.1065946, 2,TL, SE,-, N, R1, D1.5, Sawatch, -, -, -,At Treeline,Unreported,-116189.02833463618,4709995.704161574
1950,f7d60565-204d-464c-b1bf-925cfffd8682,2024-12-29, Known,-107.7188833,37.8547586, 1,<TL, W,SS, AS, R1, D1.5, Northern San Juan, -, -, -,Below Treeline,Soft Slab,-247004.95908569914,4532704.355076984
1952,b29c06b4-4d6f-4535-a4bc-7abfd847c8ef,2024-12-29, Known,-106.2679305,39.3222781, 9,>TL, E,SS, AS, R1, D1, Sawatch, -, -, -,Above Treeline,Soft Slab,-85485.63222462403,4740859.8273002915
1954,77ed1fa4-f281-4ef6-9af4-85ce9d70d099,2024-12-29, Estimated,-107.7301763,37.8698455, 1,<TL, N,SS, AS, R1, D1, Northern San Juan, Test slope top of Sams , Test slope top of Sams , -,Below Treeline,Soft Slab,-248262.0900952259,4534822.741276613
1964,fc4006cd-5b7e-4143-936b-f7f97ce9dca1,2024-12-29, Estimated,-105.9964432,39.6615125, 1,TL, E,-, N, R2, D2, Vail & Summit County, -, -, -,At Treeline,Unreported,-55263.80423178287,4789598.79079458
1968,fdb5398c-648e-4352-ac90-ad92e44bfe53,2024-12-29, Estimated,-105.861979,39.6499298, 1,>TL, SW,-, N, R1, D1, Vail & Summit County, -, -, -,Above Treeline,Unreported,-40295.3179578588,4787930.701753439
1974,00123f08-07d9-4598-b74e-bd7b29bbad58,2024-12-29, Estimated,-105.7824517,39.8270906, 1,TL, SE,-, AS, R1, D1, Front Range, -, -, -,At Treeline,Unreported,-31442.379417693344,4813475.5036783125
1975,38107b75-2852-40d8-8d5b-7cd68347470f,2024-12-29, Estimated,-105.8828278,39.646844, 2,>TL, E,-, N, R1, D1, Vail & Summit County, -, -, -,Above Treeline,Unreported,-42616.195757509755,4787486.346056776
1976,ef5d9747-7798-4f45-91c4-dc4b432ea5d6,2024-12-29, Known,-107.10191,38.901279, 1,<TL, W,SS, AE, -, D1.5, Gunnison, -, -, -,Below Treeline,Soft Slab,-178323.80549665258,4680703.549324476
1977,5f79a378-cdf6-44bc-be9e-fd2df49d88fd,2024-12-29, Estimated,-105.9037503,40.5334664, 1,>TL, E,-, N, R2, D2, Front Range, -, -, -,Above Treeline,Unreported,-44945.27780363147,4915994.628897618
1978,afff04d3-bf3d-4859-98d5-ac95965b8595,2024-12-29, Estimated,-105.8791783,39.6635979, 1,<TL, E,SS, AS, R1, D1, Front Range, -, -, -,Below Treeline,Soft Slab,-42209.93527585935,4789899.150779765
1980,c4369ace-d099-4b70-b777-749cb6a3605d,2024-12-29, Estimated,-105.8086615,39.7943144, 1,>TL, E,HS, N, R2, D2, Front Range, North of Stanely Mountain , -, -,Above Treeline,Hard Slab,-34360.04100748728,4808744.511545391
1981,f5da0bdb-0ab8-46a6-9157-fbee807b5d00,2024-12-29, Estimated,-105.7993009,39.7989406, 2,>TL, NE,-, N, R3, D2, Front Range, -, -, -,Above Treeline,Unreported,-33318.02378196914,4809412.130120058
1982,54ecbb5c-91e8-49cc-a0b4-669b56a99822,2024-12-29, Estimated,-105.8917347,39.6715061, 2,TL, E,-, AS, R1, D1, Front Range, -, -, -,At Treeline,Unreported,-43607.70733005554,4791038.251182274
1984,495aa86a-3720-4810-90e7-6def3d43b1ad,2024-12-29, Estimated,-105.7880233,39.8213267, 2,>TL, E,U, N, R4, D2.5, Front Range, -, Saw two naturally triggered avalanches that slid overnight (12/28 into 12/29) due to the recent snow and high wind loading.  Both slides were in chutes on the wall near the Broome Hut., Both broke at the top of the path and to close to the ground. Estimated 4ft depth.,Above Treeline,Unreported,-32062.60709259917,4812643.364302253
1985,c74bac7b-2f00-48e1-91f7-81070a893c6d,2024-12-29, Estimated,-106.9193905,40.7662918, 1,<TL, NE,SS, N, R1, D1, Steamboat & Flat Tops, -, Roadside avalanche spotted while driving CR129, -,Below Treeline,Soft Slab,-158005.82769681085,4950023.542690844
1986,ef8c35ed-3de6-4630-a754-00b4f42811a1,2024-12-28, Estimated,-107.1932357,39.0529808, 3,<TL, NE,SS, N, R2, D2, Aspen, Noname and Tsunami area, Several avalanches were seen from Marble and the quarry road all estimated to be naturals that were not there yesterday, -,Below Treeline,Soft Slab,-188490.1359169921,4702338.406878923
1989,e8e5d062-0acc-4e1f-8241-3153563af475,2024-12-28, Estimated,-106.8808362,39.1108056, 1,>TL, NE,SS, N, R1, D1.5, Aspen, K-Chute, -, -,Above Treeline,Soft Slab,-153713.98265291992,4710597.381461107
1992,3b8218f9-22cb-4806-baf8-990ea9c560b1,2024-12-28, Known,-107.0362399,38.9609926, 1,<TL, E,SS, AM, R1, D1, Gunnison, -, -, -,Below Treeline,Soft Slab,-171013.44340430957,4689213.992397027
1993,1549d5af-0b6d-4475-8f59-d5d24753cd33,2024-12-28, Known,-106.9962596,38.9437456, 3,<TL, NE,SS, AS, R1, D1.5, Gunnison, -," Remote/intentionally triggered a handful of D1 to D1.5 soft slabs breaking on December dryspell weak layers (surface hoar and facets). Slabs were about 10"""" to 12"""" thick. Decent views of the east face of Gothic and the NE side of Snodgrass and didn't see any natural activity. ", -,Below Treeline,Soft Slab,-166562.85676654713,4686755.190413932
1994,54e4e8ae-fca4-422b-a595-4be16ee7b1aa,2024-12-28, Estimated,-106.2964195,39.6676077, 1,TL, SE,SS, N, R1, D1, Vail & Summit County, Directly above my snowpit location., -, -,At Treeline,Soft Slab,-88657.01319783395,4790476.707608308
1995,fffbec32-67a4-4976-8040-065a094d3f08,2024-12-28, Estimated,-106.3471419,39.7012596, 1,<TL, W,SS, AS, R1, D1.5, Vail & Summit County, -, -, -,Below Treeline,Soft Slab,-94303.40493764594,4795325.135641082
1997,aa0e0bd2-4e0d-4ce2-b8b0-7799abaa0d6c,2024-12-28, Estimated,-107.1725489,39.0217274, 1,<TL, NW,SS, N, R2, D1.5, Aspen, the Pickle, -, likely triggered by Loose Dry avalanches above ,Below Treeline,Soft Slab,-186187.29187484874,4697877.398418925
2000,3d4ba0fa-dce5-4d95-9714-9feebd039144,2024-12-28, Estimated,-106.2908595,39.5834589, 1,<TL, NE,SS, AS, R1, D1, Vail & Summit County, -, -, -,Below Treeline,Soft Slab,-88038.0768290219,4778363.299177296
2005,aa2275f7-d03c-4660-a598-1045a2bb4cae,2024-12-28, Estimated,-107.7176318,37.9114098, 1,<TL, NE,SS, AC, R1, D1.5, Northern San Juan, Lower entrance into Commodore. , Triggered from the ridge with a cornice stomp. Lower entrance into Commodore. , -,Below Treeline,Soft Slab,-246865.64274297142,4540661.1435318235
2006,78464e6c-35a6-4c3c-a48d-12084066d82a,2024-12-28, Estimated,-107.7315602,37.868832, 1,TL, NE,SS, N, R1, D1.5, Northern San Juan, Sams trees on the ridgeline near Raily boy , Remotely triggered an avalanche while putting in the skin track. Avalanche failed around 50 yard from me. Lots of cracking on the slope. , -,At Treeline,Soft Slab,-248416.14513853658,4534680.419716818
2009,12f5c5af-c76c-4d92-8f4a-e2de43ee0ef7,2024-12-28, Estimated,-107.6645057,37.811941, 1,>TL, SE,SS, AS, R1, D1.5, Northern San Juan, Ophir pass area. 550 side, -, -,Above Treeline,Soft Slab,-240951.67234313872,4526694.617336355
2032,ec036a19-a26e-46c1-b765-7e1ff702cea9,2024-12-28, Estimated,-106.1988047,39.5429071, 1,>TL, E,SS, N, R2, D2, Vail & Summit County, South of Uneva Peak., South of Uneva Peak., -,Above Treeline,Soft Slab,-77790.58336794584,4772531.071279588
2038,b74d5f03-9868-4cc7-b555-4de3ecdc97fc,2024-12-28, Known,-107.1883526,39.0326497, 3,<TL, N,SS, AS, R1, D1, Aspen, Chutes off the backside of Shook's on Marble Peak, It was easy to trigger small avalanches on small steep wind-loaded slopes and many slopes that were not wind-loaded. Several remotely triggered avalanches as well. , -,Below Treeline,Soft Slab,-187946.55171150024,4699436.185837734
2042,d840bf1b-6a9d-493e-aca3-9fb492ddd5b4,2024-12-28, Estimated,-107.5595039,38.1317733, 1,<TL, N,SS, AM, R1, D1, Northern San Juan, -, We observed one small snowmobile-triggered Persistent Slab avalanche on a steep north-facing roadbank below treeline.  , -,Below Treeline,Soft Slab,-229262.92543476092,4571670.6314403415
2043,4b1b482e-93d4-4427-b7d9-7cd9a8475048,2024-12-28, Estimated,-107.7795075,37.8505508, 3,TL, E,SS, AS, R1, D1.5, Northern San Juan, Near top of Ophir Pass on 550 side , -, -,At Treeline,Soft Slab,-253753.61415944775,4532113.6062087715
2049,3e13858e-956e-4ebb-bc30-42e7879e50d4,2024-12-28, Estimated,-107.8433205,37.8054081, 1,TL, N,SS, AS, R1, D1, Northern San Juan, -, -, -,At Treeline,Soft Slab,-260857.24482544,4525777.99004683
2050,34417239-a6ae-4e9f-9942-8027d8f8c4ad,2024-12-28, Estimated,-107.8392133,37.8444216, 1,<TL, NE,SS, AS, R1, D1, Northern San Juan, This is a repeat offender rocky outcrop that faces northeast and usually harbors very weak snow. , -, -,Below Treeline,Soft Slab,-260400.03341285232,4531253.1655897675
2053,39cfa3f5-28e2-4f4e-bd1c-c6ef87360116,2024-12-28, Estimated,-107.7204931,37.9090165, -,<TL, NW,SS, N, R1, D1, Northern San Juan, Shoulder of Brown Mountain above Ironton., -, -,Below Treeline,Soft Slab,-247184.16120197778,4540324.874247331
2055,8418086e-37d0-4731-9c7b-052ec86ac9cb,2024-12-27, Estimated,-107.6496805,37.8924978, 5,<TL, E,SS, N, R1, D1, Northern San Juan, Bank slips along CR 110, Natural bank slips observed along CR 110 and more natural activity near treeline. Hard to pick out crown lines of upper elevation naturals due to the visibility., -,Below Treeline,Soft Slab,-239301.33862822998,4538004.224204703
2057,1902aac9-d5c1-4dc4-8de8-28ce5abf460f,2024-12-27, Estimated,-107.6549477,37.9001508, 2,<TL, W,SS, N, R1, D1, Northern San Juan, Bonita Peak, Natural activity on open west-facing slopes and east-facing below treeline slopes., -,Below Treeline,Soft Slab,-239887.6806501358,4539079.30009754
2060,e5a683d8-29ad-46bc-91d9-58c19bf78c6e,2024-12-27, Estimated,-107.8084862,37.8439505, 1,<TL, NE,SS, N, R1, D1.5, Northern San Juan, -, -, -,Below Treeline,Soft Slab,-256979.50828729884,4531187.033748179
2063,fea047ae-08d7-48d2-b646-b51bfaae73a7,2024-12-27, Known,-107.1873442,39.0326048, 1,TL, E,SS, AR, R1, D1.5, Aspen, Marble Bowl," A backcountry snowboarder triggered an avalanche while descending the east side of Marble Peak. The rider took one turn and heard his partners shout """"Slide"""" so he kept his speed up and cut to the skier's left side of the slope out from underneath the avalanche. He then watched the avalanche travel several hundred feet until the slope angle decreased lower down in the path. His partners descended the bed surface of the avalanche and they all descended back to the trailhead safely.", -,At Treeline,Soft Slab,-187834.29713698346,4699429.777390396
2065,3f887871-7a48-479b-91bc-c36429174cad,2024-12-27, Estimated,-105.8908804,39.69244, 1,>TL, E,-, -, R1, D1, Front Range, -, -, -,Above Treeline,Unreported,-43512.607089070974,4794054.213435731
2066,83223162-83ae-4a79-8caa-14e8433e14ad,2024-12-27, Estimated,-107.0719927,38.9412413, 1,TL, NE,SS, N, -, D1.5, Gunnison, Schuylkill Ridge - FAY, Visibility was poor but we could see two natural avalanches immediately below Schuylkill Ridge. There was enough propagation in these wind-drifted avalanches to make them difficult to manage and it would best to avoid drifted terrain. We intentionally sought out small test slopes in sheltered terrain to get feedback on the developing Persistent Slab problem on northerly slopes and were able to find sensitive avalanche conditions. The entrainment of old snow created debris piles bigger than one might expect from foot-thick soft slabs., This natural avalanche likely ran early in the morning but possibly on 12/26. I made the best guess on size at D1.5 but it could be D2 with available old snow for entrainment.,At Treeline,Soft Slab,-174993.42689474218,4686398.217432729
2067,d2ea8b2b-3f83-4172-aa3b-a0a9127ee814,2024-12-27, Estimated,-105.8801964,39.6523038, -,>TL, SE,-, N, R1, D1.5, Vail & Summit County, Pass Lake, -, -,Above Treeline,Unreported,-42323.2696494363,4788272.571741647
2070,01f89f62-3273-4d48-9cc6-463da709c67c,2024-12-27, Estimated,-106.1945209,39.4539061, 1,>TL, SE,SS, N, R2, D1.5, Vail & Summit County, -, -, -,Above Treeline,Soft Slab,-77313.71293328593,4759742.82792288
2072,f61b3370-89ff-495f-8094-5d8a23a20e84,2024-12-27, Known,-106.1100618,39.5427365, 1,>TL, NE,SS, AS, R1, D1, Vail & Summit County, east ridge of Peak One north side., -, -,Above Treeline,Soft Slab,-67911.76892842737,4772506.542560276
2073,4c549642-5073-45a8-8258-f72200ce59a9,2024-12-27, Estimated,-107.7080115,37.916563, 2,TL, N,SS, AS, R1, D1, Northern San Juan, -, -, -,At Treeline,Soft Slab,-245794.7158456924,4541385.228477513
2075,caa54187-577f-4845-bf1a-32616e684f16,2024-12-27, Known,-106.8154422,38.966156, 1,>TL, E,-, N, -, D1.5, Gunnison, -, -, -,Above Treeline,Unreported,-146434.3558719844,4689950.224907099
2079,2b12b853-f4ef-4add-8fd7-a51c5efb4b29,2024-12-27, Known,-105.8775988,39.6484922, -,>TL, SE,SS, AS, R1, D1, Vail & Summit County, Little Professor on Loveland Pass, -, -,Above Treeline,Soft Slab,-42034.10614015152,4787723.684634934
2086,df58d92b-b326-40fc-ad08-b68de6eb738f,2024-12-27, Known,-107.0368859,38.9383739, 1,<TL, NE,SS, AS, -, D1.5, Gunnison, -, -, -,Below Treeline,Soft Slab,-171085.3557953617,4685989.502327392
2089,0a2758e7-e9d8-4248-8244-b6c2cdb278af,2024-12-27, Estimated,-105.7799114,39.800506, 1,<TL, NE,SS, U, R1, D1, Front Range, -, -, -,Below Treeline,Soft Slab,-31159.594515232733,4809638.047186889
2090,0d2fc6b5-d6f7-48bf-af73-a6a1c249fc6b,2024-12-27, Known,-107.1876705,39.0332118, 1,<TL, N,L, AS, R1, D1, Aspen, North-facing gully off Marble Peak, A small cornice break triggered a Loose Dry gouging into older facets and running hundreds of feet to the low-angle meadows below the slope, -,Below Treeline,Loose,-187870.62068682903,4699516.41309482
2092,807741b9-929b-4b07-b5ae-90356ef22d6b,2024-12-26, Estimated,-107.6997757,37.8938229, 1,TL, NW,SS, AS, R1, D1, Northern San Juan, -, -, -,At Treeline,Soft Slab,-244877.91078341712,4538190.363146759
2093,98354bbd-c36b-4959-b32d-ea501e3498a7,2024-12-26, Known,-105.8102851,39.6029229, 1,>TL, E,-, -, R1, D1.5, Vail & Summit County, -, -, -,Above Treeline,Unreported,-34540.77933273982,4781163.866071506
2094,e52db828-2167-448b-a608-71bb6236c521,2024-12-26, Estimated,-107.4303082,39.3578906, 1,<TL, E,SS, N, R1, D1, Aspen, -, -, -,Below Treeline,Soft Slab,-214880.9258980804,4745965.160125339
2095,4688f604-35a2-49d2-b688-23a0f1b596d9,2024-12-26, Estimated,-107.8194376,37.8895044, 1,>TL, -,HS, AS, R1, D1, Northern San Juan, -, -, -,Above Treeline,Hard Slab,-258198.61255877206,4537583.748896508
2096,12de120d-33e9-4861-9ccf-83782df1e3f8,2024-12-24, Estimated,-107.8209237,37.8483394, -,<TL, N,L, AS, R1, D1, Northern San Juan, -, -, -,Below Treeline,Loose,-258364.04445403948,4531803.153073524
2097,f3cbd2d8-9ddc-4220-a2e9-24f9ac128dcc,2024-12-24, Estimated,-107.6835157,37.8769999, 1,TL, NE,HS, AS, R1, D1, Northern San Juan, -, -, -,At Treeline,Hard Slab,-243067.85586311773,4535827.4598600585
2098,5db30c52-eb0e-4f4f-884b-37aadadcec17,2024-12-23, Estimated,-106.7727053,39.0060832, 1,>TL, NE,SS, N, R2, D1.5, Aspen, Little Italian Pass near Taylor Peak, Easy to trigger long-running Loose Dry avalanches on any slope steeper than 35 degrees on the north side of Green Mountain. Observed a few older slab avalanches in Little Italian Basin and a more recent slab avalanche that likely failed during or just after the small storm on December 23 near Little Italian Pass., -,Above Treeline,Soft Slab,-141676.90592590044,4695645.142939708
2100,f9fe2841-7479-4c6c-a7ce-a83b74824351,2024-12-23, Estimated,-107.1924964,39.0475262, 1,<TL, E,SS, AS, R1, D1.5, Aspen, -, -, -,Below Treeline,Soft Slab,-188407.83741744838,4701559.691743773
2101,3edc80ec-ec36-47f4-865e-f75444ce9566,2024-12-23, Estimated,-105.9044578,39.5110979, 1,>TL, E,SS, N, R2, D1.5, Vail & Summit County, -, -, -,Above Treeline,Soft Slab,-45024.03634336755,4767958.622503486
2102,5dba9661-8776-46c8-8107-c24c05f0ce14,2024-12-22, Known,-106.2594702,39.4949865, 1,>TL, NE,HS, AR, R2, D1.5, Vail & Summit County, -, -, -,Above Treeline,Hard Slab,-84543.83593666455,4765643.476509928
2103,15d41111-3381-4fa7-b5cf-1d916ba5e122,2024-12-22, Known,-107.0551413,38.8877024, 1,>TL, E,HS, AR, R1, D1, Gunnison, Red Lady bowl. , Popped out a D1 windslab as we traversed into the main bowl from the west side ridge of mount Emmons. Crown was roughly 50ft across and ran on bed snow about 1-2ft down., CBAC Comments: The reporting party coded the avalanche as a wind slab on a south aspect. We revised the aspect based on their photos and description; the west side of the Red Lady Bowl is east facing and transitions to southeast in the middle of the bowl so the avalanche was on an east or southeast aspect. Because it likely broke on old weak layers that have been buried for two weeks we revised the problem to a persistent slab.,Above Treeline,Hard Slab,-173117.53762758907,4678769.605554022
2104,38dee26f-0646-4bb5-b0df-4500811ed17a,2024-12-22, Estimated,-106.1239466,39.495961, 2,<TL, N,L, AS, R1, D1, Vail & Summit County, K chute , -, -,Below Treeline,Loose,-69457.41779419343,4765783.493028745
2105,7d620634-b373-4081-b0d0-dfda7d1e4d48,2024-12-22, Known,-106.242406,39.6198738, 3,TL, N,L, AS, R1, D1, Vail & Summit County, -, I intentionally triggered a series of Loose Dry avalanches on a steep north-facing slope that had previously slid. These gained mass and speed as they entrained more snow moving downhill. , -,At Treeline,Loose,-82644.25788187128,4783603.483383593
2107,2d73cc4b-e66e-4c87-83fb-491c497ba220,2024-12-20, Estimated,-107.1902221,39.0334531, 1,TL, N,L, AS, R1, D1.5, Aspen, Marble Peak The Fridge, -, -,At Treeline,Loose,-188154.6634995369,4699550.85349344
2108,133d4d47-9d19-4367-b7d7-dc02ad8d759b,2024-12-20, Estimated,-107.1982641,39.0447012, 1,<TL, NW,HS, AS, R1, D1, Aspen, West side of Raspberry Ridge above Raspberry Creek, Triggered a small slab avalanche on a northwest-facing slope below treeline. The avalanche was on a heavily wind-affected slope less than 200 feet below the ridgeline. The crown of the avalanche was about three to four inches thick and broke around 20 feet wide running about 250 vertical feet. This slope was more wind-pressed than wind-loaded with variable dense wind-hardened snow across the slope. This was the only pocket releasing an avalanche on a 37-degree slope. There was also what appears to be a skier-triggered slab from a day or two ago on a north-facing slope off Raspberry Peak into Raspberry Creek., -,Below Treeline,Hard Slab,-189049.894844497,4701156.410058478
2109,96ad6d87-cd2b-46fd-a8c2-edebecc189ab,2024-12-20, Estimated,-106.4107461,39.8242776, 1,TL, NE,HS, N, R1, D1, Vail & Summit County, -, We saw three old slides that likely ran during or after the Thanksgiving Week storm and one slide that was more recent. They were are all directly beneath the ridgeline on the east side., This slide appeared to break on the December Drought layer but we could not confirm.,At Treeline,Hard Slab,-101383.79209396015,4813069.379573298
2110,aaab5341-e499-42d8-aca5-fb49724eab4b,2024-12-20, Estimated,-105.8536975,39.6100372, -,>TL, SE,HS, N, R1, D1.5, Vail & Summit County, Maid of Orleans in Peru Creek, -, -,Above Treeline,Hard Slab,-39373.425594853106,4782187.701185038
2111,00c1f275-9591-47ff-8f96-37639124d88e,2024-12-20, Estimated,-106.2072243,39.5679317, 1,>TL, E,SS, N, R1, D1.5, Vail & Summit County, Likely above North Tenmile Creek north of Uneva, -, -,Above Treeline,Soft Slab,-78727.8489526283,4776129.745067345
2112,7bfbd62b-d69b-4baf-8782-965952932718,2024-12-20, Estimated,-107.7024426,37.8458335, 1,>TL, NW,HS, AS, R1, D1, Northern San Juan, -, -, -,Above Treeline,Hard Slab,-245174.78873341376,4531451.36713758
2113,2b63f9b2-c8f0-4ae9-b003-108dbc462d73,2024-12-20, Known,-105.8762798,39.7901341, 1,TL, N,HS, AS, R1, D1, Front Range, -, -, -,At Treeline,Hard Slab,-41887.27573179528,4808141.28084751
2114,f194ea55-ff17-40cb-bbc5-d7484b04b799,2024-12-20, Estimated,-106.7701537,38.9664969, 1,TL, NE,HS, AS, R1, D1, Gunnison, -, We intentionally triggered a small hard slab in crossloaded NE facing gulley. There were a couple of similar natural avalanches in this area that likely ran during the big wind events sometime last week also D1 in size. , -,At Treeline,Hard Slab,-141392.86311319118,4689998.834639465
2115,9711a308-6d5b-479b-a4cc-a164d77bafcb,2024-12-19, Estimated,-106.2587276,39.3697591, 1,>TL, SE,-, N, R2, D2, Sawatch, -, -, -,Above Treeline,Unreported,-84461.17008280203,4747667.186013143
2117,a50d26b7-653b-4cf2-a0bc-f4ec42adef44,2024-12-19, Estimated,-105.9308446,39.6823155, 1,TL, W,-, AS, R1, D1, Vail & Summit County, -, -, -,At Treeline,Unreported,-47961.40148303191,4792595.454262742
2118,ab34a940-a2ae-43e3-bfb0-f7c027f9fb4b,2024-12-19, Estimated,-105.7796442,39.7985437, 1,>TL, NE,-, N, R2, D2, Front Range, -, -, -,Above Treeline,Unreported,-31129.849947293274,4809354.850706224
2119,9de57004-5693-44a0-900a-9178b630b09c,2024-12-19, Estimated,-105.8748866,39.564888, -,>TL, SE,HS, N, R1, D1.5, Vail & Summit County," """"Little Bear Mountain"""" above Sts. John just west of Montezuma.", -, Maybe cornice fall triggered? Couldn't really tell...,Above Treeline,Hard Slab,-41732.18541722124,4775691.974516618
2121,7747e5a9-b3f2-449c-8e7a-0182d42d0d90,2024-12-18, Estimated,-105.7828773,39.8442747, 1,>TL, E,-, N, R2, D2, Front Range, -, -, -,Above Treeline,Unreported,-31489.756992975068,4815956.805209089
2122,769fa081-8d8c-4ca6-955a-47d510d74550,2024-12-18, Known,-106.9295409,40.8437583, 1,<TL, N,SS, AS, R2, D1.5, Steamboat & Flat Tops, -, As I was traversing the low-angle saddle of Hahns Peak I remotely triggered a soft-slab avalanche that was small relative to path but large enough to injure a person. This appeared to break on the weak snow that formed during the early December drought (SS-ASr-R2-D1.5-O). I dug a profile above the crown and found that the snowpack was quite shallow (53cm) and consisted of 22cm of decomposing fragments above faceted grains and depth hoar. This occurred on a north-facing slope near the tree line of Hahns Peak. , -,Below Treeline,Soft Slab,-159135.76505615877,4961372.378150873
2123,080f6d3a-fc22-4814-b7e5-dc5a58b7f632,2024-12-18, Estimated,-105.7770153,39.7980258, 1,>TL, E,-, -, -, D1.5, Front Range, -, -, -,Above Treeline,Unreported,-30837.202137946482,4809280.109437487
2124,356604b2-41cb-4c1d-b4d4-7917990b0cd0,2024-12-18, Estimated,-106.1182965,39.5444406, 1,>TL, E,-, N, R1, D1, Vail & Summit County, Peak One in the Tenmile Range, -, -,Above Treeline,Unreported,-68828.4515392626,4772751.559301726
2125,84f5cb83-3cae-4601-8768-73a53d06bcd6,2024-12-18, Estimated,-106.2491092,39.3497593, 2,>TL, NE,HS, N, R1, D1, Sawatch, -, There were a couple of old Wind Slab avalanches from a previous loading event earlier in the week. , -,Above Treeline,Hard Slab,-83390.45469255664,4744799.243106214
2127,aff10c0c-ba9e-4a5e-a4b6-dc86ed731951,2024-12-18, Known,-105.877805,39.6484631, 1,>TL, SE,-, -, R2, D2, Vail & Summit County, The Little Professor, -, -,Above Treeline,Unreported,-42057.06021915265,4787719.494224708
2128,97e4a9f5-f653-4787-8af4-48672a356e6b,2024-12-18, Known,-105.8790044,39.6500313, 1,>TL, E,HS, N, R2, D2, Vail & Summit County, -, -, -,Above Treeline,Hard Slab,-42190.57681641005,4787945.318109361
2129,9407b8f1-3bae-46ac-8ca3-c42fc42d70ab,2024-12-18, Estimated,-105.7552092,39.8082726, 1,TL, N,U, N, R2, D2, Front Range, The shoulder of Mt. Floral, -, -,At Treeline,Unreported,-28409.758189757824,4810758.992314081
2131,a844dbcf-0692-4155-b825-78a92c753554,2024-12-18, Known,-106.1466885,39.4599871, 1,>TL, E,HS, AS, R2, D2, Vail & Summit County, -, -, -,Above Treeline,Hard Slab,-71989.03452186537,4760616.06061048
2132,382cdca1-af6d-4384-a4d8-f5c3f24809c0,2024-12-18, Known,-106.1891336,39.5340621, 1,TL, E,HS, AS, R1, D1, Vail & Summit County, -, -, -,At Treeline,Hard Slab,-76714.00144053569,4771259.424989305
2133,3e3ce311-641b-458a-b304-c17eee21fc12,2024-12-17, Estimated,-107.191821,39.0512481, 1,<TL, NE,SS, N, R1, D1, Aspen, Between Noname and Tsunami, -, -,Below Treeline,Soft Slab,-188332.65223336787,4702091.034834241
2134,5eadd6e1-049b-4894-8d84-50722bdd27c4,2024-12-17, Estimated,-106.5474592,39.3064275, 1,>TL, NE,SS, N, R2, D2, Sawatch, Sellar Peak, Observed a couple of large avalanches likely from November 27 and one widely propagating avalanche on the northeast-facing slopes below the ridgeline of Sellar Peak that likely occurred in the last week. It was easy to trigger small loose avalanches on steep east and northeast slopes but we did not travel on any sustained steep slopes to get these loose avalanches to run more than 10 or 15 feet., -,Above Treeline,Soft Slab,-116602.62477073082,4738588.361447426
2135,6bdd2bc5-f4f5-4e48-9d45-e05deb3fbfc6,2024-12-16, Estimated,-106.8799564,39.117453, 1,>TL, E,SS, N, R1, D1, Aspen, 5-fingers, Recent avalanche activity on wind-loaded slopes above Conundrum Creek, -,Above Treeline,Soft Slab,-153616.0437649188,4711547.250924249
2137,c30fbbfb-7349-44e1-8c46-1966d75a23fd,2024-12-16, Estimated,-105.7972229,39.6520826, 1,>TL, E,HS, AF, R2, D1.5, Front Range, Kelso Mountain, -, -,Above Treeline,Hard Slab,-33086.701880099536,4788240.717138358
2138,646b2e5b-2641-4c2f-baa7-7098b51a9ea5,2024-12-16, Estimated,-106.1910219,39.5314294, 2,>TL, E,C, N, R1, D1, Vail & Summit County, -, I saw one small fresh slab avalanche on a southeast-facing slope. I also several cornice fall avalanches above Lost Lake. Interestingly these avalanches did not trigger any persistent slab avalanches. I also walked above steep east-facing terrain thinking I may remotely trigger an avalanche but no luck., -,Above Treeline,Cornice,-76924.2060349996,4770880.9530606065
2139,8464cb93-3eae-4180-9373-587b2af0fdd3,2024-12-16, Estimated,-107.6230671,37.8885939, -,>TL, E,SS, N, R1, D1, Northern San Juan, -, -, -,Above Treeline,Soft Slab,-236338.74849195156,4537455.856689146
2140,17fd1b5f-03f6-4cf0-81ef-11f077fbfa62,2024-12-15, Estimated,-107.6377938,37.9087067, 1,<TL, W,-, AR, R1, D1, Northern San Juan, -, -, -,Below Treeline,Unreported,-237978.11723701627,4540281.3467770405
2141,98b9d66a-3c26-4dd7-820b-e1f39b4116e4,2024-12-15, Known,-107.6308194,37.9004016, 1,>TL, W,HS, AR, R1, D1.5, Northern San Juan, -, -, -,Above Treeline,Hard Slab,-237201.73058042795,4539114.5338139385
2142,7a4df7f9-7f2a-4b77-b2b8-0392639872ec,2024-12-15, Estimated,-107.702895,37.8707525, 1,>TL, E,-, N, R1, D1, Northern San Juan, -, -, -,Above Treeline,Unreported,-245225.14967104836,4534950.109161329
2143,ecaa65f0-e404-4750-9f95-bf1227850cb6,2024-12-15, Estimated,-106.5772589,39.1446254, 2,>TL, NW,L, N, R1, D1, Aspen, Northwest slopes of Twining Peak above Roaring Fork River, Several notable large avalanches from a couple of weeks ago during the November 16-17 natural avalanche cycle although many had been partially of mostly filled in with wind-drifted and hard to determine avalanche size. A couple of newer avalanches from the most recent snow and wind events mostly confined to cornice falls triggering small slabs and some natural Loose Dry avalanche activity. , Both in gullies,Above Treeline,Loose,-119919.91220052201,4715430.946786856
2144,ae320369-f89d-4052-9b5e-cc64835a855c,2024-12-15, Known,-105.7758384,39.8201462, 1,<TL, N,SS, AS, R1, D1, Front Range, Second Creek Berthoud Pass, -, -,Below Treeline,Soft Slab,-30706.1902292305,4812472.943146161
2145,e201256c-f23e-4d79-a969-a4d1a7d5b54d,2024-12-15, Estimated,-105.9873679,39.6320991, 1,>TL, E,HS, N, R2, D1.5, Vail & Summit County, -, -, -,Above Treeline,Hard Slab,-54253.54645698673,4785363.353976739
2146,7e2f4934-8ffd-44f5-9828-3faa5d447a50,2024-12-15, Estimated,-107.048304,38.9857943, 1,<TL, N,SS, AS, R1, D1.5, Aspen, -, -, -,Below Treeline,Soft Slab,-172356.41287318908,4692750.880899187
2149,d610dbf8-7d32-40df-8585-75da01d6aa3d,2024-12-15, Estimated,-105.7882944,39.8238922, 1,>TL, E,SS, N, R1, D1.5, Front Range, Second Creek Headwall, -, -,Above Treeline,Soft Slab,-32092.78580655189,4813013.739133141
2151,a65dba8b-1937-4722-89bf-b5a9f463c1b4,2024-12-15, Estimated,-105.8785037,39.6471073, 1,TL, SE,-, AS, R1, D1, Vail & Summit County, -, -, -,At Treeline,Unreported,-42134.83914736955,4787524.260519101
2152,94e0b140-c45e-48fe-879c-e004862e103d,2024-12-15, Estimated,-105.8795216,39.6471768, 1,>TL, SE,-, U, R2, D2, Vail & Summit County, This may have been skier triggered or remote from the ridge? There were tracks seen close to the crown. , -, -,Above Treeline,Unreported,-42248.15125704882,4787534.268348662
2154,643e08fc-6827-4737-8d6f-927274300e2a,2024-12-14, Known,-105.7989119,39.7987059, 1,>TL, NE,SS, AS, R1, D1, Front Range, -, -, -,Above Treeline,Soft Slab,-33274.72050004928,4809378.258881947
2157,5d9fedce-ed1e-458d-8858-6577c73a5082,2024-12-14, Estimated,-107.1681262,39.0090372, 1,TL, NE,SS, AS, R1, D1.5, Aspen, Mount Justice , -, The avalanche looks human-triggered with tracks in and out of the slide. ,At Treeline,Soft Slab,-185694.95916291853,4696066.608166585
2158,749f6abb-cdd3-4866-8621-5e68e2cbfac0,2024-12-14, Estimated,-105.8807762,39.652708, 2,>TL, E,SS, AS, R1, D1, Vail & Summit County, -, -, -,Above Treeline,Soft Slab,-42387.81269019767,4788330.780102202
2159,d4f18baa-c6b0-4e50-9d6c-c45101466917,2024-12-14, Estimated,-106.1549841,39.4647154, 1,<TL, N,L, AS, R1, D1, Vail & Summit County, -, -, -,Below Treeline,Loose,-72912.4964896901,4761295.098481145
2162,868fa1da-a23b-4439-aac3-b0900216c708,2024-12-14, Estimated,-106.1346164,39.525123, 1,<TL, N,-, AF, R1, D1, Vail & Summit County, -, -, -,Below Treeline,Unreported,-70645.17449706024,4769974.415854833
2163,56e54a91-7665-4e0c-a2ec-a2a89d601038,2024-12-14, Known,-107.8068539,37.9166838, 2,>TL, NE,SS, AS, R1, D1, Northern San Juan, -, We triggered two small Wind Slab avalanches in loaded pockets on northeasterly slopes above treeline. We also saw evidence of a small natural avalanche cycle that likely occurred sometime around Thursday or Thursday night during a period of intense southwesterly winds. , -,Above Treeline,Soft Slab,-256797.80148247597,4541402.202905692
2164,319d69e0-11e0-4dc9-b554-74f883ac23aa,2024-12-13, Known,-107.1155417,38.819176, 1,TL, E,SS, AS, R1, D1, Gunnison, -, Much of this terrain naturally avalanched during the Thanksgiving cycle. Winds earlier in the week formed a thin slab immediately below a rib from cross loading. This feature avalanched during the Thanksgiving cycle. The snowpack below the slab was fist hard facets 2-3mm in size., -,At Treeline,Soft Slab,-179841.2793992982,4669013.917424661
2165,cc837f7f-52fe-4cde-a7a4-0349ed63c796,2024-12-13, Estimated,-108.0709567,37.3920463, 1,TL, N,SS, N, R1, D1.5, Southern San Juan, Star Peak. , Numerous in the forest on N NE and E in commonly skied tubes between 9600' - 10800'. Larger avalanches seen in paths below Star Peak, -,At Treeline,Soft Slab,-286197.5906955541,4467944.589621351
2166,b2131d8f-ab68-4d6a-bebd-cd96d78d16d0,2024-12-13, Estimated,-105.6705604,39.9195476, 1,TL, E,HS, N, -, D1.5, Front Range, -, Observed one avalanche on Radiobeacon ESE shoulder., -,At Treeline,Hard Slab,-18986.696877496404,4826833.234558346
2167,799a79e6-4ac8-44d4-90a7-d26e8e71aac9,2024-12-13, Estimated,-107.2120493,39.0318365, 1,TL, NE,SS, N, R1, D1, Aspen,  Raspberry Peak., -, -,At Treeline,Soft Slab,-190584.45628898038,4699320.120786101
2170,34f96851-b6e5-452d-aaec-702ba56db41f,2024-12-12, Estimated,-107.8223317,37.8917043, 1,>TL, NE,L, N, R1, D1.5, Northern San Juan, -, -, It may have been triggered by wind-loading. ,Above Treeline,Loose,-258520.7822970787,4537892.761592445
2173,514967e1-27bb-424a-8b54-2e933f3df97d,2024-12-11, Estimated,-107.8525247,37.864863, 1,<TL, NE,L, AS, R1, D1, Northern San Juan, -, -, -,Below Treeline,Loose,-261881.85168259835,4534123.08867256
2174,d7cf9d73-7437-4f43-91dd-8781c5a8a9f4,2024-12-11, Known,-107.1474424,39.0992663, 1,>TL, E,SS, AS, R2, D1, Aspen, -, Observed three more recent avalanches all breaking just under the recent storm snow. One natural avalanche broke on a northeast-facing slope around 10500 feet on on old bed surface from avalanche activity during the Thanksgiving storm.  This is notable because it suggests that  areas that previously avalanched can no longer be considered go-to safe terrain in areas that picked more than about a foot of recent drifted snow. Another natural avalanche consisted of wind-drifted snow on an east-facing slope around 12000 feet.  Lastly a skier triggered a small slab on a steep east-facing roll over around 11800 feet. , -,Above Treeline,Soft Slab,-183392.44907924885,4708948.706312212
2175,f2501a98-cf5a-4b87-8413-c5bd7aa6c7a6,2024-12-11, Estimated,-107.1063233,38.9151124, 1,<TL, NW,SS, AS, R1, D1, Gunnison, -, Avalanche Summary Natural wind slab avalanche activity appeared to be isolated and small (D1-1.5). The largest avalanche observed was on the east face of Mt Owen. Previous wind slab activity was most commen on East to NE facing terrain. Small avalanches were visable a few other aspects too such as NW W and SE. , -,Below Treeline,Soft Slab,-178815.09180537058,4682674.456918569
2176,224c4057-da99-4877-bd67-c5ef79709ee8,2024-12-11, Estimated,-105.8088206,39.7960118, 2,>TL, E,SS, -, R1, D1, Front Range, -, -, -,Above Treeline,Soft Slab,-34377.751938474255,4808989.462357969
2177,48cc1bb1-3f72-44f0-acc1-b0706ce9f08b,2024-12-11, Estimated,-107.8466099,37.8535629, 1,<TL, N,L, AS, R1, D1, Northern San Juan, Repeat offender mine dump. , -, Observed while driving by. ,Below Treeline,Loose,-261223.41915845472,4532536.482798814
2178,706c4346-73ac-4749-8424-1d35b21ca195,2024-12-10, Estimated,-107.1931658,39.0397592, 1,<TL, NE,L, AS, R1, D1, Aspen, Raspberry Ridge above Yule Creek, A skier was caught and carried in a Loose Dry avalanche. The skier was unaware they triggered the avalanche further up the slope and as the avalanche gained mass and momentum it caught up to them and knocked them off their feet losing a ski in the process. The skier was able to self-arrest before being dragged into a stand of trees but lost a pole as well. Other members of the skiers group were able to locate their skis., -,Below Treeline,Loose,-188482.35468458576,4700450.956025864
2180,323fc5ec-bdbc-4426-b763-3cbcb538761d,2024-12-10, Estimated,-107.1046284,38.9744582, 1,TL, NE,SS, N, R1, D1.5, Gunnison, -, -, -,At Treeline,Soft Slab,-178626.4164004251,4691134.1221926855
2181,dbed3209-ade5-448e-b934-e078ffc93094,2024-12-10, Estimated,-107.7432431,37.831509, 2,>TL, E,-, U, R1, D1, Northern San Juan, -, -, -,Above Treeline,Unreported,-249716.67961752415,4529440.68119334
2182,4b18ed74-b411-4bcf-ae6b-7b1e364f9f82,2024-12-10, Known,-107.1014335,38.9617886, 3,TL, E,SS, AS, R1, D1, Gunnison, -, Skier triggered a handful of small soft slabs in steep crossloaded terrain features on E and NE aspects and observed a similar natural that probably ran last night. Visibility of surrounding terrain was limited by cloud cover. , -,At Treeline,Soft Slab,-178270.76175928945,4689327.487936478
2183,333dcf6f-5aa1-466b-a579-0b02a4a43cfa,2024-12-10, Estimated,-107.0386861,38.8454581, 1,TL, NE,HS, N, R2, D1.5, Gunnison, -, -, -,At Treeline,Hard Slab,-171285.75314268933,4672754.420620946
2185,d0e10494-4952-4153-8476-3fb7941cde59,2024-12-10, Estimated,-106.406486,38.8313587, 3,>TL, E,SS, N, R1, D1.5, Sawatch, Near Cottonwood Pass., We saw a few recent Wind Slab avalanches that look liked they ran on Tuesday during a period of strong northwesterly winds., -,Above Treeline,Soft Slab,-100909.55993123197,4670747.602264791
2192,c7326a2f-acd7-4df9-8c21-22c41b47e808,2024-12-10, Known,-107.1928109,39.0393271, 1,TL, E,L, AS, R1, D1, Aspen, Mud Peak, Triggered a small but long-running Loose Dry avalanche that quickly gouged into the old snow gained mass and travelled several hundred feet down a steep (>40 degree) slope., -,At Treeline,Loose,-188442.8473973025,4700389.277555557
2193,272812fa-407b-426a-9e4f-f1addcaa435f,2024-12-09, Estimated,-107.1301754,38.8902657, 1,>TL, E,SS, N, R1, D1, Gunnison, -, -, -,Above Treeline,Soft Slab,-181470.2954317207,4679134.711000558
2202,31eaf7ba-30dc-45e9-b424-6d8c80cbbe84,2024-12-07, Estimated,-107.8370216,37.8057141, 1,>TL, W,L, N, R1, D1, Northern San Juan, Poverty Gulch, One lone small loose dry avalanche was observed on a west-facing slope at an approximate elevation of 12000'. , -,Above Treeline,Loose,-260156.05448488102,4525820.922898354
2203,dee792a3-0305-4ce6-ad9d-2a2bcd7e1408,2024-12-06, Known,-107.8431864,37.8488991, 1,<TL, N,SS, AS, R1, D1, Northern San Juan, This avalanche happened on an old mine dump. , The avalanche we triggered failed on the 11/25 interface where newer snow sits above very weak facets on a steep shady north-facing slope. The avalanche happened on a steep mine dump at a convexity and where the slab was thinner. It was triggered from a hard turn across the top of the convexity and propagated around 30 feet wide. , -,Below Treeline,Soft Slab,-260842.31688172254,4531881.727124955
2204,735b6913-d871-4fd8-a9dc-29348a0192cf,2024-12-04, Estimated,-107.1110379,38.9531048, 1,>TL, S,SS, AS, -, D1.5, Gunnison, Richmond Mountain, Skier triggered a small slab while making a hard jump turn on an unsported south-facing slope at 12500ft. We continued to document the expansive natural avalanche events that preceded Thanksgiving. Most notably adding more large avalanches to southwest-facing slopes and adding another D3 for the east face of Mineral Peak., -,Above Treeline,Soft Slab,-179339.91867666465,4688089.400917703
2205,7b1772c9-b666-404b-8a85-2e6ec51c4118,2024-12-03, Estimated,-105.7658693,39.7994662, 1,TL, N,HS, AS, R3, D2, Front Range, Mines 2 avalanche path on Colorado Mines Peak, This was a hard slab avalanche unintentionally triggered by a backcountry skier. It was medium in size relative to the path and produced enough destructive force to bury injure or kill a person. It broke on faceted snow in the middle or bottom of the snowpack and ran to the ground in many places (HS-ASu-R3D2-G). It averaged two feet deep was over 600 feet wide and ran 800 vertical feet. The avalanche split in two partway down the path and the eastern section funneled through a narrow gully. The western portion of the avalanche swept Skier 1 downhill and ran through small sparse trees in the lower half of the avalanche track. Both sections of the avalanche converged at the bottom and piled debris over six feet deep in the ravine., -,At Treeline,Hard Slab,-29596.435093564483,4809487.98364345
2206,15497f1c-59bf-4656-8291-770ee1cfc087,2024-12-03, Estimated,-105.7668542,39.8023578, 1,TL, N,HS, AS, R3, D2, Front Range, Mines 2 on Colorado Mines Peak, -, -,At Treeline,Hard Slab,-29706.07366004579,4809905.303927241
2207,73b6c541-b8fc-4429-8fd7-df7085789814,2024-12-03, Estimated,-105.7765054,39.7977042, 1,TL, E,SS, -, R1, D1, Front Range, The Big Roll to the looker's right of the Nitro Chutes., Some of the slides in the photographs ran during or immediately after the Thanksgiving week storm. The two coded here likely ran in the last few days., -,At Treeline,Soft Slab,-30780.440329591453,4809233.697689743
2209,136bd9d5-b351-4447-8c76-6114a54677a4,2024-12-03, Estimated,-107.0297809,38.8942789, 2,<TL, NE,L, AS, -, D1, Gunnison, Climax Chutes, Skier triggered several shallow facet sluffs in steep terrain just large enough to push you around or knock you over. Extensive wall-to-wall natural flush in the Climax Chutes from last week's storm and throughout most of the steep terrain which we previously documented. I'm adding a few smaller ones that we couldn't see from the road., -,Below Treeline,Loose,-170294.43081327665,4679706.3606561385
2210,95b97ab9-9e32-49d1-a801-bfc7481376fc,2024-12-02, Estimated,-107.8139662,37.8661515, 1,<TL, W,L, N, R1, D1, Northern San Juan, Triggered by warming late in the day. , The first reports of loose avalanche activity triggered by warming were reported on December 2nd. , -,Below Treeline,Loose,-257589.5390968462,4534304.017843645
2211,cb7c1b5e-adc4-420c-992d-680a3d061538,2024-12-02, Estimated,-106.0750727,39.4327998, 1,TL, NE,SS, N, R2, D1.5, Vail & Summit County, -, -, -,At Treeline,Soft Slab,-64016.80013311352,4756712.555827008
2212,3abcd0b1-36d7-4d0c-915d-9e2a091a721f,2024-12-02, Estimated,-105.9458171,39.4649676, 1,TL, NE,-, -, R2, D1.5, Vail & Summit County, Mt. Guyot, Observation texted to me from a friend., -,At Treeline,Unreported,-49628.13255893332,4761331.318587266
2213,69db20a5-e190-4bb9-8efd-18d9a313cdb2,2024-12-02, Estimated,-106.0747833,39.4344897, 1,TL, NE,-, -, R2, D1.5, Vail & Summit County, Mt. Helen, Observed by a CAIC forecaster from near the Francie's Hut., -,At Treeline,Unreported,-63984.58427247774,4756955.143935133
2214,22db351d-f27c-4ba4-a310-fc3a1e1edcc7,2024-12-02, Estimated,-105.8490805,39.6441809, 1,>TL, NE,HS, N, R1, D1.5, Front Range, -, -, Date unknown,Above Treeline,Hard Slab,-38859.46350586064,4787102.875297196
2218,745744c3-0bfa-4350-934e-db053118cf80,2024-12-01, Estimated,-105.7644509,39.7958203, 1,TL, N,-, -, R1, D1, Front Range, -, I saw two small slides to the west of the Nitro Chutes.  The larger avalanche mentioned was coded in this observation. https://avalanche.state.co.us/report/60cea9fe-7482-4755-a7f2-8218784e04e9, -,At Treeline,Unreported,-29438.539527823257,4808961.826798764
2219,79135c38-f209-4666-a8d6-9531b18c8a4e,2024-12-01, Estimated,-106.259588,39.4935237, 1,TL, SE,HS, AM, R1, D1, Vail & Summit County, -, -, -,At Treeline,Hard Slab,-84556.94937268,4765433.304581105
2222,3b240fbc-e5a8-4502-bf8e-5704b569b071,2024-12-01, Estimated,-105.765542,39.7989773, 1,TL, N,-, -, R3, D2, Front Range, Mines 1, A CAIC forecaster spotted this avalanche on Colorado Mines Peak while driving over Berthoud Pass., -,At Treeline,Unreported,-29560.00022422767,4809417.426570465
2223,56889579-1233-4ac3-a10a-7872db2eeab3,2024-11-30, Estimated,-107.2447277,39.0345274, 2,TL, E,SS, N, R1, D1.5, Aspen, Milton Creek just west of Raspberry Peak, Several natural avalanches were observed in Milton Creek and along the west side of Raspberry Ridge above Raspberry Creek, -,At Treeline,Soft Slab,-194222.19913691859,4699704.188211317
2224,3fd3353a-62bf-4163-9a01-c5bb0cb9d85e,2024-11-30, Estimated,-105.0749655,38.8724713, 1,>TL, -,-, N, -, D1.5, Front Range, -, -, -,Above Treeline,Unreported,47314.62410957313,4676600.426923904
2225,ea8d1bd8-2ad7-4473-bed2-3a1c56cbf187,2024-11-30, Estimated,-107.6280435,37.8810129, 1,>TL, N,SS, N, R2, D2, Northern San Juan, West side of Proposal Peak., One large avalanche and some west and south west loose dry activity, Avalanche ran NW to N,Above Treeline,Soft Slab,-236892.7188059364,4536391.063217903
2227,783fd3e1-2163-40a6-94fa-8a3c46bd41b4,2024-11-30, Estimated,-105.9866694,39.4492699, 1,>TL, NW,HS, AS, R1, -, Vail & Summit County, -, Two people that were staying at Sisters Cabin returned to the hut after skiing up the north ridge of Bald Mt. They saw a slide with one track going into a crown and a little further west they could see what looked like boot kicks climbing back up on the climbers right flank. Slide ran out of sight into a gully. Later views indicated a fair amount of debris in the gully. Spread down 100 feet or so. Probably ran one of the last two days of November. , -,Above Treeline,Hard Slab,-54175.78979266751,4759077.120426251
2228,a74fcef1-f3e9-422e-b7f1-6f87d6682906,2024-11-30, Estimated,-105.7997811,39.8004432, 1,>TL, E,SS, N, R2, D1.5, Front Range, Hoop Creek Headwall , -, -,Above Treeline,Soft Slab,-33371.47940144785,4809628.983849704
2229,a0fbebf9-6d69-479f-ac64-1ff7319b0cf3,2024-11-30, Estimated,-105.8465701,39.6457242, 1,>TL, NE,HS, N, R2, D2, Front Range, -, -, -,Above Treeline,Hard Slab,-38580.00705617262,4787325.099619621
2230,02105113-357f-47a3-a4f3-4667b1d0a81a,2024-11-30, Estimated,-105.7780585,39.828326, 2,TL, E,SS, N, R3, D2, Front Range, Upper Firs Creek, I saw the two avalanches at ~11200 (crown) spanning from the NE to the E aspect. These avalanches seemed to run naturally during the wind event from the night of 11/29/2024 to the morning of 12/1/2024., See snowpit for the crown profile,At Treeline,Soft Slab,-30953.330630741773,4813653.868633447
2231,673ec541-714e-424a-8a0f-324a864f0373,2024-11-30, Estimated,-105.8881962,39.6716361, 1,TL, E,-, AS, R1, D1, Front Range, -, -, -,At Treeline,Unreported,-43213.8033118839,4791056.977534085
2234,5f90977a-2ebf-49e8-a812-47f78b786521,2024-11-29, Estimated,-107.6831991,37.8915069, 1,TL, E,SS, N, R1, D1, Northern San Juan, Main path on Black Jack ridge (that's not Black Jack) Prospect Basin., One avalanche in Prospect Basin coded in the following ob: https://avalanche.state.co.us/report/8e246841-9e4b-4870-85dc-86388e900777. Additional paths pulled that were all NE or E facing., Small pocket on east ridge,At Treeline,Soft Slab,-243032.6121123323,4537865.033085387
2235,52a864d4-42b5-45b5-9b49-bf5644cc67ac,2024-11-29, Estimated,-106.152597,39.644126, 2,>TL, SE,-, N, R2, D2, Vail & Summit County, -, I saw two avalanches on Red Peak that ran after the wind picked up on November 29 2024., -,Above Treeline,Unreported,-72646.7657332179,4787094.970176227
2236,fceb0487-69e6-405e-8527-1cc5d05cd3bd,2024-11-29, Estimated,-105.8872029,39.6616388, 1,>TL, NW,-, N, R1, D1.5, Front Range, -, -, -,Above Treeline,Unreported,-43103.22966167878,4789616.981512969
2237,79b16a72-80b8-47d8-a597-8c9a7ba185d5,2024-11-29, Estimated,-106.2551769,39.3346789, 1,>TL, E,SS, N, R1, D1, Sawatch, -, -, -,Above Treeline,Soft Slab,-84065.90796684215,4742637.282306723
2238,90b943e9-f620-4c1d-af31-10cb388a935e,2024-11-29, Estimated,-105.891647,39.6935669, 1,>TL, E,HS, N, R1, D1, Front Range, -, -, -,Above Treeline,Hard Slab,-43597.94461071317,4794216.592884952
2240,d1135bf3-54f6-4d64-ac86-3dea70cc4f8d,2024-11-29, Estimated,-106.3146044,38.5083391, 1,TL, E,-, N, R1, D1, Sawatch, -, -, -,At Treeline,Unreported,-90681.3470059591,4624880.2500374
2241,474174ef-4ef8-4de9-8228-c05a8744a674,2024-11-29, Estimated,-105.8538992,39.7694312, 1,>TL, N,-, N, R2, D1.5, Front Range, The area just to the north of Hocus Peak avalanched. This was a second hand report from skiers at the trailhead. , -, -,Above Treeline,Unreported,-39395.878736146515,4805154.33039993
2243,d6194df7-ec76-4584-82e5-2fdfb7816783,2024-11-28, Estimated,-107.8963611,37.851731, 1,TL, NE,-, N, R1, D1.5, Northern San Juan, San Bernardo Mtn NE face. , -, -,At Treeline,Unreported,-266761.69740880764,4532279.295495111
2245,3ad0d7fc-db3e-4cd2-a34d-b2ff241e0ddf,2024-11-28, Estimated,-106.2512079,39.3449007, 1,TL, NE,SS, N, R2, D1.5, Sawatch, -, -, -,At Treeline,Soft Slab,-83624.08090788429,4744102.651702074
2246,f641c6a3-37e8-4fac-acb4-dbb841c86f14,2024-11-28, Estimated,-105.7886083,39.8211378, 1,>TL, E,-, N, R2, D2, Front Range, -, -, -,Above Treeline,Unreported,-32127.728994712972,4812616.093831693
2247,3e017917-17d4-4cd8-8bd2-e3f774ad3f77,2024-11-28, Estimated,-107.6842851,37.9623614, 1,>TL, NE,SS, N, R1, D1.5, Northern San Juan, Half moon basin. , Avalanche from 11/26-11/27 natural cycle., -,Above Treeline,Soft Slab,-243153.50507933454,4547822.689012293
2249,a0056738-0475-4308-b1a2-c8b8141c595a,2024-11-28, Estimated,-106.5382778,39.0825399, 2,TL, E,-, -, R2, D1.5, Sawatch, Negro Gulch, There was some natural avalanche activity in this area during the storm. Most avalanches were on the smaller side and the activity wasn't widespread., -,At Treeline,Unreported,-115580.55599796043,4706559.4081344055
2250,f2a401bd-12e9-49d3-b264-d5a29ae42c4a,2024-11-28, Estimated,-105.9478926,39.4682493, 1,>TL, N,-, -, R2, D2, Vail & Summit County, -, These avalanches all likely ran during or shortly after the Thanksgiving Week storm., -,Above Treeline,Unreported,-49859.176162076255,4761802.637241201
2251,30c72a56-af7c-4f49-86d3-270aca6c1c0f,2024-11-28, Estimated,-107.0628924,38.9507913, 1,<TL, W,SS, AM, R2, D2, Gunnison, Upper Slate River, Remotely triggered a large avalanche on a westerly facing slope at 10400ft. Interestingly this slope had old cracks through parts of the slope. The Slate River Drainage is a war zone of avalanche activity. We could spend a lifetime documenting avalanche activity out there. Widespread avalanche activity on northerly to easterly facing slopes. Many more natural avalanches on westerly facing slopes. Some natural avalanche activity on southerly facing terrain but they generally look like they fit in the storm slab category from afar. I'll add many photos to the ob and then start to document the most notable avalanches as time allows. Some of these avalanches were previously documented by Zach. Backster Basion continues on the war zone theme. Looks like some very wide propagating avalanches such as near Daisy Pass. Without being able to see the whole runout it's hard to classify everything. , Remotely triggered a large avalanche on a westerly facing slope at 10400ft. Interestingly this slope had old cracks through parts of the slope. ,Below Treeline,Soft Slab,-173980.38613267653,4687759.580991263
2253,76841771-cb53-4a7f-8cf7-f74f16db1a14,2024-11-28, Estimated,-106.2362189,39.2891964, 1,>TL, NE,SS, N, R1, D1.5, Sawatch, -, Prospect Mountain and Zion 1, -,Above Treeline,Soft Slab,-81955.5130603832,4736119.6516425
2256,f7063df2-576b-4b08-8253-f816d0135210,2024-11-28, Estimated,-105.7096217,39.9004918, 1,<TL, NE,SS, AK, R2, D2, Front Range, -, -, -,Below Treeline,Soft Slab,-23334.980903220352,4824078.661232143
2260,88099b7b-1326-4dfb-bf55-3fccf2013416,2024-11-28, Estimated,-105.7879507,39.8109939, 2,>TL, E,SS, N, -, D1.5, Front Range, -, -, -,Above Treeline,Soft Slab,-32054.525297565644,4811151.78484758
2264,7ce65cf2-fc92-440a-9f49-30a5138e7647,2024-11-28, Estimated,-105.8735932,39.5319601, 2,>TL, NE,-, N, R2, D2, Vail & Summit County, -, Four large avalanches (the smaller side of D2) were reported. Two look fresh from when these photos were taken on Friday 11/29/24. Two look older and likely ran mid-storm., -,Above Treeline,Unreported,-41588.20478783038,4770957.244315828
2265,f39f0865-8a17-4691-a40d-ed2f9435f108,2024-11-27, Estimated,-107.543677,37.8344878, 10,TL, NE,SS, N, R1, D1, Northern San Juan, Maggie Gulch Galena Mtn, -, -,At Treeline,Soft Slab,-227501.0829859247,4529858.773750641
2266,a4eee2f7-e010-4be4-954a-af7a9885b3f0,2024-11-27, Estimated,-107.6506037,37.8902048, 2,<TL, NE,SS, N, R1, D1, Northern San Juan, -, More evidence of an impressive natural cycle was readily available during the tour. Of note one avalanche propagated wide near treeline into tall timber and released smaller sympathetic slides below treeline. The avalanche ran about 1000 ft the entire length of the path.  Many other avalanches observed in the vicinity that are recorded in separate observations., -,Below Treeline,Soft Slab,-239404.10878213108,4537682.130763773
2267,3b327f4d-0eff-4531-bcc9-c0e65654864f,2024-11-27, Estimated,-106.452196,37.0164222, 1,<TL, NW,SS, N, R1, D1, Southern San Juan, -, -, -,Below Treeline,Soft Slab,-105997.97385539173,4415669.382260645
2268,0a93b978-22de-49bf-9cbd-296fb13863fd,2024-11-27, Estimated,-107.1887853,39.0328206, 2,<TL, E,SS, N, R1, D1.5, Aspen, The meadows near the bottom of Money Shot, This observation includes avalanches on Marble Peak and Mud Peak over to Di's Bowl, -,Below Treeline,Soft Slab,-187994.7196551666,4699460.5779387485
2269,493f5c95-b075-43b5-a5b5-6f5c820d24ac,2024-11-27, Estimated,-107.7177771,37.7228548, 2,<TL, N,SS, N, R1, D1, Southern San Juan, Andrews Lake area, -, -,Below Treeline,Soft Slab,-246881.81746498306,4514202.021609508
2270,49a41e07-406d-452a-bdc4-329b52df93fa,2024-11-27, Estimated,-105.9380262,39.6708244, 1,TL, NW,SS, N, R2, D2, Vail & Summit County, Image 3, These slides likely ran during or immediately after the storm Thanksgiving week., -,At Treeline,Soft Slab,-48760.853538112606,4790940.053655837
2271,5aec20fb-27c4-4754-ba50-083c200cc81b,2024-11-27, Estimated,-107.6436585,37.8691698, 1,>TL, NE,SS, N, R2, D2.5, Northern San Juan, South Fork Cement Creek, -, Wide propagation across terrain features. Avalanche appears to be limited to new storm snow.,Above Treeline,Soft Slab,-238630.97265467205,4534727.855336564
2272,0729a182-536b-48d7-819f-39f0288e60cb,2024-11-27, Estimated,-106.3425316,38.8226401, 1,<TL, E,SS, N, R3, D2, Sawatch, -, -, -,Below Treeline,Soft Slab,-93790.18868924276,4669506.853059416
2273,2d4bad27-6f6b-4bd7-aebc-c111d0ad4bb9,2024-11-27, Estimated,-106.9752117,38.9464983, 2,TL, NW,SS, N, R2, D2, Gunnison, Zacharies / Wolf's Lair area, -, -,At Treeline,Soft Slab,-164219.81525627972,4687147.585994924
2274,c95f7a94-ab05-400b-81c7-e13091bc629e,2024-11-27, Estimated,-107.0429213,38.8439698, 1,TL, E,SS, N, -, D2, Gunnison, Red Lady Glades," Extensive avalanche activity some of it very large in size across all of the bowls that we viewed on Axtell. 2nd Bowl to Quill and Pencil to Wang Chung all ran wall to wall about 2 to 3 feet deep fairly late in the AR storm with about 8"""" on their bedsurfaces. The debris out of Pencil/Wang Chung ran impressively far easily a D3. 4th Bowl ran earlier in the storm and the crown wasn't as distinct and the debris wasn't as extensive. 1st Bowl appeared to have many separate slides that released at various times throughout the storm. It was difficult to find any steep terrain unaffected by avalanche activity; the only intact snowpacks were small pieces of hangfire above the crowns on moderate slope angles.", -,At Treeline,Soft Slab,-171757.21345009538,4672542.566599958
2277,92a4c4e2-ee8e-4f81-9a89-169f975949f0,2024-11-27, Estimated,-107.0353265,38.9344463, 4,<TL, NE,SS, N, R1, D1, Gunnison, Washington Gulch Road, Widespread natural cycle from Tuesday to Wednesday's storm on east north and west aspects. The only distinct avalanches that didn't fit this pattern was on windloaded S/SW aspects of Gothic Peak and Zacharys ATL. Extensive flush on most NE facing paths N/BTL and west to northwest was more active than usual probably because of the lighter winds and very shallow/weak existing snowpack there before the storm. Many large slides on Climax Chutes Schuylkill Ridge west side of Gothic and a few other alpine slopes of Emmons that I could see. Ruby Range remained obscured by clouds. , -,Below Treeline,Soft Slab,-170911.7641814189,4685429.694866558
2279,df06d06e-9a21-4187-a079-71bc459d262a,2024-11-27, Estimated,-106.1934321,39.5328878, 2,<TL, NE,SS, N, R1, D1, Vail & Summit County, Vail Pass area, -, -,Below Treeline,Soft Slab,-77192.50827170908,4771090.608074604
2291,d0ace1c1-9626-45c6-a6e2-14bb9dac4c9b,2024-11-27, Estimated,-107.707284,37.8377737, 1,>TL, N,SS, N, R2, D2, Northern San Juan, About 1500ft across and ran at least 800ft down into the gully at the base of the bowl.  , -, Pushing D2.5 with propation ,Above Treeline,Soft Slab,-245713.73091614016,4530319.989392683
2298,15c4dbce-6f4b-49ab-aeff-2c7129b317c9,2024-11-27, Estimated,-107.0163749,38.9600396, 1,TL, W,SS, N, R2, D2, Gunnison, Gothic west side, -, -,At Treeline,Soft Slab,-168802.08171970127,4689078.113121526
2301,41bb6aa0-899e-4171-83a9-c48321f735da,2024-11-27, Estimated,-107.672654,37.8782447, 1,TL, NE,SS, N, R2, D2, Northern San Juan, Minnesota gulch, I observed widespread natural avalanche from this past week's storm. Wide propagation with avalanches at all elevation bands. Avalanches are primarily observed on northerly and easterly slopes. , -,At Treeline,Soft Slab,-241858.73694996792,4536002.281730502
2308,7fe293ef-e81d-48da-a858-c9ac29a9ac6c,2024-11-27, Estimated,-106.2545263,39.5240499, 5,>TL, SE,SS, N, R1, D1, Vail & Summit County, -, -, Small slides that ran at different times during the storm.,Above Treeline,Soft Slab,-83993.48350613205,4769820.167318083
2309,5abd434d-74d6-4aa3-95ee-af13907d7595,2024-11-27, Estimated,-106.1377982,39.4392983, 1,>TL, NE,SS, N, R3, D2, Vail & Summit County, -, -, -,Above Treeline,Soft Slab,-70999.37085286669,4757645.459350971
2319,ae2ee932-800f-4633-9c17-31bc5057ad19,2024-11-27, Estimated,-106.4452306,39.1178157, 1,TL, E,-, N, R2, D1.5, Sawatch, -, A couple of avalanches on Mt Elbert, -,At Treeline,Unreported,-105222.58907422023,4711599.08095257
2320,85893fdd-4de6-4718-ad0c-3f80a06b3510,2024-11-27, Estimated,-105.8687764,39.7781372, 1,>TL, E,-, N, R2, D2, Front Range, -, -, -,Above Treeline,Unreported,-41052.00106457672,4806410.29483182
2321,d4119b53-4020-4841-8fe8-69446a4b5a42,2024-11-27, Estimated,-107.3742542,39.3933115, 1,<TL, N,-, N, R1, D1, Aspen, -, -, -,Below Treeline,Unreported,-208641.0231611538,4751045.628625065
2322,23c165da-ce76-4205-8c43-acbb1e827f21,2024-11-27, Estimated,-105.937679,39.6840312, -,>TL, N,SS, N, R1, D1, Vail & Summit County, -, -, -,Above Treeline,Soft Slab,-48722.20341090988,4792842.6407414535
2323,5ae2d32c-0e6d-48ea-a65f-986f60eafb03,2024-11-27, Estimated,-106.9357795,39.1344677, 2,<TL, NE,SS, N, R2, D2, Aspen, West Willow Creek, -, -,Below Treeline,Soft Slab,-159830.24283141986,4713978.950578801
2325,7a7a3606-d471-4e2e-8617-ebac58d6ac28,2024-11-27, Estimated,-106.9479404,38.8408298, -,TL, NE,SS, N, R1, D1.5, Gunnison, Whetstone, A handful of large avalanches on Whetstone and Anthracites from the storm. , -,At Treeline,Soft Slab,-161183.98802700744,4672095.613825552
2331,c0a6fef8-c1bf-41ff-85b1-ea3896fd5ec5,2024-11-27, Estimated,-105.8653397,39.7807145, 1,TL, NE,SS, N, R2, D1.5, Front Range, -, -, -,At Treeline,Soft Slab,-40669.42937056789,4806782.137764948
2333,6bb63899-877f-4632-9739-b88038a3cc19,2024-11-27, Estimated,-106.772967,38.9255092, 4,<TL, W,SS, N, R1, D2, Gunnison, -, The natural cycle in this area was less impressive than areas closer to Crested Butte. Numerous small avalanches below treeline and some large avalanches near/above treeline. Evidence of some alpine avalanches was obscured with debris barely visible., -,Below Treeline,Soft Slab,-141706.03823664098,4684155.991369869
2338,6dd1725a-cc20-4da5-9e8c-9e4daf9851c7,2024-11-27, Estimated,-107.0470887,38.9873687, 1,TL, E,SS, N, R2, D2, Aspen, -, -, -,At Treeline,Soft Slab,-172221.12629602785,4692975.443039992
2342,a775bcfc-5c38-4ab1-a654-0922a48d6f08,2024-11-27, Estimated,-106.9722157,38.9480636, 2,>TL, SE,SS, N, -, D2, Gunnison, -, -, This coding references the connected crown in the Sporks and the furthest looker's right line.,Above Treeline,Soft Slab,-163886.30206186287,4687370.725334947
2347,bae1cf9b-470a-452f-a839-c7d36f19da28,2024-11-27, Estimated,-105.8797581,39.6617323, 2,>TL, E,-, N, R2, D2, Vail & Summit County, -, -, -,Above Treeline,Unreported,-42274.47831662073,4789630.448139224
2348,9f1d9812-10c0-4b8e-8a57-c658b0836ebd,2024-11-27, Estimated,-106.9030574,38.9445995, 1,<TL, E,SS, N, -, D2, Gunnison, -, General summary of avalanches in the area. Around 3 large avalanches that failed near the ridgeline in the main start zone and a pile of small avalanches. There were avalanches on the majority of slopes over 35 degrees. There was also a mix of avalanche activity that had occurred early in the storm around 11/26 and avalanche activity that occurred late in the storm on 11/27, -,Below Treeline,Soft Slab,-156187.63532173375,4686876.911655987
2349,14ab7ed6-c551-4239-9fdf-92c20ff40fbd,2024-11-27, Estimated,-106.2107418,39.1700559, 1,<TL, N,SS, N, R1, D1, Sawatch, -, -, -,Below Treeline,Soft Slab,-79119.41526149394,4719067.045740512
2352,0b8745f0-9aa3-4174-9524-7254915d6ae6,2024-11-27, Estimated,-106.2195831,39.3537284, 2,<TL, NE,-, N, R2, D1, Sawatch, -, -, -,Below Treeline,Unreported,-80103.62427544485,4745368.340580691
2356,884cc833-05f4-4f20-b057-39406ba35e46,2024-11-27, Estimated,-106.5655221,38.821592, 1,TL, NE,SS, N, R1, D1.5, Gunnison, Park Cone northeast chute, Small (D1.5) slab avalanches ran in the northern-most of the 4 east-side paths on Park Cone and in the north chute that terminates in the river below the dam. I saw no large avalanches along the western side of the Sawatch Range., -,At Treeline,Soft Slab,-118613.37760097932,4669357.707632078
2358,0ea904dd-13a2-413a-810f-3fdd6a2d3d78,2024-11-27, Estimated,-105.6898721,39.8720826, 2,>TL, E,-, N, R2, D1.5, Front Range, -, -, -,Above Treeline,Unreported,-21136.465487849688,4819973.458848507
2360,23fea6bd-9383-4286-869e-4d4d23de4932,2024-11-27, Estimated,-106.1093627,39.4963286, 1,>TL, NE,SS, N, R3, D2, Vail & Summit County, -, -, -,Above Treeline,Soft Slab,-67833.9454724151,4765836.310446028
2361,24fca158-18da-4d9c-8038-7d57a4cff002,2024-11-27, Estimated,-105.8443127,39.8046552, 1,>TL, E,SS, N, R2, D1.5, Front Range, -, -, -,Above Treeline,Soft Slab,-38328.714437657596,4810236.880937154
2362,f3f691b9-5dc6-4a37-9bcf-746fa13cba7a,2024-11-27, Estimated,-105.7624076,39.8879858, 1,<TL, N,SS, U, R1, D1, Front Range, -, -, -,Below Treeline,Soft Slab,-29211.08041228473,4822271.300842661
2363,de94147c-ad86-46fb-ae70-6215e07bfecf,2024-11-27, Estimated,-106.114631,39.5437715, 1,>TL, NE,SS, N, R2, D1.5, Vail & Summit County, -, -, -,Above Treeline,Soft Slab,-68420.40994576097,4772655.354892373
2368,f10f74ca-3423-4644-80e5-9781fc43621b,2024-11-27, Estimated,-106.219911,39.2405532, 2,TL, N,-, N, R1, D1, Sawatch, -, Many small avalanches on northerly-facing road cuts and tailing piles. Most were natural but some of these avalanches may have been triggered by the groomer or other riders. I did not observe any D2s., -,At Treeline,Unreported,-80140.1259364761,4729153.813923125
2374,edfbc1ef-22b5-4c89-ac7e-521b205f0d65,2024-11-27, Estimated,-105.677108,39.9072271, 1,TL, N,-, -, -, D1, Front Range, -, -, date unknown,At Treeline,Unreported,-19715.572375415522,4825052.180904133
2375,f47ad2ec-6d13-455b-907f-18ce40ed7b7c,2024-11-27, Estimated,-106.2419045,39.6188713, 1,<TL, N,SS, N, R3, D2.5, Vail & Summit County, -, -, -,Below Treeline,Soft Slab,-82588.43115723864,4783459.184240753
2377,a621a130-7424-498c-8129-8e49cb3e80dc,2024-11-27, Estimated,-107.785983,37.7172186, 2,>TL, E,HS, N, R1, D1, Southern San Juan, Jura knob, A few natural avalanches were observed near Jura Knob but these slides were small and isolated to just below wind loaded features. This area did not produce large avalanches like the ones observed just to the north outside of the town of Silverton, Just below ridgeline blocks still visible. Heavily wind-loaded. ,Above Treeline,Hard Slab,-254474.46352208036,4513412.164884367
2378,c2e262a5-3668-4acc-9cb4-39ae5dace88a,2024-11-27, Estimated,-106.9296622,40.8438412, 1,<TL, E,U, N, R2, D2, Steamboat & Flat Tops, -, I saw an old avalanche in the East Bowl that likely occurred near the tail end or shortly after the Thanksgiving week storm. , -,Below Treeline,Unreported,-159149.2681103907,4961384.530148535
2379,38e45e38-1415-434a-8d83-645f56010ee3,2024-11-27, Estimated,-106.7431737,40.4560836, 1,<TL, N,SS, N, R4, D2.5, Steamboat & Flat Tops, -, -, -,Below Treeline,Soft Slab,-138389.4632515897,4904711.046049548
2389,1f7e12f5-a445-488c-9a0f-91351eb037dc,2024-11-27, Estimated,-106.5006589,39.7003785, 2,<TL, NE,SS, N, R2, D1.5, Vail & Summit County, -, -, -,Below Treeline,Soft Slab,-111392.8392057574,4795198.159988126
2391,1cf10e79-0c20-4025-a182-077eb25a5f8f,2024-11-27, Estimated,-106.4155768,39.8801341, 1,<TL, U,SS, U, R2, D1, Vail & Summit County, Spring Creek, -, -,Below Treeline,Soft Slab,-101921.54315813514,4821136.747196089
2416,9491f1d9-84c5-4246-ad3c-e858c59f0e01,2024-11-27, Estimated,-105.8571662,39.6338847, 1,>TL, NE,SS, N, R3, D2, Vail & Summit County, -, I saw some old avalanches in Marjorie Bowl near Arapahoe Basin Ski Area. These likely ran sometime last week., -,Above Treeline,Soft Slab,-39759.55951256724,4785620.422977415
2418,ba329a26-d267-4850-a367-c8d42f5c8d4e,2024-11-27, Estimated,-106.293946,39.6726426, 1,>TL, NE,HS, N, R3, D3, Vail & Summit County, Bald Mt, Plenty of avalanches across the compass and at all elevations likely occurred between the 26th and 27th. Some notable ones were on the north side of Bald Mt and the bowl to the north and the west-facing slopes near Birthday Chute. Other smaller avalanches were observed on steep rollovers or the sides of steep gullies throughout the drainages., -,Above Treeline,Hard Slab,-88381.66443735713,4791201.963913855
2419,eeca9ead-c55c-410a-a001-fb9934bca17a,2024-11-27, Estimated,-105.7806808,39.8005677, 1,TL, NE,SS, N, R2, D1.5, Front Range, Lift Line/Rush/Nitro, An avalanche on a northeast-facing slope above Lift Line Rush and Nitro Chutes. A second avalanche skiers right of Lift Line in the trees.  , -,At Treeline,Soft Slab,-31245.24373144812,4809646.951779474
2425,8242fdfe-08a8-45b6-9b00-848520df726b,2024-11-27, Known,-107.8380733,37.8469798, 2,<TL, N,SS, AS, R1, D1, Northern San Juan, -," Above 10500' we found it became very easy to trigger avalanches. As I walked along a flat bench with a steep slope below me I heard an loud whumph felt the snow underneath me collapse and then an avalanche released about 200 feet away on the steep northeasterly slope below me. The avalanche featured wide propagation along a convexity. The same collapse produce large cracks on adjacent slopes at least 200 feet away.  Other backcountry travelers in the area remotely-triggered two more avalanches from a flat ridge as they put in the skintrack. These avalanches released on steep north-facing slopes below treeline. The sensitivity of the slab is best described as """"touchy"""" in this area. ", -,Below Treeline,Soft Slab,-260273.12919334896,4531612.286755177
2427,cb547664-1369-46a1-b1f1-6fdb46ea3d0f,2024-11-27, Estimated,-106.5093106,39.5523037, 1,>TL, E,SS, AS, R2, D2, Vail & Summit County, -, Plenty of old crown lines had drifted back in likely running last night or very early this morning. I remotely triggered a large avalanche from around 200' away along the ridgeline. The maximum height of the crown was pushing seven feet. This is a heavily wind-loaded broad easterly-facing ridge. The slab was still soft and consisted mainly of new or recently drifted snow failing on a thin layer of facets at the ground. , -,Above Treeline,Soft Slab,-112355.94204425428,4773882.200120714
2428,db808622-a683-4cf2-acb1-dcafdfd62e81,2024-11-27, Estimated,-107.6725309,37.7515559, -,<TL, E,SS, N, R1, D1.5, Northern San Juan, West Lime-hwy path, Natural activity observed in the lower Champion hwy path West Lime hwy path Gobbler's Knob- Lime Creek and Quartzite Bowl- Snowdon shoulder. , -,Below Treeline,Soft Slab,-241845.0335206526,4518225.132524772
2429,14966d34-fb0e-4254-9a10-93920136a8cd,2024-11-27, Estimated,-107.7759631,37.6981518, 3,TL, N,SS, N, R1, D1, Southern San Juan, -, Top of coal bank pass East facing rollover/roadcut slid. Crown 12in. , Multiple storm slab aspects SE N and East slid,At Treeline,Soft Slab,-253359.05335628038,4510740.593791746
2430,e5b58107-3cf0-4e0b-8f39-d31ecd4c3eb7,2024-11-27, Estimated,-107.9005983,37.8164362, -,<TL, NE,SS, N, R1, D1, Northern San Juan, Snow Spur NW slide path area., The natural avalanches in the Snow Spur NW area had little to no snow on the ground prior to the storm. The start zone elevation is 10040'. The activity occurred a third of the way down the slope.  The pockets released in the White Lizard were near the bottom of the path and the most north-facing one had deeper coverage before the storm. Similar elevation band of 10100'., -,Below Treeline,Soft Slab,-267233.38035519765,4527325.383656925
2433,bf3c8241-f7b4-4b5b-8a5b-640ed085399b,2024-11-27, Estimated,-107.1550248,39.0528306, 2,TL, NW,SS, N, R1, D1, Aspen, Whitehouse Mountain below the cliff band, A large avalanche that failed naturally occurred on a northwest-facing slope around 11600 feet sometime last night or early this morning., -,At Treeline,Soft Slab,-184236.51798623946,4702316.963062469
2434,de8c4a73-1973-4921-b4dd-53078a98444a,2024-11-27, Estimated,-107.2781642,39.1461553, 5,<TL, E,SS, N, R2, D1, Aspen, Numerous east-facing slopes along the ridgeline between Bears Point and Hayes Peak," Almost every slope capable of producing an avalanche in this area produced an avalanche. Two of the avalanches were large (D2) and occurred on slopes many people consider """"safe terrain for dangerous days"""".", -,Below Treeline,Soft Slab,-197944.33329082915,4715649.657213027
2442,43063e6f-6678-416a-97f1-f7b6048c68e6,2024-11-27, Estimated,-107.2133676,39.03895, 1,TL, W,SS, N, R1, D1.5, Aspen, Just west of The Chelsea into Milton Creek, -, -,At Treeline,Soft Slab,-190731.20877369333,4700335.450161701
2444,17c87622-92db-4ad4-b69a-5b238698b8f6,2024-11-26, Estimated,-107.6900832,37.8650622, 1,TL, NE,SS, N, R2, D2, Northern San Juan, Minnesota Gulch off Ohio Peak, -, -,At Treeline,Soft Slab,-243798.94661890419,4534151.059819067
2445,f7207e4e-79d4-4688-9cfb-8ef7d1c62185,2024-11-26, Estimated,-107.7030122,37.9114155, 2,TL, NE,SS, N, R1, D1, Northern San Juan, West side Red Mountain Pass, Majority of avalanches observed on northerly aspects. All avalanches appeared to have failed near the end of the storm (morning of the 27th) and failed at the new/old interface., Pictured in Observation.Pit dug adjacent to one of the two.,At Treeline,Soft Slab,-245238.19631536937,4540661.944420317
2446,787808fe-c800-431f-b3e3-efc15ada84ff,2024-11-26, Estimated,-107.7296813,37.7949905, 1,>TL, E,SS, N, R2, D2, Northern San Juan, Bear Mountain, Avalanches in foreground of photo coded in another ob., -,Above Treeline,Soft Slab,-248206.98694728347,4524316.471957854
2451,3c6a3eaf-273e-4b62-ad6c-87723f74c6d0,2024-11-26, Estimated,-107.6040633,37.8695676, 1,>TL, E,SS, N, R1, D1.5, Northern San Juan, South Fork of the Animas, -, -,Above Treeline,Soft Slab,-234223.2551528162,4534783.716747211
2452,2f56c73f-1c83-4b96-b1f3-f3761f60597c,2024-11-26, Estimated,-107.705947,37.8387213, 1,TL, E,SS, N, R2, D2, Northern San Juan, Irene's, -, -,At Treeline,Soft Slab,-245564.8967569488,4530453.000314711
2455,1dd6e1ba-ad8b-4ef9-86c8-bbea767dc8a3,2024-11-26, Estimated,-107.7544767,37.9004286, 1,>TL, E,SS, N, R1, D2, Northern San Juan, Ingram Basin, -, -,Above Treeline,Soft Slab,-250967.1982492997,4539118.326924595
2476,376c032d-2d34-4d7a-b424-3c515334ef87,2024-11-26, Estimated,-107.2124783,39.0377985, 1,>TL, E,SS, N, R2, D2, Aspen, East-facing slope above Rasberry Bowl, Avalanche activity in Raspberry Creek, -,Above Treeline,Soft Slab,-190632.21235053116,4700171.086416989
2477,8bb7800e-047a-45e3-82f3-a5cd43f7c16f,2024-11-26, Estimated,-107.1246796,39.1023213, 2,>TL, S,SS, N, R2, D2, Aspen, above North fork of North Lost Trail Creek, -, -,Above Treeline,Soft Slab,-180858.50577421836,4709385.1623389395
2478,9e69486e-1dcc-46ac-b101-d8d21a212ac8,2024-11-26, Estimated,-106.8076457,39.1357604, 1,<TL, NE,SS, N, R1, D2, Aspen, McFarland's, -, -,Below Treeline,Soft Slab,-145566.45346201304,4714163.7243344495
2479,75143a47-2cf1-4357-9256-27273303b964,2024-11-26, Estimated,-107.0022951,39.1675022, 1,>TL, E,SS, N, R1, D2, Aspen, Willoughby Ridge, Several small and large avalanches on Garrett Peak and Mount Daly, -,Above Treeline,Soft Slab,-167234.72555322968,4718701.853238837
2480,511fd0fd-5d60-420f-a9d6-19f1cf0316cf,2024-11-26, Estimated,-107.1175035,38.9951542, 1,>TL, NW,SS, N, R2, D2.5, Aspen, The Blob northwest face propagating to slopes below the flat ramp, Several avalanches on the peak locally known as The Blob and Purple Mountain near the headwaters of Yule Creek., Debris made it down to Yule Creek,Above Treeline,Soft Slab,-180059.66597633803,4694085.989970025
2481,0788092a-46fa-4622-91e4-e31c9156cfdd,2024-11-26, Estimated,-107.1227974,39.0248032, 1,>TL, W,SS, N, R1, D2, Aspen, Treasure Mountain above Yule Creek., Many large avalanches were observed on the south side of Treasure Mountain above Yule Creek., -,Above Treeline,Soft Slab,-180648.98022864785,4698316.339858815
2482,918d1f95-44d4-4335-91a6-c0a47ffc50e4,2024-11-26, Estimated,-107.1232317,38.9144511, 2,>TL, NW,SS, N, R2, D2.5, Gunnison, west side of Ruby Range, Avalanche activity on the west side of the Ruby Range. Avalanche codings are best estimates from a long distance away., -,Above Treeline,Soft Slab,-180697.32628349992,4682580.229677854
2486,bec9463e-24a3-4493-b415-6cc43f683c25,2024-11-26, Estimated,-107.2352473,39.0206216, 3,TL, E,SS, N, R2, D2, Aspen, The Kite and the faces north and south of it into North Anthracite Creek, A large avalanche on the northeast face of Ragged Mountain into Milton Creek and many avalanche in North Anthracite Creek., -,At Treeline,Soft Slab,-193166.8458364025,4697719.596554833
2489,fbc3ca3e-9615-420e-bb7a-6b82f593e140,2024-11-26, Estimated,-107.1717173,39.0154714, 1,TL, W,SS, N, R1, D2, Aspen, Justice West Face Main Bowl, Numerous avalanches off Mount Justice into Yule Creek and North Anthracite Creek, -,At Treeline,Soft Slab,-186094.7185863061,4696984.676211203
2495,b9fcf78c-bc2a-4557-b18e-04cc122e6816,2024-11-26, Estimated,-106.9642515,39.1480297, 1,>TL, N,SS, N, R2, D2.5, Aspen, Buckskin Benchmark, Observed dozens of large to very large avalanches from the Thanksgiving Storm natural avalanche cycle. Only avalanches observed in West Willow Willow and East Snowmass Creeks were included in this observation., The avalanche spanned wall-to-wall across the entire north face,Above Treeline,Soft Slab,-162999.7313732873,4715917.622973424
2497,326e6dd3-df0b-45ea-9359-d8bc95056165,2024-11-26, Estimated,-107.0139212,39.0278986, 1,>TL, NE,SS, N, R3, D2, Aspen, west ridgeline of Mount Bellview on the northeast-facing slopes with a cliff band, Several large and possibly very large (D3) avalanches around Mount Bellview and West Maroon Pass above East Fork of the Crystal River, -,Above Treeline,Soft Slab,-168528.93708514154,4698758.09781454
2501,ad16c586-3e43-4d20-aab7-bba0fb5b644d,2024-11-26, Estimated,-107.1489304,39.1008985, 4,TL, SE,SS, N, R1, D1.5, Aspen, Marble Daly, Several small to large avalanches of the southerly slopes of Marble Mount Daly, -,At Treeline,Soft Slab,-183558.0924815485,4709181.890037331
2504,786d7840-4c9e-4dc7-ad89-a79131ef48e9,2024-11-26, Estimated,-106.7986412,37.5522683, 1,TL, NE,WL, N, R1, D1, Southern San Juan, Minor natural on NNE 37° 2910m, -, -,At Treeline,Wet Loose,-144564.07710716565,4490322.805011009
2506,e2216e77-cffa-411c-8d83-77eeafb9abed,2024-11-26, Estimated,-107.1435987,38.9998884, 1,>TL, N,SS, N, R2, D3, Aspen, North face of Ant Peak, A very large avalanche on the north side of Ant Peak above Yule Creek. The avalanche broke wall to wall and debris made it to the valley floor crossing Yule Creek., Debris made it to the other side of Yule Creek,Above Treeline,Soft Slab,-182964.57035248645,4694761.3505917275
2509,36267f7e-f16e-4fe3-9aca-75756064ce98,2024-11-26, Estimated,-107.1882843,39.1061133, 5,TL, SE,SS, N, R1, D2, Aspen, Elk Mountain ridgeline above Carbonate Creek, Many avalanches along the Elk Mountain ridgeline above Carbonate Creek , -,At Treeline,Soft Slab,-187938.9485902796,4709926.937225687
2510,f17511be-5c3a-44a8-9417-1e9a21a36552,2024-11-26, Estimated,-107.5912984,37.8638243, -,>TL, NE,SS, N, R1, D1.5, Northern San Juan, Otto Gulch/Dome ridge, Activity observed in nearly every drainage ATL on North to East aspects. Destructive sizes were diificult to ascertain in some instances as all slides were viewed from the valley bottom. , -,Above Treeline,Soft Slab,-232802.27298478707,4533977.238352195
2512,2602285b-7093-4e95-b03b-7685d6c21cf8,2024-11-26, Estimated,-106.879597,39.1184141, 3,>TL, E,SS, N, R1, D2, Aspen, Shredder Basin and Level Two, Many avalanches appear to have run mid-storm with a few more pronounced crowns that likely ran toward the end of the storm. Mostly D2 in size with nothing appearing to have made it close to the valley floor. , -,Above Treeline,Soft Slab,-153576.03553992783,4711684.5932277115
2514,eb360132-3949-4131-b843-dbfc84bbd1f1,2024-11-26, Estimated,-107.1336892,39.2218814, 3,>TL, NE,SS, N, R1, D1.5, Aspen, -, Several avalanches on east and northeast-facing slopes along Hell Roaring Ridge between Sopris and Capitol, -,Above Treeline,Soft Slab,-181861.44985847076,4726481.255110339
2517,571ff217-fa57-495f-9bbc-ea160ae3b4ad,2024-11-26, Estimated,-107.195815,39.1120261, 1,TL, N,SS, N, R2, D2, Aspen, North face of Elk Mountain into Big Kline Creek, -, -,At Treeline,Soft Slab,-188777.26227959522,4710771.776063376
2526,12c6d1a9-bdee-4571-bbb1-40f676d9a38d,2024-11-26, Estimated,-106.8396328,38.998145, 3,TL, N,SS, N, R1, D1.5, Aspen, Northerly slopes lower down on Greg Mace Peak, Upper Castle Creek did not miss out on this avalanche cycle. There are many small avalanches along road cuts and on steep slopes directly above Castle Creek below treeline on all aspects. The more significant avalanche activity occurred on larger slopes near and above treeline also on all aspects with the largest avalanches being on east and northeast-facing slopes above treeline. Basically every major avalanche path that threatens the road heading up Castle Creek had an avalanche with Durr 1 being the only one that nearly made it to the valley floor., -,At Treeline,Soft Slab,-149127.24114596832,4694512.639343229
2529,4423eb01-c2dc-42ab-8821-437de0456fb7,2024-11-26, Estimated,-107.3706856,39.3898331, 1,<TL, NW,SS, N, R2, D1, Aspen, Williams Peak area northwest side of the sub-peak south of Williams Peak, Observed a few old avalanches from last week's natural avalanche cycle on November 27 2024., -,Below Treeline,Soft Slab,-208243.76842630908,4750546.601840834
2542,94ffcf61-86d0-4c37-b910-e583d18080df,2024-11-26, Estimated,-107.12289,39.0661205, 1,TL, N,SS, N, R2, D2, Aspen, Scree field near the top of Sheep Mountain, Many large avalanches from the November 26-28 avalanche cycle on the North side of Treasure Mountain. There were also two notable avalanches above Lost Trail Creek that propagated very wide across small terrain features., -,At Treeline,Soft Slab,-180659.28841349614,4704214.519047598
2545,e4f400a1-abee-4f92-b120-cba4ce65b228,2024-11-26, Estimated,-106.8865913,39.1211561, 2,>TL, NW,SS, N, R2, D2, Aspen, Desolation Row and Gully south of it Highland Peak, Several large avalanches along Highlands Ridge above Maroon Creek viewed from Baldy Mountain, -,Above Treeline,Soft Slab,-154354.6374543835,4712076.438585192
2564,13b927f2-d846-4087-a1cc-8401ba6c749b,2024-11-26, Estimated,-107.1229652,39.2139694, 1,>TL, NE,SS, N, R2, D2, Aspen, Hell Roaring Ridge above East Sopris Creek, Saw a few large natural avalanches from last week's natural avalanche cycle including a very large avalanche above Capitol Creek., -,Above Treeline,Soft Slab,-180667.65963920232,4725348.999570539
2565,a0b043e9-a278-4c19-9f1c-aacb24a3eba7,2024-11-26, Estimated,-107.2732019,39.0461741, 1,TL, N,SS, N, R1, D2, Aspen, above Rapid Creek lower down on the ridgeline south of Chair., Avalanches in Rapid Creek on the east slopes of Chair Mountain and south along the ridgeline of Chair., -,At Treeline,Soft Slab,-197391.93258166616,4701366.671249045
2566,14adc200-db4a-49b8-8fb3-fb10bd7a349d,2024-11-26, Estimated,-107.0617629,39.0630796, 2,>TL, W,SS, N, R2, D2.5, Aspen, above North Fork of the Crystal river, -, -,Above Treeline,Soft Slab,-173854.6507678269,4703780.302069317
2583,c866bf0a-93dc-41d6-98a8-d8b4b8c6b136,2024-11-26, Estimated,-106.8021125,39.0714395, 26,<TL, All,SS, N, R1, D1, Aspen, Castle Creek along Castle Creek Road between Aspen and Ashcroft, Many small avalanches on all aspects below treeline in Castle Creek between Aspen and Ashcroft., -,Below Treeline,Soft Slab,-144950.5004555567,4704974.076411779
2590,93561a63-af3c-4c3c-89ea-c31a86af3622,2024-11-26, Estimated,-107.0618816,39.1378677, 4,>TL, E,SS, N, R2, D2, Aspen, Along the ridgeline between Snowmass Mountain and Capitol Peak above Pierre Lakes, Several avalanches around Snowmass Mountain and Capitol Peak around the Pierre Lakes area, -,Above Treeline,Soft Slab,-173867.86439138476,4714464.94133161
2603,8fbfaf70-61c4-47aa-baca-19115a0162db,2024-11-26, Estimated,-107.1601393,39.0014544, 2,>TL, E,SS, N, R2, D2.5, Aspen, East-facing slopes of the Mount Justice Ridgeline into the bowl just west of Ant Peak, Several more notable avalanches in Yule Creek from the Thanksgiving week avalanche cycle., -,Above Treeline,Soft Slab,-184805.86152190104,4694984.759446653
2611,1d8564d4-bef1-4f49-ae1c-e51b2fc93055,2024-11-26, Estimated,-106.3005108,39.6019681, -,TL, NE,SS, N, R3, D2.5, Vail & Summit County, -, It's hard to tell from the photo looking across the highway but with binoculars I could see crowns in Abe's and Old Man's. The crownline in Abe's looked like it extended the entire way across the ridge whereas in Old Man's it was concentrated just below the center cornice., -,At Treeline,Soft Slab,-89112.4546305164,4781026.466698736
2614,f25fa300-cf20-467f-b5b1-67f459d0f128,2024-11-26, Estimated,-106.8755793,39.1347723, 1,>TL, N,SS, N, R2, D2.5, Aspen, Maroon Bowl, Large natural in Maroon Bowl, -,Above Treeline,Soft Slab,-153128.7872217673,4714022.488667985
2616,cc1ad567-8f65-4f60-960e-d592a7e7ae59,2024-11-26, Estimated,-107.1937206,39.0526826, 3,TL, NE,SS, N, R2, D2, Aspen, Tsunami and Noname Bowls, Several natural avalanches on Raspberry Ridge above Yule Creek and above the Crystal River. This observation includes the avalanches on the Carbonate Noname and Tsunami avalanche paths., -,At Treeline,Soft Slab,-188544.11473807902,4702295.833381507
2617,4a7030ff-cae2-4721-a629-b02a7b52d309,2024-11-26, Estimated,-107.2724486,39.0683127, 1,TL, N,SS, N, R2, D2, Aspen, The Cleaver, Several avalanches along northerly slopes on Chair Mountain and the Cleaver, -,At Treeline,Soft Slab,-197308.07560925084,4704527.55993364
2631,c6876d37-6b6a-447c-a424-ed478ff0b6d3,2024-11-26, Estimated,-106.1546337,39.464259, 1,<TL, NE,SS, -, R1, D1, Vail & Summit County, -, -, -,Below Treeline,Soft Slab,-72873.4901401174,4761229.5522019975
2632,77974d7c-fbe6-4269-8e53-0b06cab91920,2024-11-26, Estimated,-108.0627552,37.6928299, 3,<TL, NE,SS, N, R1, D1, Northern San Juan, -, The steep east face of Expectation Mountain produced three different storm slab avalanches with crowns only about 6 inches thick. These likely released during the peak of the storm. , -,Below Treeline,Soft Slab,-285284.6038918131,4509995.032097506
2634,72fe5fe2-cb87-4a87-bf6d-d709d19331d1,2024-11-26, Estimated,-107.8258055,37.8571294, 1,>TL, NE,SS, N, R3, D2, Northern San Juan, -, As people start poking around the hills more and more natural avalanche activity is revealing itself post-storm. , A storm slab released with widespread propagation along a huge section of cliff band near U.S. Grant Peak. ,Above Treeline,Soft Slab,-258907.483944195,4533037.215581435
2641,9fee0e17-89be-45c8-8d3b-7a763528b5a8,2024-11-26, Estimated,-107.0842984,38.9522841, 2,<TL, N,SS, AS, R1, D2, Gunnison, lower Baxter Basin, Triggered a dozen or more avalanches on northerly-facing slopes below treeline. Some we triggered intentionally on small test slopes or from above some we remotely triggered from a couple hundred feet away., -,Below Treeline,Soft Slab,-176363.2911525972,4687972.398070339
2642,26f9ec11-2b4d-4f69-9f3b-ee0e43e6b9e0,2024-11-26, Estimated,-107.0971566,38.8347146, 1,<TL, SE,SS, N, R1, D1.5, Gunnison, Kebler Pass near Windy Point and Gravel Pit, One tiny bank above Kebler ran mid-storm and buried the inside lane., -,Below Treeline,Soft Slab,-177794.6594291165,4671225.223245105
2644,51aefd8a-0b1f-4d79-a17b-85ee56b630e0,2024-11-26, Estimated,-105.8741617,39.5649106, 2,<TL, NE,SS, AS, R1, D1, Vail & Summit County, -, I triggered multiple small avalanches on steep tailings piles with unsupported conex rollovers., -,Below Treeline,Soft Slab,-41651.489918345906,4775695.224967454
2645,7a5d826c-e825-4ed6-a830-3363d7ee5d5b,2024-11-26, Estimated,-107.0727391,38.9463446, 1,<TL, NE,SS, AS, R1, D1.5, Gunnison, -, Every steep slope we traveled near would either spiderweb crack or avalanche on the old weak snow buried by this storm cycle. Visibility was too poor to see any of the surrounding terrain., -,Below Treeline,Soft Slab,-175076.51576267194,4687125.675755767
2647,73205fe2-e61c-4f1a-b747-c4355c6ea3db,2024-11-26, Estimated,-105.8621162,39.646198, 1,TL, NW,SS, N, -, D1.5, Vail & Summit County, Fleas, I saw multiple natural avalanches that likely ran on November 26 2024., -,At Treeline,Soft Slab,-40310.59099199598,4787393.324483168
2657,e6b289d0-244c-47a3-af40-5c1b8d99b676,2024-11-26, Estimated,-107.4664614,38.2464615, 5,<TL, E,SS, N, R1, D1, Northern San Juan, Big and Little Cimarron Creeks, Saw evidence of several small avalanches below treeline on east-facing terrain below treeline from the Thanksgiving storm., -,Below Treeline,Soft Slab,-218905.48171262754,4587846.863656379
2665,6b373722-b628-482b-b1dc-82efe7471b35,2024-11-26, Estimated,-107.911219,37.8257239, 3,<TL, N,SS, N, R1, D1, Northern San Juan, -, We observed many natural avalanches mostly on northerly northeasterly and easterly slopes at all elevations. , -,Below Treeline,Soft Slab,-268415.6712710664,4528628.756119213
2670,f7a44352-52f7-44cb-86db-bb30a1aadffc,2024-11-26, Estimated,-107.0495969,38.8861419, 1,>TL, SE,SS, -, R2, D3, Gunnison, Red Lady Bowl Mt. Emmons, -, -,Above Treeline,Soft Slab,-172500.33784283433,4678547.341137874
2672,96992df3-7f58-4347-9cbe-a44011bcc663,2024-11-26, Estimated,-106.1913628,39.5352136, 2,TL, NE,SS, N, R2, D2, Vail & Summit County, -, I saw multiple D1-2 avalanches on northeast and east-facing slopes near and above treeline. The light and additional snowfall after the slides made it difficult to get good imagery and determine the bed surface., -,At Treeline,Soft Slab,-76962.15484941124,4771424.966979982
2690,91fe64d1-08a0-47a3-a17a-1ec936256e5a,2024-11-26, Estimated,-107.7069611,37.8941117, 1,<TL, N,SS, AS, R1, D1, Northern San Juan, Lower Oh boy , A very small avalanche triggered in a steep rock band. Snow was harder to move than expected. The avalanche started in new snow but gouged into basel facets. , A very small avalanche triggered in a steep rock band. Snow was harder to move than originally expected. ,Below Treeline,Soft Slab,-245677.78585256365,4538230.93179867
2705,a1904a72-e29b-4b17-9e87-f79609b77281,2024-11-26, Known,-107.1880486,39.0325502, 1,<TL, N,L, AS, R1, D1.5, Aspen, Marble Extreme, Easy to remotely trigger large avalanches on northerly and east-facing slopes. , This loose avalanche sympathetically triggered a much larger slab avalanche from the bottom of the slope.,Below Treeline,Loose,-187912.7105862984,4699421.984495603
2710,2f6ff31d-4301-4dec-ae8a-53645a958670,2024-11-25, Estimated,-106.9345984,39.1631403, 2,TL, NE,SS, N, R2, D2, Aspen, Widowmaker near the bottom of West Willow Creek, Several avalanches in West Willow Creek, -,At Treeline,Soft Slab,-159698.7633808441,4718078.109560606
2712,b9aa2aa6-8f38-40cb-ae06-03928506339f,2024-11-25, Estimated,-106.9950857,38.9733456, 1,>TL, NE,-, N, -, D2, Gunnison, Gothic Mountain, -, -,Above Treeline,Unreported,-166432.17881630486,4690975.456836784
2714,7b5407ea-0e97-4d8f-8403-f376d9282a31,2024-11-25, Estimated,-107.0517531,38.9881959, 1,TL, N,HS, AS, R1, D1, Aspen, Mount Baldy, -, -,At Treeline,Hard Slab,-172740.36492888382,4693093.43146706
2715,7f0f2360-72f9-49ab-a722-268afdd75318,2024-11-23, Known,-107.8181766,37.84264, 1,TL, NE,HS, AS, R1, D1, Northern San Juan, West side of Nevada Basin, I was last skier to descend the NE slope. First two turns were soft third turn entered into wind crust and triggered a small slide. I fell back into the slope but was not carried. Slide was approximately 10 feet wide 3 inches deep and slid on the interface of the wind hardened snow and the facets. Slide ran approximately 50 feet. , -,At Treeline,Hard Slab,-258058.23868088188,4531003.071271363
2716,2e5e0c1a-a03f-4624-8434-0b00d95aa1eb,2024-11-23, Estimated,-106.2341584,39.3347971, 1,TL, E,-, AS, R1, D1, Sawatch, -, -, -,At Treeline,Unreported,-81726.13924960452,4742654.225902331
2717,eb66389b-2e7e-46a6-a15b-8ece25c0febb,2024-11-23, Estimated,-105.0647471,38.87976, 1,>TL, E,U, U, U, D1.5, Front Range, -," Visible crown looker's right of """"Cornice"""" just below ridgeline. It is most likely a wind slab avalanche from a natural trigger.", More than a few days old. Might have slid during a wind event before the Thanksgiving storm.,Above Treeline,Unreported,48452.13119429516,4677638.408520809
2718,890d6320-465d-465d-b1e7-2dbd25de3a3d,2024-11-22, Known,-105.7870256,39.8257963, 1,TL, NE,HS, AR, R2, D1, Front Range, -, -, -,At Treeline,Hard Slab,-31951.54363663517,4813288.638308716
2719,7ccb511a-9e60-4230-85f9-bc0b52d055ac,2024-11-22, Known,-107.1703671,39.0142624, 1,>TL, NE,L, AS, R1, D1, Aspen, Mount Justice Yule 1, One skier-triggered Loose Dry avalanche on a very steep northeast-facing slope just below ridgeline around 11700 feet., -,Above Treeline,Loose,-185944.4150098381,4696812.16282925
2720,b997a117-ecf9-415b-850c-d60239db48f0,2024-11-21, Estimated,-107.089708,38.9857272, 1,>TL, SE,L, N, R1, D1, Gunnison, Purple Palace, -, -,Above Treeline,Loose,-176965.485069994,4692741.310304976
2721,ce7a7ba3-70dd-48b1-b94d-c8f137117a83,2024-11-20, Known,-106.1951051,39.55069, 1,TL, SE,C, AR, R1, D1, Vail & Summit County, -, -, -,At Treeline,Cornice,-77378.74577980759,4773650.154500892
2722,86540a1a-30ac-4d9c-b291-2462fb44afb5,2024-11-20, Estimated,-106.2347339,39.338497, 2,>TL, NE,-, -, R1, D1, Sawatch, -, A couple of naturals near Fremont Pass. One in Question Mark Bowl and three on Prospect Mountain., -,Above Treeline,Unreported,-81790.20361655585,4743184.6094471235
2723,1fc6eb12-d056-4c96-9f4d-f17992178535,2024-11-20, Known,-107.8440591,37.845672, 1,TL, NW,L, AS, R1, D1, Northern San Juan, Eldo area. , -, -,At Treeline,Loose,-260939.465401339,4531428.6956851985
2724,020fc24e-efee-429b-8ef9-5a00c6ba1679,2024-11-20, Estimated,-107.0494745,38.9921978, 2,All, W,SS, N, R1, D1, Aspen, Mt Baldy College Bowl (aka Paradise or WSC Bowl), -, -,Across Zones,Soft Slab,-172486.71233716232,4693664.265756854
2726,49f6be9f-771c-449d-8f19-51b6b20400b3,2024-11-19, Estimated,-107.039463,38.9989337, 3,>TL, NE,SS, N, R1, D1, Gunnison, Scarp Ridge, Numerous small storm instabilities ran yesterday both shallow soft slabs and sluffs from upper elevations. I spotted two avalanches that appeared to step down into older snow involving thin harder slabs that formed during last week's wind event; not sure though. These were mid slope on easterly aspects of Gothic and Baldy still small in size., -,Above Treeline,Soft Slab,-171372.2372550847,4694625.153526785
2728,9663fb87-77a8-401e-afd2-c70510e2dca6,2024-11-19, Estimated,-107.0466033,38.9869077, 1,>TL, S,SS, N, R1, D1, Gunnison, Mt. Baldy Rock Creek Bowl., One small Wind Slab avalanche that ran during Tuesday's storm. Mt. Baldy south-facing above Rock Creek., -,Above Treeline,Soft Slab,-172167.09181519673,4692909.688487367
2731,f49d341c-ded5-4cff-afdf-1749c31e0b7a,2024-11-19, Estimated,-107.1926068,39.0450842, 1,TL, NE,SS, N, R1, D1, Aspen, Middle Bowl, One natural avalanche likely from last night, -,At Treeline,Soft Slab,-188420.12708923128,4701211.084109474
2735,6997f0af-5118-44c6-a934-26388c132707,2024-11-19, Estimated,-107.1917606,39.0348794, 1,TL, N,SS, N, R1, D1, Aspen, The Fridge, One small natural avalanche and a small skier-triggered avalanche triggered from about 10 feet away all avalanches isolated to the new snow., -,At Treeline,Soft Slab,-188325.92853612258,4699754.429642749
2737,4c7622da-2e71-439b-ba6d-9440ed3f9461,2024-11-19, Known,-107.8432848,37.8482908, 1,TL, N,SS, AS, R1, D1, Northern San Juan, -, On the descent I skied across the top of a small convexity where an open slope meets some dense trees. I triggered a small wind slab that broke at the convexity. The crown was between 4-6 inches deep around 20 feet wide and the soft wind slab broke into powder in the debris. This was on a north-facing slope at 11000'. , -,At Treeline,Soft Slab,-260853.27071961912,4531796.330341675
2739,ed6f5778-be81-4d9f-ad96-e18761b8fc96,2024-11-17, Estimated,-105.6468461,40.2714872, 1,>TL, N,SS, N, R2, D2, Front Range, -, -, -,Above Treeline,Soft Slab,-16346.833076977917,4877846.8578060055
2740,7a955ad9-6d0c-4300-8a7b-30a5d7fe80d9,2024-11-17, Estimated,-105.9067249,40.5176602, 1,>TL, E,SS, N, R2, D2, Front Range, -, South Diamond Peak. , -,Above Treeline,Soft Slab,-45276.40876094555,4913688.779633058
2741,cd9bb567-c47a-4511-953c-a7d7bacaeef2,2024-11-16, Known,-106.1500186,39.4332643, 1,>TL, NE,HS, AS, R1, D1, Vail & Summit County, Humbug Gulch, I triggered a very small avalanche on a small test slope by stomping my ski onto the hard snow. Cracks shot out from my ski and remotely triggered a small 20 ft vertical slope., -,Above Treeline,Hard Slab,-72359.73955815574,4756779.235025378
2742,e1650876-abac-4a3b-833b-9f1bbaca0f07,2024-11-15, Estimated,-107.5453934,37.8489753, 1,>TL, NW,HS, N, R2, D1.5, Northern San Juan, Middle Mountain, Hard slab debris seen from a northwest-facing steep rocky cross-loaded terrain feature. Likely failed naturally during the wind event that occurred November 15/16th., -,Above Treeline,Hard Slab,-227692.15175992178,4531892.4245856535
2743,aa37f5f5-5c5e-45b5-bc36-e92b0747c0a3,2024-11-15, Estimated,-106.2027714,39.5587567, 2,>TL, N,HS, AS, R1, D2, Vail & Summit County, -, -, -,Above Treeline,Hard Slab,-78232.15439207613,4774810.178147571
2744,9fc32f29-051a-40b2-b127-d693673cf8b0,2024-11-15, Estimated,-107.7062289,37.8774296, 1,>TL, N,SS, N, R1, D1.5, Northern San Juan, US Basin , -, Looked to be triggered by wind-loading. ,Above Treeline,Soft Slab,-245596.27772140456,4535887.807336452
2745,71d5cf11-bfbd-4adc-a26c-7da66103e5d6,2024-11-15, Estimated,-107.7066178,37.9066818, 1,>TL, N,SS, N, R1, D1, Northern San Juan, -, This is a small wind slab avalanche sent to me via social media (thanks for sharing!). This avalanche failed around 12600' lower down on an above treeline slope. The crown appears to be one to two feet thick and broke along several shallowly-buried rock outcrops. , -,Above Treeline,Soft Slab,-245639.56987137417,4539996.84915096
2746,512ec252-8469-4fcb-aa47-55911a1cd8fb,2024-11-15, Estimated,-107.1441195,39.0019564, 1,>TL, NW,SS, N, R1, D1, Aspen, The Blob Yule Creek, One Wind Slab likely from one or two days ago further up Yule Creek in steep cliffy terrain., -,Above Treeline,Soft Slab,-183022.54554329198,4695056.376878011
2747,331c37cd-9a21-4e44-b67a-a18f195997f0,2024-11-15, Estimated,-107.1035017,38.9528684, 1,>TL, N,HS, N, R1, D1.5, Gunnison, Richmond Mountain, Small windslab over exposed terrain guessing it ran during the wind event on Friday., -,Above Treeline,Hard Slab,-178500.99273014863,4688055.698483124
2748,429e6637-c519-46b1-8f94-1b0d35a7a334,2024-11-15, Estimated,-106.1797082,39.339704, 1,>TL, NE,SS, N, R1, D2, Sawatch, -, A recent large natural avalanche was observed. This avalanche may have been triggered by cornice fall from recent drifting. Although the avalanche was relatively narrow the debris pile was deep enough to bury a person., -,Above Treeline,Soft Slab,-75664.77071201196,4743357.639957805
2749,909a11cd-ce00-4c12-a9d3-812a3374c5c0,2024-11-15, Estimated,-107.6958189,37.9046962, 1,>TL, NW,HS, N, R1, D1.5, Northern San Juan, Red 3 Hollywood, -, Likely ran late on November 15 or early on the 16th.,Above Treeline,Hard Slab,-244437.44182224607,4539717.880824949
2750,b45b6c57-3d24-4fc7-8ad1-7c297e6877d4,2024-11-15, Estimated,-107.0474848,39.0010656, 1,TL, NE,SS, N, R1, D1, Aspen, -, I saw one natural avalanche on Purple Ridge that ran yesterday at 11600 feet.  Near Elko Park around 10500 feet in a cold-sink steep creek wall I could push tiny amounts of faceted surface snow as a loose sluff., -,At Treeline,Soft Slab,-172265.21994633094,4694929.291955421
2751,c2ae45bf-745c-4959-972a-013eef78af89,2024-11-15, Estimated,-105.7972495,39.8185064, 1,>TL, E,-, -, R1, D1, Front Range, -, -, -,Above Treeline,Unreported,-33089.66297855615,4812236.220713401
2752,d6df59e9-b769-4ca4-8a0d-63f355ba9e4f,2024-11-15, Estimated,-106.1407949,39.4257589, 2,>TL, N,-, N, -, D1, Vail & Summit County, -, -, -,Above Treeline,Unreported,-71332.96197092683,4755701.88611629
2753,15a985f1-50be-4474-909f-127715affa43,2024-11-15, Estimated,-106.2573791,39.3637685, 1,>TL, NE,-, N, R1, D2, Sawatch, -, Natural near Chicago Ridge, -,Above Treeline,Unreported,-84311.05574946714,4746808.055644971
2754,3026b19a-1edd-496a-80c6-da32268e2e63,2024-11-15, Estimated,-107.0495547,39.0039959, 1,TL, NW,SS, AS, -, D1, Aspen, Halloween Bowl, Group of three traversed out to NW facing Halloween Bowl. Strong downslope winds predominated on both the northern facing slopes along the traverse around to Halloween Bowl and within the bowl. Not sure if these winds were actually southeasterly or just strong downslope winds. Much snow was being transported mostly downslope but strong gusts upslope as well. Midway through the bowl regrouped at safe spot. No cracking whumpfing or other signs of instability presented. Snow surface was generally variable wind buff with a thin wind crust on the north and east aspects of the bowl. But we had found no significant consolidation while poking around the snowpack. Skier 1 poked out into the second pitch a wide gully with the plan of dropping across the west-facing terrain to enter the gut of the gully. Almost immediately and with very little pressure the skier triggered a windslab that ran ~200' to ~300' vertical feet. The skier had entered at about 29/30 degrees but the slope rolled over within 4-5 feet downhill into 33-35 degrees sustained for about 300 vertical feet. The slab ran most of this length but the pitch lessened and the mass came to a stop. It did not propogate all the way across the gully and did not entrain the more easterly facing side of the gully. Thankfully Skier 1 remained safely at the crown. Though a portion of slab cracked and broke a few feet above Skier 1 it was not steep enough to slide with the rest of the slab. Slab was about 25-30 cm. The bed surface below the crown was surprising we hadn't found anything that would suggest the presence of this layer. We failed to reevaluate the subtle change in aspect and given the significant wind loading we should have done so., -,At Treeline,Soft Slab,-172495.64016032327,4695347.345794527
2756,1915dac1-afcb-4c39-a27a-57fec020ac09,2024-11-15, Estimated,-106.6043705,39.3187369, 1,>TL, NE,SS, N, R1, D1.5, Aspen, Mount Nast Hunter-Fryingpan Wilderness Area, Observed one slab avalanche on a very wind-loaded slope from a distance., -,Above Treeline,Soft Slab,-122937.96170711286,4740352.311610177
2757,ba67acce-85c0-4963-be80-3143635ea579,2024-11-15, Estimated,-106.5758958,39.0693632, 1,>TL, E,SS, N, R1, D2, Sawatch, Graham Gulch, The avalanche was viewed from a distance so it is hard to know what it broke on. It looks like the avalanche broke widely around several terrain features and stepped into older snow layers. , -,Above Treeline,Soft Slab,-119768.17260262107,4704677.572280105
2758,5af0f892-1ddb-4bdf-ba30-6187f7d09fe1,2024-11-14, Estimated,-105.9347371,40.4783161, 1,TL, E,SS, N, R1, D1, Front Range, Seven Utes Mountain, A small natural Wind Slab avalanche off an east-facing slope on an east-facing slope, -,At Treeline,Soft Slab,-48394.712600945815,4907951.538586965
2759,953ebd26-6bf3-4c59-846a-65d6a40b36cd,2024-11-14, Estimated,-106.1310608,40.3268735, 1,>TL, SE,SS, N, R1, D1.5, Steamboat & Flat Tops, Parkview Mountain, -, -,Above Treeline,Soft Slab,-70249.36691559586,4885899.4077579
2760,c31668c8-159e-4915-a993-0c831e2c65ca,2024-11-14, Estimated,-106.2321244,39.3313644, -,>TL, NE,HS, N, R1, D1, Sawatch, -, -, -,Above Treeline,Hard Slab,-81499.71540533077,4742162.170987064
2761,3fb79fe0-a1a2-408b-bb43-a347c412af2d,2024-11-14, Known,-106.2058115,39.5608933, 1,>TL, NE,SS, N, R1, D1, Vail & Summit County, Uneva Peak, -, -,Above Treeline,Soft Slab,-78570.57677603627,4775117.452531422
2764,102f5b5c-e8fa-4a37-8dbd-cbcb80c43b54,2024-11-13, Estimated,-107.6340199,37.8663052, 1,>TL, NW,L, N, R1, D1, Northern San Juan, Velocity Basin  , -, -,Above Treeline,Loose,-237558.0086107128,4534325.6003721645
2765,242cd3de-eecd-4367-9903-98321e408d42,2024-11-13, Known,-107.7299903,37.8989686, 1,>TL, NE,SS, N, R1, D1, Northern San Juan, Small natural avalanche on the west side of Red Mountain Pass. , Small Wind Slab avalanche triggered by snow loose avalanche activity. , -,Above Treeline,Soft Slab,-248241.38466993862,4538913.219991314
2766,1956038f-cd0a-4459-b50f-70c3dd1e7fe8,2024-11-13, Estimated,-107.1008814,39.1005054, 1,>TL, NW,SS, N, R1, D1, Aspen, Steep northwest slopes northwest and above Mineral Point, Observed a few Loose Wet avalanches on steep south-facing terrain throughout the afternoon and one possibly Wind Slab avalanche on a northwest-facing slope (hard to tell if it was a slab from that far away but it looked like it had a small crown.), Not positive it was a slab but appears to be from a distance,Above Treeline,Soft Slab,-178209.30226842334,4709125.729435456
2767,47dd7e8f-c400-4e0c-b6ff-e7cbfebb7995,2024-11-12, Estimated,-107.7065925,37.83959, 1,>TL, NE,SS, N, R1, D1, Northern San Juan, Anvil Mountain, -, -,Above Treeline,Soft Slab,-245636.75348825674,4530574.937864807
2768,69bca070-e923-49ff-a223-df07c85f3d04,2024-11-12, Estimated,-106.1058539,39.4702648, 3,>TL, NE,SS, N, R1, D1, Vail & Summit County, -, -, -,Above Treeline,Soft Slab,-67443.34764311837,4762092.115010181
2769,d6cbfe73-682c-4cf9-815c-24ea469ca3f5,2024-11-12, Estimated,-107.6498854,37.8894797, 1,>TL, NE,SS, AS, R1, D1, Northern San Juan, South Fork Cement Creek, Released a small wind slab on an open northeast slope adjacent to ridgeline. Slope is about 38 degrees and is a typical loading area during prevailing southwest winds. Wind slab was about 2-3 inches deep slow moving and traveled about 600 feet down mountain without gouging any deeper than surface snow., -,Above Treeline,Soft Slab,-239324.14799189338,4537580.279421842
2770,e5128ffa-e948-4192-9242-709215adde7a,2024-11-12, Estimated,-107.0648878,38.9727107, 1,>TL, E,SS, N, R1, D1.5, Gunnison, Purple Ridge, Looking down the Ruby Range there were many small avalanche debris piles below steep terrain. I couldn't see any notable crowns as they had either already been blown over or the avalanche debris were from sluffs. We got up close to one wind slab avalanche on Purple Ridge that had produced a decent-sized debris pile and the crown on that avalanche had also already been blown back over. All natural avalanche activity looked to have occurred on Tuesday (11/12) during the first 3/4th of the storm., -,Above Treeline,Soft Slab,-174202.51304460596,4690884.916317677
2771,341691ef-fe65-42a0-8552-5bc2cd621cc1,2024-11-12, Estimated,-106.2346186,39.3699535, 1,>TL, E,SS, N, R1, D1, Sawatch, Chalk Creek near Fremont Pass, -, -,Above Treeline,Soft Slab,-81777.36847926847,4747695.066759505
2772,a5d2b5f8-47d6-445b-a37a-da01d53aa297,2024-11-10, Estimated,-107.8204615,37.8751725, 4,>TL, S,L, N, R1, D1, Northern San Juan, Above Ophir Pass road. , -, -,Above Treeline,Loose,-258312.59258539448,4535570.822032034
2773,9b08248a-9343-4134-9148-114ecd633578,2024-11-10, Known,-106.8170367,39.0043187, 1,>TL, E,WL, N, R1, D1, Aspen, Highlands Ridge above Conundrum Creek, A couple of Loose Wet avalanches were observed on southerly-facing slopes in the afternoon., The avalanche started at a southeast-facing cliff band and traveled several hundred vertical feet.,Above Treeline,Wet Loose,-146611.85480005364,4695393.3994091945
2775,d9d17a1d-f472-4aad-b6c3-6ffeb8b055a9,2024-11-10, Estimated,-107.8814206,37.7905433, 1,>TL, NE,SS, N, R2, D1, Northern San Juan, Sheep Chute, -, Maybe triggered by rockfall,Above Treeline,Soft Slab,-265098.52855661156,4523692.623483925
2776,d5bc4e6f-8abf-4107-ae48-64d33a2ed676,2024-11-10, Estimated,-106.1272865,39.4266691, 1,TL, NE,HS, N, R1, D1, Vail & Summit County, -, -, -,At Treeline,Hard Slab,-69829.2137614942,4755832.532877354
2778,3bd4e314-3a78-4bb7-b6ad-74ec6fd7c281,2024-11-09, Known,-107.7348595,37.9059686, 1,>TL, NE,SS, AS, R1, D1.5, Northern San Juan, Trico shoulder area. , -, -,Above Treeline,Soft Slab,-248783.42153450914,4539896.64672113
2779,c7b84e9f-f7c4-40e4-b265-58f2d4a9f140,2024-11-09, Estimated,-105.66717,40.3073043, 1,-, N,SS, AF, -, D1, Front Range, -, -, -,Unreported,Soft Slab,-18609.279275911,4883053.504313759
2780,74248e3e-f608-4e27-b404-1425b6db7f69,2024-11-09, Known,-105.8919894,39.6780086, -,TL, N,U, N, R1, D1, Front Range, Seven Sisters 1, -, Could not clearly see a crown line but there was debris in the track to mid-path.,At Treeline,Unreported,-43636.06040436025,4791974.972444839
2781,edb67fd1-072e-444c-bb2c-c89376feb804,2024-11-09, Estimated,-107.0835617,38.9806603, 1,>TL, E,SS, N, R1, D1, Gunnison, Purple Palace, Small Avalanche on a Wind Loaded East aspect off of Purple Ridge., -,Above Treeline,Soft Slab,-176281.28208373042,4692018.635621859
2782,d3b22a4a-cd2d-4856-b418-3f8da1e40010,2024-11-09, Estimated,-104.9122803,38.7833792, 1,<TL, N,L, N, R1, D1, Front Range, -, -, -,Below Treeline,Loose,65424.65773317552,4663921.507480597
2783,e53e6860-e8ec-4237-a822-b3e462f421d7,2024-11-09, Estimated,-107.1142365,38.9295091, 1,>TL, NE,HS, N, R1, D1, Gunnison, Little Silver Basin, A few small wind slabs probably ran during yesterday's wind event on cross-loaded northerly aspects., -,Above Treeline,Hard Slab,-179695.9851999159,4684726.031748628
2786,0bd8bd0f-5889-41c5-ae97-571d0dc45e41,2024-11-09, Estimated,-106.0751408,39.3673158, 1,TL, SE,SS, N, R1, D1.5, Vail & Summit County, -, -, Avalanche started as a Wind Slab but stepped down to the ground. ,At Treeline,Soft Slab,-64024.38099043649,4747316.77587575
2787,0f0dd48c-f8de-4f66-86f0-b6656c18e96d,2024-11-08, Estimated,-107.1428384,38.9997763, 1,>TL, N,SS, N, R1, D1, Aspen, Ant Peak, One small avalanche on a wind-loaded north-facing slope in extreme terrain above Yule Creek likely from yesterday or early today., -,Above Treeline,Soft Slab,-182879.93414363675,4694745.358361052
2788,45c358ff-a230-4add-8c65-ac8951be9dab,2024-11-07, Estimated,-107.0376817,39.00537, 1,TL, SW,WL, N, R1, D1, Gunnison, -, A fresh wet avalanche that ran today. Several soft slabs and sluffs that ran on the northern half of the compass between Tuesday and Wednesday AM. Some of them gained notable volume as they ran through large terrain but everything we saw remained small in size D1 to D1.5, -,At Treeline,Wet Loose,-171173.9438461346,4695543.388997572
2789,cb8e5302-e7c9-4bec-bbc0-834c89355b16,2024-11-07, Estimated,-106.0743252,39.3680124, 1,>TL, SW,SS, N, R1, D1, Vail & Summit County, Hoosier Pass near the base of North Star Mountain's east ridge., -, -,Above Treeline,Soft Slab,-63933.58881374509,4747416.678722078
2790,1e89f447-8bcd-443e-a2c3-3e5dad041fc0,2024-11-07, Known,-105.9415955,39.4690748, 1,TL, NE,HS, AS, R1, D1.5, Vail & Summit County, -, A recent remote-triggered avalanche on a northeast-facing near treeline slope, -,At Treeline,Hard Slab,-49158.18619660206,4761921.19930448
2791,af8c51f9-08b4-4644-b726-f02182857c3a,2024-11-07, Estimated,-107.807543,37.8467615, -,>TL, W,L, N, R1, D1, Northern San Juan, South Lookout Peak , We observed numerous small natural avalanches that released on steep westerly slopes above treeline. , Small natural releases out of steep rocky terrain. ,Above Treeline,Loose,-256874.511743583,4531581.641221363
2792,809ebbf9-0fb5-49f1-9605-995c94f90ac6,2024-11-06, Estimated,-107.1722925,39.0158675, 4,TL, N,L, N, R1, D1, Aspen, Mount Justice Yule 1, Several small Loose Dry avalanches on slopes steeper than 40 degrees likely triggered by snow falling off trees., -,At Treeline,Loose,-186158.7495574095,4697041.196750808
2793,45d96e89-b7e3-47cd-9a8b-6d24428c1f58,2024-11-06, Estimated,-107.6064493,37.7908305, -,TL, NE,SS, N, R2, D1.5, Northern San Juan, Shoulder of Hazleton Mountain/ Arrastra Basin, Natural release on a N/NE aspect NTL ~ 11600ft in a steep complex gully system. Thinking it failed at the old interface in the early hours of 11/6 during peak precip. , the slide seemed to ride on the old interface with no step-down behavior,At Treeline,Soft Slab,-234488.86345784692,4523732.910450019
2796,49ec2c2e-8d78-4241-8c45-eec22f894de5,2024-11-05, Estimated,-107.1211267,38.9072657, 1,>TL, S,SS, AF, R1, D1, Gunnison, Mt. Owen, We human triggered a couple of thin storm slabs both on southerly and northerly aspects above treeline. They were harmless in size. , -,Above Treeline,Soft Slab,-180462.99875537975,4681556.454255505
